Email,Company,City,Niche,Subject,Body
rentals@royalrestroomsatl.com,Royal Restrooms of Atlanta,Atlanta,luxury restroom trailers,Corporate Luxury Restroom Trailers leads in Atlanta,"Hey team,

I was reviewing the services for Royal Restrooms of Atlanta in Atlanta.

We recently launched The Reliant Network, a closed B2B commercial directory. Right now, we are routing all the incoming corporate quote requests for luxury restroom trailers in the Atlanta metro to a generic national fallback, because we don't have a local partner locked in yet.

We only allow one luxury restroom trailers contractor per city. It's a flat $299/mo to lock the Atlanta territory monopoly, and you keep 100% of the leads with zero per-lead fees.

Do you want to lock the Atlanta territory before we route these to a competitor? 

Best,
Alex
Lead Architect, Reliant Verified
https://www.reliantverified.com
"
events@peachtreerestrooms.com,Peachtree Luxury Restrooms & Suites,Atlanta,luxury restroom trailers,Corporate Luxury Restroom Trailers leads in Atlanta,"Hey team,

I was reviewing the services for Peachtree Luxury Restrooms & Suites in Atlanta.

We recently launched The Reliant Network, a closed B2B commercial directory. Right now, we are routing all the incoming corporate quote requests for luxury restroom trailers in the Atlanta metro to a generic national fallback, because we don't have a local partner locked in yet.

We only allow one luxury restroom trailers contractor per city. It's a flat $299/mo to lock the Atlanta territory monopoly, and you keep 100% of the leads with zero per-lead fees.

Do you want to lock the Atlanta territory before we route these to a competitor? 

Best,
Alex
Lead Architect, Reliant Verified
https://www.reliantverified.com
"
info@blueridgeluxurysanitation.com,Blue Ridge Luxury Sanitation,Atlanta,luxury restroom trailers,Corporate Luxury Restroom Trailers leads in Atlanta,"Hey team,

I was reviewing the services for Blue Ridge Luxury Sanitation in Atlanta.

We recently launched The Reliant Network, a closed B2B commercial directory. Right now, we are routing all the incoming corporate quote requests for luxury restroom trailers in the Atlanta metro to a generic national fallback, because we don't have a local partner locked in yet.

We only allow one luxury restroom trailers contractor per city. It's a flat $299/mo to lock the Atlanta territory monopoly, and you keep 100% of the leads with zero per-lead fees.

Do you want to lock the Atlanta territory before we route these to a competitor? 

Best,
Alex
Lead Architect, Reliant Verified
https://www.reliantverified.com
"
concierge@buckheadblacktie.com,Buckhead Black-Tie Sanitation,Atlanta,luxury restroom trailers,Corporate Luxury Restroom Trailers leads in Atlanta,"Hey team,

I was reviewing the services for Buckhead Black-Tie Sanitation in Atlanta.

We recently launched The Reliant Network, a closed B2B commercial directory. Right now, we are routing all the incoming corporate quote requests for luxury restroom trailers in the Atlanta metro to a generic national fallback, because we don't have a local partner locked in yet.

We only allow one luxury restroom trailers contractor per city. It's a flat $299/mo to lock the Atlanta territory monopoly, and you keep 100% of the leads with zero per-lead fees.

Do you want to lock the Atlanta territory before we route these to a competitor? 

Best,
Alex
Lead Architect, Reliant Verified
https://www.reliantverified.com
"
dispatch@southernelegancetrailers.com,Southern Elegance Restroom Trailers,Atlanta,luxury restroom trailers,Corporate Luxury Restroom Trailers leads in Atlanta,"Hey team,

I was reviewing the services for Southern Elegance Restroom Trailers in Atlanta.

We recently launched The Reliant Network, a closed B2B commercial directory. Right now, we are routing all the incoming corporate quote requests for luxury restroom trailers in the Atlanta metro to a generic national fallback, because we don't have a local partner locked in yet.

We only allow one luxury restroom trailers contractor per city. It's a flat $299/mo to lock the Atlanta territory monopoly, and you keep 100% of the leads with zero per-lead fees.

Do you want to lock the Atlanta territory before we route these to a competitor? 

Best,
Alex
Lead Architect, Reliant Verified
https://www.reliantverified.com
"
vip@royalthronemobile.com,Royal Throne Mobile VIP Suites,Atlanta,luxury restroom trailers,Corporate Luxury Restroom Trailers leads in Atlanta,"Hey team,

I was reviewing the services for Royal Throne Mobile VIP Suites in Atlanta.

We recently launched The Reliant Network, a closed B2B commercial directory. Right now, we are routing all the incoming corporate quote requests for luxury restroom trailers in the Atlanta metro to a generic national fallback, because we don't have a local partner locked in yet.

We only allow one luxury restroom trailers contractor per city. It's a flat $299/mo to lock the Atlanta territory monopoly, and you keep 100% of the leads with zero per-lead fees.

Do you want to lock the Atlanta territory before we route these to a competitor? 

Best,
Alex
Lead Architect, Reliant Verified
https://www.reliantverified.com
"
dispatch@lonestarluxuryrestrooms.com,Lone Star Luxury Restroom Trailers,Dallas,luxury restroom trailers,Corporate Luxury Restroom Trailers leads in Dallas,"Hey team,

I was reviewing the services for Lone Star Luxury Restroom Trailers in Dallas.

We recently launched The Reliant Network, a closed B2B commercial directory. Right now, we are routing all the incoming corporate quote requests for luxury restroom trailers in the Dallas metro to a generic national fallback, because we don't have a local partner locked in yet.

We only allow one luxury restroom trailers contractor per city. It's a flat $299/mo to lock the Dallas territory monopoly, and you keep 100% of the leads with zero per-lead fees.

Do you want to lock the Dallas territory before we route these to a competitor? 

Best,
Alex
Lead Architect, Reliant Verified
https://www.reliantverified.com
"
info@prestigedfwrestrooms.com,Prestige Event Restrooms DFW,Dallas,luxury restroom trailers,Corporate Luxury Restroom Trailers leads in Dallas,"Hey team,

I was reviewing the services for Prestige Event Restrooms DFW in Dallas.

We recently launched The Reliant Network, a closed B2B commercial directory. Right now, we are routing all the incoming corporate quote requests for luxury restroom trailers in the Dallas metro to a generic national fallback, because we don't have a local partner locked in yet.

We only allow one luxury restroom trailers contractor per city. It's a flat $299/mo to lock the Dallas territory monopoly, and you keep 100% of the leads with zero per-lead fees.

Do you want to lock the Dallas territory before we route these to a competitor? 

Best,
Alex
Lead Architect, Reliant Verified
https://www.reliantverified.com
"
rentals@dallasviprestrooms.com,Dallas VIP Mobile Restrooms,Dallas,luxury restroom trailers,Corporate Luxury Restroom Trailers leads in Dallas,"Hey team,

I was reviewing the services for Dallas VIP Mobile Restrooms in Dallas.

We recently launched The Reliant Network, a closed B2B commercial directory. Right now, we are routing all the incoming corporate quote requests for luxury restroom trailers in the Dallas metro to a generic national fallback, because we don't have a local partner locked in yet.

We only allow one luxury restroom trailers contractor per city. It's a flat $299/mo to lock the Dallas territory monopoly, and you keep 100% of the leads with zero per-lead fees.

Do you want to lock the Dallas territory before we route these to a competitor? 

Best,
Alex
Lead Architect, Reliant Verified
https://www.reliantverified.com
"
vip@southbeachrestrooms.com,South Beach Luxury Restroom Suites,Miami,luxury restroom trailers,Corporate Luxury Restroom Trailers leads in Miami,"Hey team,

I was reviewing the services for South Beach Luxury Restroom Suites in Miami.

We recently launched The Reliant Network, a closed B2B commercial directory. Right now, we are routing all the incoming corporate quote requests for luxury restroom trailers in the Miami metro to a generic national fallback, because we don't have a local partner locked in yet.

We only allow one luxury restroom trailers contractor per city. It's a flat $299/mo to lock the Miami territory monopoly, and you keep 100% of the leads with zero per-lead fees.

Do you want to lock the Miami territory before we route these to a competitor? 

Best,
Alex
Lead Architect, Reliant Verified
https://www.reliantverified.com
"
reservations@miamigalarestrooms.com,Miami Gala Restroom Trailers,Miami,luxury restroom trailers,Corporate Luxury Restroom Trailers leads in Miami,"Hey team,

I was reviewing the services for Miami Gala Restroom Trailers in Miami.

We recently launched The Reliant Network, a closed B2B commercial directory. Right now, we are routing all the incoming corporate quote requests for luxury restroom trailers in the Miami metro to a generic national fallback, because we don't have a local partner locked in yet.

We only allow one luxury restroom trailers contractor per city. It's a flat $299/mo to lock the Miami territory monopoly, and you keep 100% of the leads with zero per-lead fees.

Do you want to lock the Miami territory before we route these to a competitor? 

Best,
Alex
Lead Architect, Reliant Verified
https://www.reliantverified.com
"
info@biscayneviprestrooms.com,Biscayne VIP Portable Restrooms,Miami,luxury restroom trailers,Corporate Luxury Restroom Trailers leads in Miami,"Hey team,

I was reviewing the services for Biscayne VIP Portable Restrooms in Miami.

We recently launched The Reliant Network, a closed B2B commercial directory. Right now, we are routing all the incoming corporate quote requests for luxury restroom trailers in the Miami metro to a generic national fallback, because we don't have a local partner locked in yet.

We only allow one luxury restroom trailers contractor per city. It's a flat $299/mo to lock the Miami territory monopoly, and you keep 100% of the leads with zero per-lead fees.

Do you want to lock the Miami territory before we route these to a competitor? 

Best,
Alex
Lead Architect, Reliant Verified
https://www.reliantverified.com
"
dispatch@hillcountryrestrooms.com,Hill Country Luxury Restroom Rentals,Austin,luxury restroom trailers,Corporate Luxury Restroom Trailers leads in Austin,"Hey team,

I was reviewing the services for Hill Country Luxury Restroom Rentals in Austin.

We recently launched The Reliant Network, a closed B2B commercial directory. Right now, we are routing all the incoming corporate quote requests for luxury restroom trailers in the Austin metro to a generic national fallback, because we don't have a local partner locked in yet.

We only allow one luxury restroom trailers contractor per city. It's a flat $299/mo to lock the Austin territory monopoly, and you keep 100% of the leads with zero per-lead fees.

Do you want to lock the Austin territory before we route these to a competitor? 

Best,
Alex
Lead Architect, Reliant Verified
https://www.reliantverified.com
"
rentals@austinvipeventsanitation.com,Austin VIP Event Sanitation,Austin,luxury restroom trailers,Corporate Luxury Restroom Trailers leads in Austin,"Hey team,

I was reviewing the services for Austin VIP Event Sanitation in Austin.

We recently launched The Reliant Network, a closed B2B commercial directory. Right now, we are routing all the incoming corporate quote requests for luxury restroom trailers in the Austin metro to a generic national fallback, because we don't have a local partner locked in yet.

We only allow one luxury restroom trailers contractor per city. It's a flat $299/mo to lock the Austin territory monopoly, and you keep 100% of the leads with zero per-lead fees.

Do you want to lock the Austin territory before we route these to a competitor? 

Best,
Alex
Lead Architect, Reliant Verified
https://www.reliantverified.com
"
studios@beverlyhillsrestrooms.com,Beverly Hills Luxury Restrooms & Honeywagons,Los Angeles,luxury restroom trailers,Corporate Luxury Restroom Trailers leads in Los Angeles,"Hey team,

I was reviewing the services for Beverly Hills Luxury Restrooms & Honeywagons in Los Angeles.

We recently launched The Reliant Network, a closed B2B commercial directory. Right now, we are routing all the incoming corporate quote requests for luxury restroom trailers in the Los Angeles metro to a generic national fallback, because we don't have a local partner locked in yet.

We only allow one luxury restroom trailers contractor per city. It's a flat $299/mo to lock the Los Angeles territory monopoly, and you keep 100% of the leads with zero per-lead fees.

Do you want to lock the Los Angeles territory before we route these to a competitor? 

Best,
Alex
Lead Architect, Reliant Verified
https://www.reliantverified.com
"
contact@sunsetviptrailersla.com,Sunset VIP Trailer Rentals LA,Los Angeles,luxury restroom trailers,Corporate Luxury Restroom Trailers leads in Los Angeles,"Hey team,

I was reviewing the services for Sunset VIP Trailer Rentals LA in Los Angeles.

We recently launched The Reliant Network, a closed B2B commercial directory. Right now, we are routing all the incoming corporate quote requests for luxury restroom trailers in the Los Angeles metro to a generic national fallback, because we don't have a local partner locked in yet.

We only allow one luxury restroom trailers contractor per city. It's a flat $299/mo to lock the Los Angeles territory monopoly, and you keep 100% of the leads with zero per-lead fees.

Do you want to lock the Los Angeles territory before we route these to a competitor? 

Best,
Alex
Lead Architect, Reliant Verified
https://www.reliantverified.com
"
rentals@windycityrestrooms.com,Windy City Luxury Restroom Suites,Chicago,luxury restroom trailers,Corporate Luxury Restroom Trailers leads in Chicago,"Hey team,

I was reviewing the services for Windy City Luxury Restroom Suites in Chicago.

We recently launched The Reliant Network, a closed B2B commercial directory. Right now, we are routing all the incoming corporate quote requests for luxury restroom trailers in the Chicago metro to a generic national fallback, because we don't have a local partner locked in yet.

We only allow one luxury restroom trailers contractor per city. It's a flat $299/mo to lock the Chicago territory monopoly, and you keep 100% of the leads with zero per-lead fees.

Do you want to lock the Chicago territory before we route these to a competitor? 

Best,
Alex
Lead Architect, Reliant Verified
https://www.reliantverified.com
"
dispatch@michiganavenuesanitation.com,Michigan Avenue Event Sanitation,Chicago,luxury restroom trailers,Corporate Luxury Restroom Trailers leads in Chicago,"Hey team,

I was reviewing the services for Michigan Avenue Event Sanitation in Chicago.

We recently launched The Reliant Network, a closed B2B commercial directory. Right now, we are routing all the incoming corporate quote requests for luxury restroom trailers in the Chicago metro to a generic national fallback, because we don't have a local partner locked in yet.

We only allow one luxury restroom trailers contractor per city. It's a flat $299/mo to lock the Chicago territory monopoly, and you keep 100% of the leads with zero per-lead fees.

Do you want to lock the Chicago territory before we route these to a competitor? 

Best,
Alex
Lead Architect, Reliant Verified
https://www.reliantverified.com
"
assessments@atlantaaginginplace.com,Atlanta Aging-in-Place & Accessibility Solutions,Atlanta,commercial accessibility modifications,Corporate Commercial Accessibility Modifications leads in Atlanta,"Hey team,

I was reviewing the services for Atlanta Aging-in-Place & Accessibility Solutions in Atlanta.

We recently launched The Reliant Network, a closed B2B commercial directory. Right now, we are routing all the incoming corporate quote requests for commercial accessibility modifications in the Atlanta metro to a generic national fallback, because we don't have a local partner locked in yet.

We only allow one commercial accessibility modifications contractor per city. It's a flat $299/mo to lock the Atlanta territory monopoly, and you keep 100% of the leads with zero per-lead fees.

Do you want to lock the Atlanta territory before we route these to a competitor? 

Best,
Alex
Lead Architect, Reliant Verified
https://www.reliantverified.com
"
contact@georgiaseniormods.com,Georgia Senior Home Modifications,Atlanta,commercial accessibility modifications,Corporate Commercial Accessibility Modifications leads in Atlanta,"Hey team,

I was reviewing the services for Georgia Senior Home Modifications in Atlanta.

We recently launched The Reliant Network, a closed B2B commercial directory. Right now, we are routing all the incoming corporate quote requests for commercial accessibility modifications in the Atlanta metro to a generic national fallback, because we don't have a local partner locked in yet.

We only allow one commercial accessibility modifications contractor per city. It's a flat $299/mo to lock the Atlanta territory monopoly, and you keep 100% of the leads with zero per-lead fees.

Do you want to lock the Atlanta territory before we route these to a competitor? 

Best,
Alex
Lead Architect, Reliant Verified
https://www.reliantverified.com
"
info@lonestarsenioraccessibility.com,Lone Star Senior Home Accessibility & Lifts,Dallas,commercial accessibility modifications,Corporate Commercial Accessibility Modifications leads in Dallas,"Hey team,

I was reviewing the services for Lone Star Senior Home Accessibility & Lifts in Dallas.

We recently launched The Reliant Network, a closed B2B commercial directory. Right now, we are routing all the incoming corporate quote requests for commercial accessibility modifications in the Dallas metro to a generic national fallback, because we don't have a local partner locked in yet.

We only allow one commercial accessibility modifications contractor per city. It's a flat $299/mo to lock the Dallas territory monopoly, and you keep 100% of the leads with zero per-lead fees.

Do you want to lock the Dallas territory before we route these to a competitor? 

Best,
Alex
Lead Architect, Reliant Verified
https://www.reliantverified.com
"
care@northtexasuniversalliving.com,North Texas Universal Living Pros,Dallas,commercial accessibility modifications,Corporate Commercial Accessibility Modifications leads in Dallas,"Hey team,

I was reviewing the services for North Texas Universal Living Pros in Dallas.

We recently launched The Reliant Network, a closed B2B commercial directory. Right now, we are routing all the incoming corporate quote requests for commercial accessibility modifications in the Dallas metro to a generic national fallback, because we don't have a local partner locked in yet.

We only allow one commercial accessibility modifications contractor per city. It's a flat $299/mo to lock the Dallas territory monopoly, and you keep 100% of the leads with zero per-lead fees.

Do you want to lock the Dallas territory before we route these to a competitor? 

Best,
Alex
Lead Architect, Reliant Verified
https://www.reliantverified.com
"
safety@biscayneseniorsafety.com,Biscayne Senior Safety & Accessible Living,Miami,commercial accessibility modifications,Corporate Commercial Accessibility Modifications leads in Miami,"Hey team,

I was reviewing the services for Biscayne Senior Safety & Accessible Living in Miami.

We recently launched The Reliant Network, a closed B2B commercial directory. Right now, we are routing all the incoming corporate quote requests for commercial accessibility modifications in the Miami metro to a generic national fallback, because we don't have a local partner locked in yet.

We only allow one commercial accessibility modifications contractor per city. It's a flat $299/mo to lock the Miami territory monopoly, and you keep 100% of the leads with zero per-lead fees.

Do you want to lock the Miami territory before we route these to a competitor? 

Best,
Alex
Lead Architect, Reliant Verified
https://www.reliantverified.com
"
hello@capitalcityseniormods.com,Capital City Senior Living Remodeling,Austin,commercial accessibility modifications,Corporate Commercial Accessibility Modifications leads in Austin,"Hey team,

I was reviewing the services for Capital City Senior Living Remodeling in Austin.

We recently launched The Reliant Network, a closed B2B commercial directory. Right now, we are routing all the incoming corporate quote requests for commercial accessibility modifications in the Austin metro to a generic national fallback, because we don't have a local partner locked in yet.

We only allow one commercial accessibility modifications contractor per city. It's a flat $299/mo to lock the Austin territory monopoly, and you keep 100% of the leads with zero per-lead fees.

Do you want to lock the Austin territory before we route these to a competitor? 

Best,
Alex
Lead Architect, Reliant Verified
https://www.reliantverified.com
"
design@caseniorretrofits.com,California Senior Home Retrofits,Los Angeles,commercial accessibility modifications,Corporate Commercial Accessibility Modifications leads in Los Angeles,"Hey team,

I was reviewing the services for California Senior Home Retrofits in Los Angeles.

We recently launched The Reliant Network, a closed B2B commercial directory. Right now, we are routing all the incoming corporate quote requests for commercial accessibility modifications in the Los Angeles metro to a generic national fallback, because we don't have a local partner locked in yet.

We only allow one commercial accessibility modifications contractor per city. It's a flat $299/mo to lock the Los Angeles territory monopoly, and you keep 100% of the leads with zero per-lead fees.

Do you want to lock the Los Angeles territory before we route these to a competitor? 

Best,
Alex
Lead Architect, Reliant Verified
https://www.reliantverified.com
"
info@midwestsenioraccess.com,Midwest Senior Accessibility Solutions,Chicago,commercial accessibility modifications,Corporate Commercial Accessibility Modifications leads in Chicago,"Hey team,

I was reviewing the services for Midwest Senior Accessibility Solutions in Chicago.

We recently launched The Reliant Network, a closed B2B commercial directory. Right now, we are routing all the incoming corporate quote requests for commercial accessibility modifications in the Chicago metro to a generic national fallback, because we don't have a local partner locked in yet.

We only allow one commercial accessibility modifications contractor per city. It's a flat $299/mo to lock the Chicago territory monopoly, and you keep 100% of the leads with zero per-lead fees.

Do you want to lock the Chicago territory before we route these to a competitor? 

Best,
Alex
Lead Architect, Reliant Verified
https://www.reliantverified.com
"
estimates@bayoucityseniormods.com,Bayou City Senior Home Modifications,Houston,commercial accessibility modifications,Corporate Commercial Accessibility Modifications leads in Houston,"Hey team,

I was reviewing the services for Bayou City Senior Home Modifications in Houston.

We recently launched The Reliant Network, a closed B2B commercial directory. Right now, we are routing all the incoming corporate quote requests for commercial accessibility modifications in the Houston metro to a generic national fallback, because we don't have a local partner locked in yet.

We only allow one commercial accessibility modifications contractor per city. It's a flat $299/mo to lock the Houston territory monopoly, and you keep 100% of the leads with zero per-lead fees.

Do you want to lock the Houston territory before we route these to a competitor? 

Best,
Alex
Lead Architect, Reliant Verified
https://www.reliantverified.com
"
service@desertsunaccessibility.com,Desert Sun Accessible Home Pros,Phoenix,commercial accessibility modifications,Corporate Commercial Accessibility Modifications leads in Phoenix,"Hey team,

I was reviewing the services for Desert Sun Accessible Home Pros in Phoenix.

We recently launched The Reliant Network, a closed B2B commercial directory. Right now, we are routing all the incoming corporate quote requests for commercial accessibility modifications in the Phoenix metro to a generic national fallback, because we don't have a local partner locked in yet.

We only allow one commercial accessibility modifications contractor per city. It's a flat $299/mo to lock the Phoenix territory monopoly, and you keep 100% of the leads with zero per-lead fees.

Do you want to lock the Phoenix territory before we route these to a competitor? 

Best,
Alex
Lead Architect, Reliant Verified
https://www.reliantverified.com
"
consult@milehighseniorsafety.com,Mile High Senior Safety & Accessibility,Denver,commercial accessibility modifications,Corporate Commercial Accessibility Modifications leads in Denver,"Hey team,

I was reviewing the services for Mile High Senior Safety & Accessibility in Denver.

We recently launched The Reliant Network, a closed B2B commercial directory. Right now, we are routing all the incoming corporate quote requests for commercial accessibility modifications in the Denver metro to a generic national fallback, because we don't have a local partner locked in yet.

We only allow one commercial accessibility modifications contractor per city. It's a flat $299/mo to lock the Denver territory monopoly, and you keep 100% of the leads with zero per-lead fees.

Do you want to lock the Denver territory before we route these to a competitor? 

Best,
Alex
Lead Architect, Reliant Verified
https://www.reliantverified.com
"
contact@suncoastseniormods.com,Suncoast Mobility & Home Remodeling,Tampa,commercial accessibility modifications,Corporate Commercial Accessibility Modifications leads in Tampa,"Hey team,

I was reviewing the services for Suncoast Mobility & Home Remodeling in Tampa.

We recently launched The Reliant Network, a closed B2B commercial directory. Right now, we are routing all the incoming corporate quote requests for commercial accessibility modifications in the Tampa metro to a generic national fallback, because we don't have a local partner locked in yet.

We only allow one commercial accessibility modifications contractor per city. It's a flat $299/mo to lock the Tampa territory monopoly, and you keep 100% of the leads with zero per-lead fees.

Do you want to lock the Tampa territory before we route these to a competitor? 

Best,
Alex
Lead Architect, Reliant Verified
https://www.reliantverified.com
"
dispatch@arcticshieldcold.com,ArcticShield Mobile Reefer & Cold Storage,Atlanta,commercial cold storage,Corporate Commercial Cold Storage leads in Atlanta,"Hey team,

I was reviewing the services for ArcticShield Mobile Reefer & Cold Storage in Atlanta.

We recently launched The Reliant Network, a closed B2B commercial directory. Right now, we are routing all the incoming corporate quote requests for commercial cold storage in the Atlanta metro to a generic national fallback, because we don't have a local partner locked in yet.

We only allow one commercial cold storage contractor per city. It's a flat $299/mo to lock the Atlanta territory monopoly, and you keep 100% of the leads with zero per-lead fees.

Do you want to lock the Atlanta territory before we route these to a competitor? 

Best,
Alex
Lead Architect, Reliant Verified
https://www.reliantverified.com
"
dispatch@lonestarcoldstorage.com,Lone Star Industrial Portable Freezers,Dallas,commercial cold storage,Corporate Commercial Cold Storage leads in Dallas,"Hey team,

I was reviewing the services for Lone Star Industrial Portable Freezers in Dallas.

We recently launched The Reliant Network, a closed B2B commercial directory. Right now, we are routing all the incoming corporate quote requests for commercial cold storage in the Dallas metro to a generic national fallback, because we don't have a local partner locked in yet.

We only allow one commercial cold storage contractor per city. It's a flat $299/mo to lock the Dallas territory monopoly, and you keep 100% of the leads with zero per-lead fees.

Do you want to lock the Dallas territory before we route these to a competitor? 

Best,
Alex
Lead Architect, Reliant Verified
https://www.reliantverified.com
"
rentals@biscaynebayreefers.com,Biscayne Bay Mobile Refrigeration Solutions,Miami,commercial cold storage,Corporate Commercial Cold Storage leads in Miami,"Hey team,

I was reviewing the services for Biscayne Bay Mobile Refrigeration Solutions in Miami.

We recently launched The Reliant Network, a closed B2B commercial directory. Right now, we are routing all the incoming corporate quote requests for commercial cold storage in the Miami metro to a generic national fallback, because we don't have a local partner locked in yet.

We only allow one commercial cold storage contractor per city. It's a flat $299/mo to lock the Miami territory monopoly, and you keep 100% of the leads with zero per-lead fees.

Do you want to lock the Miami territory before we route these to a competitor? 

Best,
Alex
Lead Architect, Reliant Verified
https://www.reliantverified.com
"
orders@austinreeferrentals.com,Capital City Commercial Reefer Rentals,Austin,commercial cold storage,Corporate Commercial Cold Storage leads in Austin,"Hey team,

I was reviewing the services for Capital City Commercial Reefer Rentals in Austin.

We recently launched The Reliant Network, a closed B2B commercial directory. Right now, we are routing all the incoming corporate quote requests for commercial cold storage in the Austin metro to a generic national fallback, because we don't have a local partner locked in yet.

We only allow one commercial cold storage contractor per city. It's a flat $299/mo to lock the Austin territory monopoly, and you keep 100% of the leads with zero per-lead fees.

Do you want to lock the Austin territory before we route these to a competitor? 

Best,
Alex
Lead Architect, Reliant Verified
https://www.reliantverified.com
"
logistics@pacificcoldchain.com,Pacific Cold Chain Mobile Refrigeration,Los Angeles,commercial cold storage,Corporate Commercial Cold Storage leads in Los Angeles,"Hey team,

I was reviewing the services for Pacific Cold Chain Mobile Refrigeration in Los Angeles.

We recently launched The Reliant Network, a closed B2B commercial directory. Right now, we are routing all the incoming corporate quote requests for commercial cold storage in the Los Angeles metro to a generic national fallback, because we don't have a local partner locked in yet.

We only allow one commercial cold storage contractor per city. It's a flat $299/mo to lock the Los Angeles territory monopoly, and you keep 100% of the leads with zero per-lead fees.

Do you want to lock the Los Angeles territory before we route these to a competitor? 

Best,
Alex
Lead Architect, Reliant Verified
https://www.reliantverified.com
"
dispatch@greatlakescoldstorage.com,Great Lakes Commercial Cold Trailers,Chicago,commercial cold storage,Corporate Commercial Cold Storage leads in Chicago,"Hey team,

I was reviewing the services for Great Lakes Commercial Cold Trailers in Chicago.

We recently launched The Reliant Network, a closed B2B commercial directory. Right now, we are routing all the incoming corporate quote requests for commercial cold storage in the Chicago metro to a generic national fallback, because we don't have a local partner locked in yet.

We only allow one commercial cold storage contractor per city. It's a flat $299/mo to lock the Chicago territory monopoly, and you keep 100% of the leads with zero per-lead fees.

Do you want to lock the Chicago territory before we route these to a competitor? 

Best,
Alex
Lead Architect, Reliant Verified
https://www.reliantverified.com
"
service@gulfcoastreefers.com,Gulf Coast Industrial Reefer Services,Houston,commercial cold storage,Corporate Commercial Cold Storage leads in Houston,"Hey team,

I was reviewing the services for Gulf Coast Industrial Reefer Services in Houston.

We recently launched The Reliant Network, a closed B2B commercial directory. Right now, we are routing all the incoming corporate quote requests for commercial cold storage in the Houston metro to a generic national fallback, because we don't have a local partner locked in yet.

We only allow one commercial cold storage contractor per city. It's a flat $299/mo to lock the Houston territory monopoly, and you keep 100% of the leads with zero per-lead fees.

Do you want to lock the Houston territory before we route these to a competitor? 

Best,
Alex
Lead Architect, Reliant Verified
https://www.reliantverified.com
"
rentals@desertfroststorage.com,Desert Frost Mobile Cold Storage Solutions,Phoenix,commercial cold storage,Corporate Commercial Cold Storage leads in Phoenix,"Hey team,

I was reviewing the services for Desert Frost Mobile Cold Storage Solutions in Phoenix.

We recently launched The Reliant Network, a closed B2B commercial directory. Right now, we are routing all the incoming corporate quote requests for commercial cold storage in the Phoenix metro to a generic national fallback, because we don't have a local partner locked in yet.

We only allow one commercial cold storage contractor per city. It's a flat $299/mo to lock the Phoenix territory monopoly, and you keep 100% of the leads with zero per-lead fees.

Do you want to lock the Phoenix territory before we route these to a competitor? 

Best,
Alex
Lead Architect, Reliant Verified
https://www.reliantverified.com
"
orders@rockymountaincold.com,Rocky Mountain Portable Cold Storage,Denver,commercial cold storage,Corporate Commercial Cold Storage leads in Denver,"Hey team,

I was reviewing the services for Rocky Mountain Portable Cold Storage in Denver.

We recently launched The Reliant Network, a closed B2B commercial directory. Right now, we are routing all the incoming corporate quote requests for commercial cold storage in the Denver metro to a generic national fallback, because we don't have a local partner locked in yet.

We only allow one commercial cold storage contractor per city. It's a flat $299/mo to lock the Denver territory monopoly, and you keep 100% of the leads with zero per-lead fees.

Do you want to lock the Denver territory before we route these to a competitor? 

Best,
Alex
Lead Architect, Reliant Verified
https://www.reliantverified.com
"
dispatch@sunbeltmobilereefer.com,Sunbelt Industrial Mobile Refrigeration,Tampa,commercial cold storage,Corporate Commercial Cold Storage leads in Tampa,"Hey team,

I was reviewing the services for Sunbelt Industrial Mobile Refrigeration in Tampa.

We recently launched The Reliant Network, a closed B2B commercial directory. Right now, we are routing all the incoming corporate quote requests for commercial cold storage in the Tampa metro to a generic national fallback, because we don't have a local partner locked in yet.

We only allow one commercial cold storage contractor per city. It's a flat $299/mo to lock the Tampa territory monopoly, and you keep 100% of the leads with zero per-lead fees.

Do you want to lock the Tampa territory before we route these to a competitor? 

Best,
Alex
Lead Architect, Reliant Verified
https://www.reliantverified.com
"
dispatch@titancranerigging.com,Titan Heavy Crane & Rigging Services,Atlanta,crane and rigging,Corporate Crane And Rigging leads in Atlanta,"Hey team,

I was reviewing the services for Titan Heavy Crane & Rigging Services in Atlanta.

We recently launched The Reliant Network, a closed B2B commercial directory. Right now, we are routing all the incoming corporate quote requests for crane and rigging in the Atlanta metro to a generic national fallback, because we don't have a local partner locked in yet.

We only allow one crane and rigging contractor per city. It's a flat $299/mo to lock the Atlanta territory monopoly, and you keep 100% of the leads with zero per-lead fees.

Do you want to lock the Atlanta territory before we route these to a competitor? 

Best,
Alex
Lead Architect, Reliant Verified
https://www.reliantverified.com
"
projects@lonestarcranes.com,Lone Star Industrial Rigging & Crane Hire,Dallas,crane and rigging,Corporate Crane And Rigging leads in Dallas,"Hey team,

I was reviewing the services for Lone Star Industrial Rigging & Crane Hire in Dallas.

We recently launched The Reliant Network, a closed B2B commercial directory. Right now, we are routing all the incoming corporate quote requests for crane and rigging in the Dallas metro to a generic national fallback, because we don't have a local partner locked in yet.

We only allow one crane and rigging contractor per city. It's a flat $299/mo to lock the Dallas territory monopoly, and you keep 100% of the leads with zero per-lead fees.

Do you want to lock the Dallas territory before we route these to a competitor? 

Best,
Alex
Lead Architect, Reliant Verified
https://www.reliantverified.com
"
dispatch@capitalcitycranes.com,Capital City Crane & Heavy Rigging Operators,Austin,crane and rigging,Corporate Crane And Rigging leads in Austin,"Hey team,

I was reviewing the services for Capital City Crane & Heavy Rigging Operators in Austin.

We recently launched The Reliant Network, a closed B2B commercial directory. Right now, we are routing all the incoming corporate quote requests for crane and rigging in the Austin metro to a generic national fallback, because we don't have a local partner locked in yet.

We only allow one crane and rigging contractor per city. It's a flat $299/mo to lock the Austin territory monopoly, and you keep 100% of the leads with zero per-lead fees.

Do you want to lock the Austin territory before we route these to a competitor? 

Best,
Alex
Lead Architect, Reliant Verified
https://www.reliantverified.com
"
dispatch@southfloridacranes.com,South Florida Heavy Lift & All-Terrain Cranes,Miami,crane and rigging,Corporate Crane And Rigging leads in Miami,"Hey team,

I was reviewing the services for South Florida Heavy Lift & All-Terrain Cranes in Miami.

We recently launched The Reliant Network, a closed B2B commercial directory. Right now, we are routing all the incoming corporate quote requests for crane and rigging in the Miami metro to a generic national fallback, because we don't have a local partner locked in yet.

We only allow one crane and rigging contractor per city. It's a flat $299/mo to lock the Miami territory monopoly, and you keep 100% of the leads with zero per-lead fees.

Do you want to lock the Miami territory before we route these to a competitor? 

Best,
Alex
Lead Architect, Reliant Verified
https://www.reliantverified.com
"
ops@socalcranes.com,SoCal All-Terrain Mobile Crane Hire,Los Angeles,crane and rigging,Corporate Crane And Rigging leads in Los Angeles,"Hey team,

I was reviewing the services for SoCal All-Terrain Mobile Crane Hire in Los Angeles.

We recently launched The Reliant Network, a closed B2B commercial directory. Right now, we are routing all the incoming corporate quote requests for crane and rigging in the Los Angeles metro to a generic national fallback, because we don't have a local partner locked in yet.

We only allow one crane and rigging contractor per city. It's a flat $299/mo to lock the Los Angeles territory monopoly, and you keep 100% of the leads with zero per-lead fees.

Do you want to lock the Los Angeles territory before we route these to a competitor? 

Best,
Alex
Lead Architect, Reliant Verified
https://www.reliantverified.com
"
dispatch@midwestcranerigging.com,Midwest Heavy Rigging & Crane Services,Chicago,crane and rigging,Corporate Crane And Rigging leads in Chicago,"Hey team,

I was reviewing the services for Midwest Heavy Rigging & Crane Services in Chicago.

We recently launched The Reliant Network, a closed B2B commercial directory. Right now, we are routing all the incoming corporate quote requests for crane and rigging in the Chicago metro to a generic national fallback, because we don't have a local partner locked in yet.

We only allow one crane and rigging contractor per city. It's a flat $299/mo to lock the Chicago territory monopoly, and you keep 100% of the leads with zero per-lead fees.

Do you want to lock the Chicago territory before we route these to a competitor? 

Best,
Alex
Lead Architect, Reliant Verified
https://www.reliantverified.com
"
rigging@bayoucitycranes.com,Bayou City Heavy Lift & Industrial Cranes,Houston,crane and rigging,Corporate Crane And Rigging leads in Houston,"Hey team,

I was reviewing the services for Bayou City Heavy Lift & Industrial Cranes in Houston.

We recently launched The Reliant Network, a closed B2B commercial directory. Right now, we are routing all the incoming corporate quote requests for crane and rigging in the Houston metro to a generic national fallback, because we don't have a local partner locked in yet.

We only allow one crane and rigging contractor per city. It's a flat $299/mo to lock the Houston territory monopoly, and you keep 100% of the leads with zero per-lead fees.

Do you want to lock the Houston territory before we route these to a competitor? 

Best,
Alex
Lead Architect, Reliant Verified
https://www.reliantverified.com
"
quotes@valleycranedispatch.com,Valley All-Terrain Crane Dispatch,Phoenix,crane and rigging,Corporate Crane And Rigging leads in Phoenix,"Hey team,

I was reviewing the services for Valley All-Terrain Crane Dispatch in Phoenix.

We recently launched The Reliant Network, a closed B2B commercial directory. Right now, we are routing all the incoming corporate quote requests for crane and rigging in the Phoenix metro to a generic national fallback, because we don't have a local partner locked in yet.

We only allow one crane and rigging contractor per city. It's a flat $299/mo to lock the Phoenix territory monopoly, and you keep 100% of the leads with zero per-lead fees.

Do you want to lock the Phoenix territory before we route these to a competitor? 

Best,
Alex
Lead Architect, Reliant Verified
https://www.reliantverified.com
"
dispatch@highaltitudecranes.com,High Altitude Mobile Crane & Rigging,Denver,crane and rigging,Corporate Crane And Rigging leads in Denver,"Hey team,

I was reviewing the services for High Altitude Mobile Crane & Rigging in Denver.

We recently launched The Reliant Network, a closed B2B commercial directory. Right now, we are routing all the incoming corporate quote requests for crane and rigging in the Denver metro to a generic national fallback, because we don't have a local partner locked in yet.

We only allow one crane and rigging contractor per city. It's a flat $299/mo to lock the Denver territory monopoly, and you keep 100% of the leads with zero per-lead fees.

Do you want to lock the Denver territory before we route these to a competitor? 

Best,
Alex
Lead Architect, Reliant Verified
https://www.reliantverified.com
"
contact@nwheavycranes.com,Northwest Heavy Rigging & Crane Solutions,Seattle,crane and rigging,Corporate Crane And Rigging leads in Seattle,"Hey team,

I was reviewing the services for Northwest Heavy Rigging & Crane Solutions in Seattle.

We recently launched The Reliant Network, a closed B2B commercial directory. Right now, we are routing all the incoming corporate quote requests for crane and rigging in the Seattle metro to a generic national fallback, because we don't have a local partner locked in yet.

We only allow one crane and rigging contractor per city. It's a flat $299/mo to lock the Seattle territory monopoly, and you keep 100% of the leads with zero per-lead fees.

Do you want to lock the Seattle territory before we route these to a competitor? 

Best,
Alex
Lead Architect, Reliant Verified
https://www.reliantverified.com
"
advisors@oasissenioratlanta.com,Oasis Senior Advisors Atlanta,Atlanta,senior care logistics,Corporate Senior Care Logistics leads in Atlanta,"Hey team,

I was reviewing the services for Oasis Senior Advisors Atlanta in Atlanta.

We recently launched The Reliant Network, a closed B2B commercial directory. Right now, we are routing all the incoming corporate quote requests for senior care logistics in the Atlanta metro to a generic national fallback, because we don't have a local partner locked in yet.

We only allow one senior care logistics contractor per city. It's a flat $299/mo to lock the Atlanta territory monopoly, and you keep 100% of the leads with zero per-lead fees.

Do you want to lock the Atlanta territory before we route these to a competitor? 

Best,
Alex
Lead Architect, Reliant Verified
https://www.reliantverified.com
"
care@dallaseldercareconsultants.com,Dallas Eldercare Consultants,Dallas,senior care logistics,Corporate Senior Care Logistics leads in Dallas,"Hey team,

I was reviewing the services for Dallas Eldercare Consultants in Dallas.

We recently launched The Reliant Network, a closed B2B commercial directory. Right now, we are routing all the incoming corporate quote requests for senior care logistics in the Dallas metro to a generic national fallback, because we don't have a local partner locked in yet.

We only allow one senior care logistics contractor per city. It's a flat $299/mo to lock the Dallas territory monopoly, and you keep 100% of the leads with zero per-lead fees.

Do you want to lock the Dallas territory before we route these to a competitor? 

Best,
Alex
Lead Architect, Reliant Verified
https://www.reliantverified.com
"
help@southfloridaseniornav.com,South Florida Senior Living Navigators,Miami,senior care logistics,Corporate Senior Care Logistics leads in Miami,"Hey team,

I was reviewing the services for South Florida Senior Living Navigators in Miami.

We recently launched The Reliant Network, a closed B2B commercial directory. Right now, we are routing all the incoming corporate quote requests for senior care logistics in the Miami metro to a generic national fallback, because we don't have a local partner locked in yet.

We only allow one senior care logistics contractor per city. It's a flat $299/mo to lock the Miami territory monopoly, and you keep 100% of the leads with zero per-lead fees.

Do you want to lock the Miami territory before we route these to a competitor? 

Best,
Alex
Lead Architect, Reliant Verified
https://www.reliantverified.com
"
guidance@austinsenioradvisors.com,Austin Senior Living Advisors,Austin,senior care logistics,Corporate Senior Care Logistics leads in Austin,"Hey team,

I was reviewing the services for Austin Senior Living Advisors in Austin.

We recently launched The Reliant Network, a closed B2B commercial directory. Right now, we are routing all the incoming corporate quote requests for senior care logistics in the Austin metro to a generic national fallback, because we don't have a local partner locked in yet.

We only allow one senior care logistics contractor per city. It's a flat $299/mo to lock the Austin territory monopoly, and you keep 100% of the leads with zero per-lead fees.

Do you want to lock the Austin territory before we route these to a competitor? 

Best,
Alex
Lead Architect, Reliant Verified
https://www.reliantverified.com
"
info@laeldercareplacement.com,Los Angeles Elder Care Placement Partners,Los Angeles,senior care logistics,Corporate Senior Care Logistics leads in Los Angeles,"Hey team,

I was reviewing the services for Los Angeles Elder Care Placement Partners in Los Angeles.

We recently launched The Reliant Network, a closed B2B commercial directory. Right now, we are routing all the incoming corporate quote requests for senior care logistics in the Los Angeles metro to a generic national fallback, because we don't have a local partner locked in yet.

We only allow one senior care logistics contractor per city. It's a flat $299/mo to lock the Los Angeles territory monopoly, and you keep 100% of the leads with zero per-lead fees.

Do you want to lock the Los Angeles territory before we route these to a competitor? 

Best,
Alex
Lead Architect, Reliant Verified
https://www.reliantverified.com
"
care@chicagolandsenioradvisors.com,Chicagoland Senior Living Advisors,Chicago,senior care logistics,Corporate Senior Care Logistics leads in Chicago,"Hey team,

I was reviewing the services for Chicagoland Senior Living Advisors in Chicago.

We recently launched The Reliant Network, a closed B2B commercial directory. Right now, we are routing all the incoming corporate quote requests for senior care logistics in the Chicago metro to a generic national fallback, because we don't have a local partner locked in yet.

We only allow one senior care logistics contractor per city. It's a flat $299/mo to lock the Chicago territory monopoly, and you keep 100% of the leads with zero per-lead fees.

Do you want to lock the Chicago territory before we route these to a competitor? 

Best,
Alex
Lead Architect, Reliant Verified
https://www.reliantverified.com
"
contact@houstonseniorplacement.com,Houston Senior Placement Advisory,Houston,senior care logistics,Corporate Senior Care Logistics leads in Houston,"Hey team,

I was reviewing the services for Houston Senior Placement Advisory in Houston.

We recently launched The Reliant Network, a closed B2B commercial directory. Right now, we are routing all the incoming corporate quote requests for senior care logistics in the Houston metro to a generic national fallback, because we don't have a local partner locked in yet.

We only allow one senior care logistics contractor per city. It's a flat $299/mo to lock the Houston territory monopoly, and you keep 100% of the leads with zero per-lead fees.

Do you want to lock the Houston territory before we route these to a competitor? 

Best,
Alex
Lead Architect, Reliant Verified
https://www.reliantverified.com
"
advisors@valleyseniorliving.com,Valley Senior Living Consultants,Phoenix,senior care logistics,Corporate Senior Care Logistics leads in Phoenix,"Hey team,

I was reviewing the services for Valley Senior Living Consultants in Phoenix.

We recently launched The Reliant Network, a closed B2B commercial directory. Right now, we are routing all the incoming corporate quote requests for senior care logistics in the Phoenix metro to a generic national fallback, because we don't have a local partner locked in yet.

We only allow one senior care logistics contractor per city. It's a flat $299/mo to lock the Phoenix territory monopoly, and you keep 100% of the leads with zero per-lead fees.

Do you want to lock the Phoenix territory before we route these to a competitor? 

Best,
Alex
Lead Architect, Reliant Verified
https://www.reliantverified.com
"
care@frontrangeseniorcare.com,Front Range Senior Care Navigators,Denver,senior care logistics,Corporate Senior Care Logistics leads in Denver,"Hey team,

I was reviewing the services for Front Range Senior Care Navigators in Denver.

We recently launched The Reliant Network, a closed B2B commercial directory. Right now, we are routing all the incoming corporate quote requests for senior care logistics in the Denver metro to a generic national fallback, because we don't have a local partner locked in yet.

We only allow one senior care logistics contractor per city. It's a flat $299/mo to lock the Denver territory monopoly, and you keep 100% of the leads with zero per-lead fees.

Do you want to lock the Denver territory before we route these to a competitor? 

Best,
Alex
Lead Architect, Reliant Verified
https://www.reliantverified.com
"
info@tampabaytransitions.com,Tampa Bay Senior Transition Specialists,Tampa,senior care logistics,Corporate Senior Care Logistics leads in Tampa,"Hey team,

I was reviewing the services for Tampa Bay Senior Transition Specialists in Tampa.

We recently launched The Reliant Network, a closed B2B commercial directory. Right now, we are routing all the incoming corporate quote requests for senior care logistics in the Tampa metro to a generic national fallback, because we don't have a local partner locked in yet.

We only allow one senior care logistics contractor per city. It's a flat $299/mo to lock the Tampa territory monopoly, and you keep 100% of the leads with zero per-lead fees.

Do you want to lock the Tampa territory before we route these to a competitor? 

Best,
Alex
Lead Architect, Reliant Verified
https://www.reliantverified.com
"
dispatch@royalcrestrest.com,Royal Crest Restrooms of Anchorage,Anchorage,luxury restroom trailers,Corporate Luxury Restroom Trailers leads in Anchorage,"Hey team,

I was reviewing the services for Royal Crest Restrooms of Anchorage in Anchorage.

We recently launched The Reliant Network, a closed B2B commercial directory. Right now, we are routing all the incoming corporate quote requests for luxury restroom trailers in the Anchorage metro to a generic national fallback, because we don't have a local partner locked in yet.

We only allow one luxury restroom trailers contractor per city. It's a flat $299/mo to lock the Anchorage territory monopoly, and you keep 100% of the leads with zero per-lead fees.

Do you want to lock the Anchorage territory before we route these to a competitor? 

Best,
Alex
Lead Architect, Reliant Verified
https://www.reliantverified.com
"
dispatch@apexthermalfle.com,Apex Thermal Fleets of Anchorage,Anchorage,commercial cold storage,Corporate Commercial Cold Storage leads in Anchorage,"Hey team,

I was reviewing the services for Apex Thermal Fleets of Anchorage in Anchorage.

We recently launched The Reliant Network, a closed B2B commercial directory. Right now, we are routing all the incoming corporate quote requests for commercial cold storage in the Anchorage metro to a generic national fallback, because we don't have a local partner locked in yet.

We only allow one commercial cold storage contractor per city. It's a flat $299/mo to lock the Anchorage territory monopoly, and you keep 100% of the leads with zero per-lead fees.

Do you want to lock the Anchorage territory before we route these to a competitor? 

Best,
Alex
Lead Architect, Reliant Verified
https://www.reliantverified.com
"
dispatch@royalcrestrest.com,Royal Crest Restrooms of Birmingham,Birmingham,luxury restroom trailers,Corporate Luxury Restroom Trailers leads in Birmingham,"Hey team,

I was reviewing the services for Royal Crest Restrooms of Birmingham in Birmingham.

We recently launched The Reliant Network, a closed B2B commercial directory. Right now, we are routing all the incoming corporate quote requests for luxury restroom trailers in the Birmingham metro to a generic national fallback, because we don't have a local partner locked in yet.

We only allow one luxury restroom trailers contractor per city. It's a flat $299/mo to lock the Birmingham territory monopoly, and you keep 100% of the leads with zero per-lead fees.

Do you want to lock the Birmingham territory before we route these to a competitor? 

Best,
Alex
Lead Architect, Reliant Verified
https://www.reliantverified.com
"
dispatch@summitheavyrig.com,Summit Heavy Rigging & Cranes of Birmingham,Birmingham,crane and rigging,Corporate Crane And Rigging leads in Birmingham,"Hey team,

I was reviewing the services for Summit Heavy Rigging & Cranes of Birmingham in Birmingham.

We recently launched The Reliant Network, a closed B2B commercial directory. Right now, we are routing all the incoming corporate quote requests for crane and rigging in the Birmingham metro to a generic national fallback, because we don't have a local partner locked in yet.

We only allow one crane and rigging contractor per city. It's a flat $299/mo to lock the Birmingham territory monopoly, and you keep 100% of the leads with zero per-lead fees.

Do you want to lock the Birmingham territory before we route these to a competitor? 

Best,
Alex
Lead Architect, Reliant Verified
https://www.reliantverified.com
"
dispatch@royalcrestrest.com,Royal Crest Restrooms of Little Rock,Little Rock,luxury restroom trailers,Corporate Luxury Restroom Trailers leads in Little Rock,"Hey team,

I was reviewing the services for Royal Crest Restrooms of Little Rock in Little Rock.

We recently launched The Reliant Network, a closed B2B commercial directory. Right now, we are routing all the incoming corporate quote requests for luxury restroom trailers in the Little Rock metro to a generic national fallback, because we don't have a local partner locked in yet.

We only allow one luxury restroom trailers contractor per city. It's a flat $299/mo to lock the Little Rock territory monopoly, and you keep 100% of the leads with zero per-lead fees.

Do you want to lock the Little Rock territory before we route these to a competitor? 

Best,
Alex
Lead Architect, Reliant Verified
https://www.reliantverified.com
"
dispatch@apexthermalfle.com,Apex Thermal Fleets of Little Rock,Little Rock,commercial cold storage,Corporate Commercial Cold Storage leads in Little Rock,"Hey team,

I was reviewing the services for Apex Thermal Fleets of Little Rock in Little Rock.

We recently launched The Reliant Network, a closed B2B commercial directory. Right now, we are routing all the incoming corporate quote requests for commercial cold storage in the Little Rock metro to a generic national fallback, because we don't have a local partner locked in yet.

We only allow one commercial cold storage contractor per city. It's a flat $299/mo to lock the Little Rock territory monopoly, and you keep 100% of the leads with zero per-lead fees.

Do you want to lock the Little Rock territory before we route these to a competitor? 

Best,
Alex
Lead Architect, Reliant Verified
https://www.reliantverified.com
"
dispatch@royalcrestrest.com,Royal Crest Restrooms of Hartford,Hartford,luxury restroom trailers,Corporate Luxury Restroom Trailers leads in Hartford,"Hey team,

I was reviewing the services for Royal Crest Restrooms of Hartford in Hartford.

We recently launched The Reliant Network, a closed B2B commercial directory. Right now, we are routing all the incoming corporate quote requests for luxury restroom trailers in the Hartford metro to a generic national fallback, because we don't have a local partner locked in yet.

We only allow one luxury restroom trailers contractor per city. It's a flat $299/mo to lock the Hartford territory monopoly, and you keep 100% of the leads with zero per-lead fees.

Do you want to lock the Hartford territory before we route these to a competitor? 

Best,
Alex
Lead Architect, Reliant Verified
https://www.reliantverified.com
"
dispatch@summitheavyrig.com,Summit Heavy Rigging & Cranes of Hartford,Hartford,crane and rigging,Corporate Crane And Rigging leads in Hartford,"Hey team,

I was reviewing the services for Summit Heavy Rigging & Cranes of Hartford in Hartford.

We recently launched The Reliant Network, a closed B2B commercial directory. Right now, we are routing all the incoming corporate quote requests for crane and rigging in the Hartford metro to a generic national fallback, because we don't have a local partner locked in yet.

We only allow one crane and rigging contractor per city. It's a flat $299/mo to lock the Hartford territory monopoly, and you keep 100% of the leads with zero per-lead fees.

Do you want to lock the Hartford territory before we route these to a competitor? 

Best,
Alex
Lead Architect, Reliant Verified
https://www.reliantverified.com
"
dispatch@royalcrestrest.com,Royal Crest Restrooms of Washington,Washington,luxury restroom trailers,Corporate Luxury Restroom Trailers leads in Washington,"Hey team,

I was reviewing the services for Royal Crest Restrooms of Washington in Washington.

We recently launched The Reliant Network, a closed B2B commercial directory. Right now, we are routing all the incoming corporate quote requests for luxury restroom trailers in the Washington metro to a generic national fallback, because we don't have a local partner locked in yet.

We only allow one luxury restroom trailers contractor per city. It's a flat $299/mo to lock the Washington territory monopoly, and you keep 100% of the leads with zero per-lead fees.

Do you want to lock the Washington territory before we route these to a competitor? 

Best,
Alex
Lead Architect, Reliant Verified
https://www.reliantverified.com
"
dispatch@apexthermalfle.com,Apex Thermal Fleets of Washington,Washington,commercial cold storage,Corporate Commercial Cold Storage leads in Washington,"Hey team,

I was reviewing the services for Apex Thermal Fleets of Washington in Washington.

We recently launched The Reliant Network, a closed B2B commercial directory. Right now, we are routing all the incoming corporate quote requests for commercial cold storage in the Washington metro to a generic national fallback, because we don't have a local partner locked in yet.

We only allow one commercial cold storage contractor per city. It's a flat $299/mo to lock the Washington territory monopoly, and you keep 100% of the leads with zero per-lead fees.

Do you want to lock the Washington territory before we route these to a competitor? 

Best,
Alex
Lead Architect, Reliant Verified
https://www.reliantverified.com
"
dispatch@royalcrestrest.com,Royal Crest Restrooms of Wilmington,Wilmington,luxury restroom trailers,Corporate Luxury Restroom Trailers leads in Wilmington,"Hey team,

I was reviewing the services for Royal Crest Restrooms of Wilmington in Wilmington.

We recently launched The Reliant Network, a closed B2B commercial directory. Right now, we are routing all the incoming corporate quote requests for luxury restroom trailers in the Wilmington metro to a generic national fallback, because we don't have a local partner locked in yet.

We only allow one luxury restroom trailers contractor per city. It's a flat $299/mo to lock the Wilmington territory monopoly, and you keep 100% of the leads with zero per-lead fees.

Do you want to lock the Wilmington territory before we route these to a competitor? 

Best,
Alex
Lead Architect, Reliant Verified
https://www.reliantverified.com
"
dispatch@summitheavyrig.com,Summit Heavy Rigging & Cranes of Wilmington,Wilmington,crane and rigging,Corporate Crane And Rigging leads in Wilmington,"Hey team,

I was reviewing the services for Summit Heavy Rigging & Cranes of Wilmington in Wilmington.

We recently launched The Reliant Network, a closed B2B commercial directory. Right now, we are routing all the incoming corporate quote requests for crane and rigging in the Wilmington metro to a generic national fallback, because we don't have a local partner locked in yet.

We only allow one crane and rigging contractor per city. It's a flat $299/mo to lock the Wilmington territory monopoly, and you keep 100% of the leads with zero per-lead fees.

Do you want to lock the Wilmington territory before we route these to a competitor? 

Best,
Alex
Lead Architect, Reliant Verified
https://www.reliantverified.com
"
dispatch@royalcrestrest.com,Royal Crest Restrooms of Honolulu,Honolulu,luxury restroom trailers,Corporate Luxury Restroom Trailers leads in Honolulu,"Hey team,

I was reviewing the services for Royal Crest Restrooms of Honolulu in Honolulu.

We recently launched The Reliant Network, a closed B2B commercial directory. Right now, we are routing all the incoming corporate quote requests for luxury restroom trailers in the Honolulu metro to a generic national fallback, because we don't have a local partner locked in yet.

We only allow one luxury restroom trailers contractor per city. It's a flat $299/mo to lock the Honolulu territory monopoly, and you keep 100% of the leads with zero per-lead fees.

Do you want to lock the Honolulu territory before we route these to a competitor? 

Best,
Alex
Lead Architect, Reliant Verified
https://www.reliantverified.com
"
dispatch@apexthermalfle.com,Apex Thermal Fleets of Honolulu,Honolulu,commercial cold storage,Corporate Commercial Cold Storage leads in Honolulu,"Hey team,

I was reviewing the services for Apex Thermal Fleets of Honolulu in Honolulu.

We recently launched The Reliant Network, a closed B2B commercial directory. Right now, we are routing all the incoming corporate quote requests for commercial cold storage in the Honolulu metro to a generic national fallback, because we don't have a local partner locked in yet.

We only allow one commercial cold storage contractor per city. It's a flat $299/mo to lock the Honolulu territory monopoly, and you keep 100% of the leads with zero per-lead fees.

Do you want to lock the Honolulu territory before we route these to a competitor? 

Best,
Alex
Lead Architect, Reliant Verified
https://www.reliantverified.com
"
dispatch@royalcrestrest.com,Royal Crest Restrooms of Des Moines,Des Moines,luxury restroom trailers,Corporate Luxury Restroom Trailers leads in Des Moines,"Hey team,

I was reviewing the services for Royal Crest Restrooms of Des Moines in Des Moines.

We recently launched The Reliant Network, a closed B2B commercial directory. Right now, we are routing all the incoming corporate quote requests for luxury restroom trailers in the Des Moines metro to a generic national fallback, because we don't have a local partner locked in yet.

We only allow one luxury restroom trailers contractor per city. It's a flat $299/mo to lock the Des Moines territory monopoly, and you keep 100% of the leads with zero per-lead fees.

Do you want to lock the Des Moines territory before we route these to a competitor? 

Best,
Alex
Lead Architect, Reliant Verified
https://www.reliantverified.com
"
dispatch@summitheavyrig.com,Summit Heavy Rigging & Cranes of Des Moines,Des Moines,crane and rigging,Corporate Crane And Rigging leads in Des Moines,"Hey team,

I was reviewing the services for Summit Heavy Rigging & Cranes of Des Moines in Des Moines.

We recently launched The Reliant Network, a closed B2B commercial directory. Right now, we are routing all the incoming corporate quote requests for crane and rigging in the Des Moines metro to a generic national fallback, because we don't have a local partner locked in yet.

We only allow one crane and rigging contractor per city. It's a flat $299/mo to lock the Des Moines territory monopoly, and you keep 100% of the leads with zero per-lead fees.

Do you want to lock the Des Moines territory before we route these to a competitor? 

Best,
Alex
Lead Architect, Reliant Verified
https://www.reliantverified.com
"
dispatch@royalcrestrest.com,Royal Crest Restrooms of Boise,Boise,luxury restroom trailers,Corporate Luxury Restroom Trailers leads in Boise,"Hey team,

I was reviewing the services for Royal Crest Restrooms of Boise in Boise.

We recently launched The Reliant Network, a closed B2B commercial directory. Right now, we are routing all the incoming corporate quote requests for luxury restroom trailers in the Boise metro to a generic national fallback, because we don't have a local partner locked in yet.

We only allow one luxury restroom trailers contractor per city. It's a flat $299/mo to lock the Boise territory monopoly, and you keep 100% of the leads with zero per-lead fees.

Do you want to lock the Boise territory before we route these to a competitor? 

Best,
Alex
Lead Architect, Reliant Verified
https://www.reliantverified.com
"
dispatch@apexthermalfle.com,Apex Thermal Fleets of Boise,Boise,commercial cold storage,Corporate Commercial Cold Storage leads in Boise,"Hey team,

I was reviewing the services for Apex Thermal Fleets of Boise in Boise.

We recently launched The Reliant Network, a closed B2B commercial directory. Right now, we are routing all the incoming corporate quote requests for commercial cold storage in the Boise metro to a generic national fallback, because we don't have a local partner locked in yet.

We only allow one commercial cold storage contractor per city. It's a flat $299/mo to lock the Boise territory monopoly, and you keep 100% of the leads with zero per-lead fees.

Do you want to lock the Boise territory before we route these to a competitor? 

Best,
Alex
Lead Architect, Reliant Verified
https://www.reliantverified.com
"
dispatch@royalcrestrest.com,Royal Crest Restrooms of Indianapolis,Indianapolis,luxury restroom trailers,Corporate Luxury Restroom Trailers leads in Indianapolis,"Hey team,

I was reviewing the services for Royal Crest Restrooms of Indianapolis in Indianapolis.

We recently launched The Reliant Network, a closed B2B commercial directory. Right now, we are routing all the incoming corporate quote requests for luxury restroom trailers in the Indianapolis metro to a generic national fallback, because we don't have a local partner locked in yet.

We only allow one luxury restroom trailers contractor per city. It's a flat $299/mo to lock the Indianapolis territory monopoly, and you keep 100% of the leads with zero per-lead fees.

Do you want to lock the Indianapolis territory before we route these to a competitor? 

Best,
Alex
Lead Architect, Reliant Verified
https://www.reliantverified.com
"
dispatch@summitheavyrig.com,Summit Heavy Rigging & Cranes of Indianapolis,Indianapolis,crane and rigging,Corporate Crane And Rigging leads in Indianapolis,"Hey team,

I was reviewing the services for Summit Heavy Rigging & Cranes of Indianapolis in Indianapolis.

We recently launched The Reliant Network, a closed B2B commercial directory. Right now, we are routing all the incoming corporate quote requests for crane and rigging in the Indianapolis metro to a generic national fallback, because we don't have a local partner locked in yet.

We only allow one crane and rigging contractor per city. It's a flat $299/mo to lock the Indianapolis territory monopoly, and you keep 100% of the leads with zero per-lead fees.

Do you want to lock the Indianapolis territory before we route these to a competitor? 

Best,
Alex
Lead Architect, Reliant Verified
https://www.reliantverified.com
"
dispatch@royalcrestrest.com,Royal Crest Restrooms of Wichita,Wichita,luxury restroom trailers,Corporate Luxury Restroom Trailers leads in Wichita,"Hey team,

I was reviewing the services for Royal Crest Restrooms of Wichita in Wichita.

We recently launched The Reliant Network, a closed B2B commercial directory. Right now, we are routing all the incoming corporate quote requests for luxury restroom trailers in the Wichita metro to a generic national fallback, because we don't have a local partner locked in yet.

We only allow one luxury restroom trailers contractor per city. It's a flat $299/mo to lock the Wichita territory monopoly, and you keep 100% of the leads with zero per-lead fees.

Do you want to lock the Wichita territory before we route these to a competitor? 

Best,
Alex
Lead Architect, Reliant Verified
https://www.reliantverified.com
"
dispatch@apexthermalfle.com,Apex Thermal Fleets of Wichita,Wichita,commercial cold storage,Corporate Commercial Cold Storage leads in Wichita,"Hey team,

I was reviewing the services for Apex Thermal Fleets of Wichita in Wichita.

We recently launched The Reliant Network, a closed B2B commercial directory. Right now, we are routing all the incoming corporate quote requests for commercial cold storage in the Wichita metro to a generic national fallback, because we don't have a local partner locked in yet.

We only allow one commercial cold storage contractor per city. It's a flat $299/mo to lock the Wichita territory monopoly, and you keep 100% of the leads with zero per-lead fees.

Do you want to lock the Wichita territory before we route these to a competitor? 

Best,
Alex
Lead Architect, Reliant Verified
https://www.reliantverified.com
"
dispatch@royalcrestrest.com,Royal Crest Restrooms of Louisville,Louisville,luxury restroom trailers,Corporate Luxury Restroom Trailers leads in Louisville,"Hey team,

I was reviewing the services for Royal Crest Restrooms of Louisville in Louisville.

We recently launched The Reliant Network, a closed B2B commercial directory. Right now, we are routing all the incoming corporate quote requests for luxury restroom trailers in the Louisville metro to a generic national fallback, because we don't have a local partner locked in yet.

We only allow one luxury restroom trailers contractor per city. It's a flat $299/mo to lock the Louisville territory monopoly, and you keep 100% of the leads with zero per-lead fees.

Do you want to lock the Louisville territory before we route these to a competitor? 

Best,
Alex
Lead Architect, Reliant Verified
https://www.reliantverified.com
"
dispatch@summitheavyrig.com,Summit Heavy Rigging & Cranes of Louisville,Louisville,crane and rigging,Corporate Crane And Rigging leads in Louisville,"Hey team,

I was reviewing the services for Summit Heavy Rigging & Cranes of Louisville in Louisville.

We recently launched The Reliant Network, a closed B2B commercial directory. Right now, we are routing all the incoming corporate quote requests for crane and rigging in the Louisville metro to a generic national fallback, because we don't have a local partner locked in yet.

We only allow one crane and rigging contractor per city. It's a flat $299/mo to lock the Louisville territory monopoly, and you keep 100% of the leads with zero per-lead fees.

Do you want to lock the Louisville territory before we route these to a competitor? 

Best,
Alex
Lead Architect, Reliant Verified
https://www.reliantverified.com
"
dispatch@royalcrestrest.com,Royal Crest Restrooms of New Orleans,New Orleans,luxury restroom trailers,Corporate Luxury Restroom Trailers leads in New Orleans,"Hey team,

I was reviewing the services for Royal Crest Restrooms of New Orleans in New Orleans.

We recently launched The Reliant Network, a closed B2B commercial directory. Right now, we are routing all the incoming corporate quote requests for luxury restroom trailers in the New Orleans metro to a generic national fallback, because we don't have a local partner locked in yet.

We only allow one luxury restroom trailers contractor per city. It's a flat $299/mo to lock the New Orleans territory monopoly, and you keep 100% of the leads with zero per-lead fees.

Do you want to lock the New Orleans territory before we route these to a competitor? 

Best,
Alex
Lead Architect, Reliant Verified
https://www.reliantverified.com
"
dispatch@apexthermalfle.com,Apex Thermal Fleets of New Orleans,New Orleans,commercial cold storage,Corporate Commercial Cold Storage leads in New Orleans,"Hey team,

I was reviewing the services for Apex Thermal Fleets of New Orleans in New Orleans.

We recently launched The Reliant Network, a closed B2B commercial directory. Right now, we are routing all the incoming corporate quote requests for commercial cold storage in the New Orleans metro to a generic national fallback, because we don't have a local partner locked in yet.

We only allow one commercial cold storage contractor per city. It's a flat $299/mo to lock the New Orleans territory monopoly, and you keep 100% of the leads with zero per-lead fees.

Do you want to lock the New Orleans territory before we route these to a competitor? 

Best,
Alex
Lead Architect, Reliant Verified
https://www.reliantverified.com
"
dispatch@royalcrestrest.com,Royal Crest Restrooms of Boston,Boston,luxury restroom trailers,Corporate Luxury Restroom Trailers leads in Boston,"Hey team,

I was reviewing the services for Royal Crest Restrooms of Boston in Boston.

We recently launched The Reliant Network, a closed B2B commercial directory. Right now, we are routing all the incoming corporate quote requests for luxury restroom trailers in the Boston metro to a generic national fallback, because we don't have a local partner locked in yet.

We only allow one luxury restroom trailers contractor per city. It's a flat $299/mo to lock the Boston territory monopoly, and you keep 100% of the leads with zero per-lead fees.

Do you want to lock the Boston territory before we route these to a competitor? 

Best,
Alex
Lead Architect, Reliant Verified
https://www.reliantverified.com
"
dispatch@summitheavyrig.com,Summit Heavy Rigging & Cranes of Boston,Boston,crane and rigging,Corporate Crane And Rigging leads in Boston,"Hey team,

I was reviewing the services for Summit Heavy Rigging & Cranes of Boston in Boston.

We recently launched The Reliant Network, a closed B2B commercial directory. Right now, we are routing all the incoming corporate quote requests for crane and rigging in the Boston metro to a generic national fallback, because we don't have a local partner locked in yet.

We only allow one crane and rigging contractor per city. It's a flat $299/mo to lock the Boston territory monopoly, and you keep 100% of the leads with zero per-lead fees.

Do you want to lock the Boston territory before we route these to a competitor? 

Best,
Alex
Lead Architect, Reliant Verified
https://www.reliantverified.com
"
dispatch@royalcrestrest.com,Royal Crest Restrooms of Baltimore,Baltimore,luxury restroom trailers,Corporate Luxury Restroom Trailers leads in Baltimore,"Hey team,

I was reviewing the services for Royal Crest Restrooms of Baltimore in Baltimore.

We recently launched The Reliant Network, a closed B2B commercial directory. Right now, we are routing all the incoming corporate quote requests for luxury restroom trailers in the Baltimore metro to a generic national fallback, because we don't have a local partner locked in yet.

We only allow one luxury restroom trailers contractor per city. It's a flat $299/mo to lock the Baltimore territory monopoly, and you keep 100% of the leads with zero per-lead fees.

Do you want to lock the Baltimore territory before we route these to a competitor? 

Best,
Alex
Lead Architect, Reliant Verified
https://www.reliantverified.com
"
dispatch@apexthermalfle.com,Apex Thermal Fleets of Baltimore,Baltimore,commercial cold storage,Corporate Commercial Cold Storage leads in Baltimore,"Hey team,

I was reviewing the services for Apex Thermal Fleets of Baltimore in Baltimore.

We recently launched The Reliant Network, a closed B2B commercial directory. Right now, we are routing all the incoming corporate quote requests for commercial cold storage in the Baltimore metro to a generic national fallback, because we don't have a local partner locked in yet.

We only allow one commercial cold storage contractor per city. It's a flat $299/mo to lock the Baltimore territory monopoly, and you keep 100% of the leads with zero per-lead fees.

Do you want to lock the Baltimore territory before we route these to a competitor? 

Best,
Alex
Lead Architect, Reliant Verified
https://www.reliantverified.com
"
dispatch@royalcrestrest.com,Royal Crest Restrooms of Portland,Portland,luxury restroom trailers,Corporate Luxury Restroom Trailers leads in Portland,"Hey team,

I was reviewing the services for Royal Crest Restrooms of Portland in Portland.

We recently launched The Reliant Network, a closed B2B commercial directory. Right now, we are routing all the incoming corporate quote requests for luxury restroom trailers in the Portland metro to a generic national fallback, because we don't have a local partner locked in yet.

We only allow one luxury restroom trailers contractor per city. It's a flat $299/mo to lock the Portland territory monopoly, and you keep 100% of the leads with zero per-lead fees.

Do you want to lock the Portland territory before we route these to a competitor? 

Best,
Alex
Lead Architect, Reliant Verified
https://www.reliantverified.com
"
dispatch@summitheavyrig.com,Summit Heavy Rigging & Cranes of Portland,Portland,crane and rigging,Corporate Crane And Rigging leads in Portland,"Hey team,

I was reviewing the services for Summit Heavy Rigging & Cranes of Portland in Portland.

We recently launched The Reliant Network, a closed B2B commercial directory. Right now, we are routing all the incoming corporate quote requests for crane and rigging in the Portland metro to a generic national fallback, because we don't have a local partner locked in yet.

We only allow one crane and rigging contractor per city. It's a flat $299/mo to lock the Portland territory monopoly, and you keep 100% of the leads with zero per-lead fees.

Do you want to lock the Portland territory before we route these to a competitor? 

Best,
Alex
Lead Architect, Reliant Verified
https://www.reliantverified.com
"
dispatch@royalcrestrest.com,Royal Crest Restrooms of Detroit,Detroit,luxury restroom trailers,Corporate Luxury Restroom Trailers leads in Detroit,"Hey team,

I was reviewing the services for Royal Crest Restrooms of Detroit in Detroit.

We recently launched The Reliant Network, a closed B2B commercial directory. Right now, we are routing all the incoming corporate quote requests for luxury restroom trailers in the Detroit metro to a generic national fallback, because we don't have a local partner locked in yet.

We only allow one luxury restroom trailers contractor per city. It's a flat $299/mo to lock the Detroit territory monopoly, and you keep 100% of the leads with zero per-lead fees.

Do you want to lock the Detroit territory before we route these to a competitor? 

Best,
Alex
Lead Architect, Reliant Verified
https://www.reliantverified.com
"
dispatch@apexthermalfle.com,Apex Thermal Fleets of Detroit,Detroit,commercial cold storage,Corporate Commercial Cold Storage leads in Detroit,"Hey team,

I was reviewing the services for Apex Thermal Fleets of Detroit in Detroit.

We recently launched The Reliant Network, a closed B2B commercial directory. Right now, we are routing all the incoming corporate quote requests for commercial cold storage in the Detroit metro to a generic national fallback, because we don't have a local partner locked in yet.

We only allow one commercial cold storage contractor per city. It's a flat $299/mo to lock the Detroit territory monopoly, and you keep 100% of the leads with zero per-lead fees.

Do you want to lock the Detroit territory before we route these to a competitor? 

Best,
Alex
Lead Architect, Reliant Verified
https://www.reliantverified.com
"
dispatch@royalcrestrest.com,Royal Crest Restrooms of Minneapolis,Minneapolis,luxury restroom trailers,Corporate Luxury Restroom Trailers leads in Minneapolis,"Hey team,

I was reviewing the services for Royal Crest Restrooms of Minneapolis in Minneapolis.

We recently launched The Reliant Network, a closed B2B commercial directory. Right now, we are routing all the incoming corporate quote requests for luxury restroom trailers in the Minneapolis metro to a generic national fallback, because we don't have a local partner locked in yet.

We only allow one luxury restroom trailers contractor per city. It's a flat $299/mo to lock the Minneapolis territory monopoly, and you keep 100% of the leads with zero per-lead fees.

Do you want to lock the Minneapolis territory before we route these to a competitor? 

Best,
Alex
Lead Architect, Reliant Verified
https://www.reliantverified.com
"
dispatch@summitheavyrig.com,Summit Heavy Rigging & Cranes of Minneapolis,Minneapolis,crane and rigging,Corporate Crane And Rigging leads in Minneapolis,"Hey team,

I was reviewing the services for Summit Heavy Rigging & Cranes of Minneapolis in Minneapolis.

We recently launched The Reliant Network, a closed B2B commercial directory. Right now, we are routing all the incoming corporate quote requests for crane and rigging in the Minneapolis metro to a generic national fallback, because we don't have a local partner locked in yet.

We only allow one crane and rigging contractor per city. It's a flat $299/mo to lock the Minneapolis territory monopoly, and you keep 100% of the leads with zero per-lead fees.

Do you want to lock the Minneapolis territory before we route these to a competitor? 

Best,
Alex
Lead Architect, Reliant Verified
https://www.reliantverified.com
"
dispatch@royalcrestrest.com,Royal Crest Restrooms of St. Louis,St. Louis,luxury restroom trailers,Corporate Luxury Restroom Trailers leads in St. Louis,"Hey team,

I was reviewing the services for Royal Crest Restrooms of St. Louis in St. Louis.

We recently launched The Reliant Network, a closed B2B commercial directory. Right now, we are routing all the incoming corporate quote requests for luxury restroom trailers in the St. Louis metro to a generic national fallback, because we don't have a local partner locked in yet.

We only allow one luxury restroom trailers contractor per city. It's a flat $299/mo to lock the St. Louis territory monopoly, and you keep 100% of the leads with zero per-lead fees.

Do you want to lock the St. Louis territory before we route these to a competitor? 

Best,
Alex
Lead Architect, Reliant Verified
https://www.reliantverified.com
"
dispatch@apexthermalfle.com,Apex Thermal Fleets of St. Louis,St. Louis,commercial cold storage,Corporate Commercial Cold Storage leads in St. Louis,"Hey team,

I was reviewing the services for Apex Thermal Fleets of St. Louis in St. Louis.

We recently launched The Reliant Network, a closed B2B commercial directory. Right now, we are routing all the incoming corporate quote requests for commercial cold storage in the St. Louis metro to a generic national fallback, because we don't have a local partner locked in yet.

We only allow one commercial cold storage contractor per city. It's a flat $299/mo to lock the St. Louis territory monopoly, and you keep 100% of the leads with zero per-lead fees.

Do you want to lock the St. Louis territory before we route these to a competitor? 

Best,
Alex
Lead Architect, Reliant Verified
https://www.reliantverified.com
"
dispatch@royalcrestrest.com,Royal Crest Restrooms of Jackson,Jackson,luxury restroom trailers,Corporate Luxury Restroom Trailers leads in Jackson,"Hey team,

I was reviewing the services for Royal Crest Restrooms of Jackson in Jackson.

We recently launched The Reliant Network, a closed B2B commercial directory. Right now, we are routing all the incoming corporate quote requests for luxury restroom trailers in the Jackson metro to a generic national fallback, because we don't have a local partner locked in yet.

We only allow one luxury restroom trailers contractor per city. It's a flat $299/mo to lock the Jackson territory monopoly, and you keep 100% of the leads with zero per-lead fees.

Do you want to lock the Jackson territory before we route these to a competitor? 

Best,
Alex
Lead Architect, Reliant Verified
https://www.reliantverified.com
"
dispatch@summitheavyrig.com,Summit Heavy Rigging & Cranes of Jackson,Jackson,crane and rigging,Corporate Crane And Rigging leads in Jackson,"Hey team,

I was reviewing the services for Summit Heavy Rigging & Cranes of Jackson in Jackson.

We recently launched The Reliant Network, a closed B2B commercial directory. Right now, we are routing all the incoming corporate quote requests for crane and rigging in the Jackson metro to a generic national fallback, because we don't have a local partner locked in yet.

We only allow one crane and rigging contractor per city. It's a flat $299/mo to lock the Jackson territory monopoly, and you keep 100% of the leads with zero per-lead fees.

Do you want to lock the Jackson territory before we route these to a competitor? 

Best,
Alex
Lead Architect, Reliant Verified
https://www.reliantverified.com
"
dispatch@royalcrestrest.com,Royal Crest Restrooms of Billings,Billings,luxury restroom trailers,Corporate Luxury Restroom Trailers leads in Billings,"Hey team,

I was reviewing the services for Royal Crest Restrooms of Billings in Billings.

We recently launched The Reliant Network, a closed B2B commercial directory. Right now, we are routing all the incoming corporate quote requests for luxury restroom trailers in the Billings metro to a generic national fallback, because we don't have a local partner locked in yet.

We only allow one luxury restroom trailers contractor per city. It's a flat $299/mo to lock the Billings territory monopoly, and you keep 100% of the leads with zero per-lead fees.

Do you want to lock the Billings territory before we route these to a competitor? 

Best,
Alex
Lead Architect, Reliant Verified
https://www.reliantverified.com
"
dispatch@apexthermalfle.com,Apex Thermal Fleets of Billings,Billings,commercial cold storage,Corporate Commercial Cold Storage leads in Billings,"Hey team,

I was reviewing the services for Apex Thermal Fleets of Billings in Billings.

We recently launched The Reliant Network, a closed B2B commercial directory. Right now, we are routing all the incoming corporate quote requests for commercial cold storage in the Billings metro to a generic national fallback, because we don't have a local partner locked in yet.

We only allow one commercial cold storage contractor per city. It's a flat $299/mo to lock the Billings territory monopoly, and you keep 100% of the leads with zero per-lead fees.

Do you want to lock the Billings territory before we route these to a competitor? 

Best,
Alex
Lead Architect, Reliant Verified
https://www.reliantverified.com
"
dispatch@royalcrestrest.com,Royal Crest Restrooms of Charlotte,Charlotte,luxury restroom trailers,Corporate Luxury Restroom Trailers leads in Charlotte,"Hey team,

I was reviewing the services for Royal Crest Restrooms of Charlotte in Charlotte.

We recently launched The Reliant Network, a closed B2B commercial directory. Right now, we are routing all the incoming corporate quote requests for luxury restroom trailers in the Charlotte metro to a generic national fallback, because we don't have a local partner locked in yet.

We only allow one luxury restroom trailers contractor per city. It's a flat $299/mo to lock the Charlotte territory monopoly, and you keep 100% of the leads with zero per-lead fees.

Do you want to lock the Charlotte territory before we route these to a competitor? 

Best,
Alex
Lead Architect, Reliant Verified
https://www.reliantverified.com
"
dispatch@summitheavyrig.com,Summit Heavy Rigging & Cranes of Charlotte,Charlotte,crane and rigging,Corporate Crane And Rigging leads in Charlotte,"Hey team,

I was reviewing the services for Summit Heavy Rigging & Cranes of Charlotte in Charlotte.

We recently launched The Reliant Network, a closed B2B commercial directory. Right now, we are routing all the incoming corporate quote requests for crane and rigging in the Charlotte metro to a generic national fallback, because we don't have a local partner locked in yet.

We only allow one crane and rigging contractor per city. It's a flat $299/mo to lock the Charlotte territory monopoly, and you keep 100% of the leads with zero per-lead fees.

Do you want to lock the Charlotte territory before we route these to a competitor? 

Best,
Alex
Lead Architect, Reliant Verified
https://www.reliantverified.com
"
dispatch@royalcrestrest.com,Royal Crest Restrooms of Fargo,Fargo,luxury restroom trailers,Corporate Luxury Restroom Trailers leads in Fargo,"Hey team,

I was reviewing the services for Royal Crest Restrooms of Fargo in Fargo.

We recently launched The Reliant Network, a closed B2B commercial directory. Right now, we are routing all the incoming corporate quote requests for luxury restroom trailers in the Fargo metro to a generic national fallback, because we don't have a local partner locked in yet.

We only allow one luxury restroom trailers contractor per city. It's a flat $299/mo to lock the Fargo territory monopoly, and you keep 100% of the leads with zero per-lead fees.

Do you want to lock the Fargo territory before we route these to a competitor? 

Best,
Alex
Lead Architect, Reliant Verified
https://www.reliantverified.com
"
dispatch@apexthermalfle.com,Apex Thermal Fleets of Fargo,Fargo,commercial cold storage,Corporate Commercial Cold Storage leads in Fargo,"Hey team,

I was reviewing the services for Apex Thermal Fleets of Fargo in Fargo.

We recently launched The Reliant Network, a closed B2B commercial directory. Right now, we are routing all the incoming corporate quote requests for commercial cold storage in the Fargo metro to a generic national fallback, because we don't have a local partner locked in yet.

We only allow one commercial cold storage contractor per city. It's a flat $299/mo to lock the Fargo territory monopoly, and you keep 100% of the leads with zero per-lead fees.

Do you want to lock the Fargo territory before we route these to a competitor? 

Best,
Alex
Lead Architect, Reliant Verified
https://www.reliantverified.com
"
dispatch@royalcrestrest.com,Royal Crest Restrooms of Omaha,Omaha,luxury restroom trailers,Corporate Luxury Restroom Trailers leads in Omaha,"Hey team,

I was reviewing the services for Royal Crest Restrooms of Omaha in Omaha.

We recently launched The Reliant Network, a closed B2B commercial directory. Right now, we are routing all the incoming corporate quote requests for luxury restroom trailers in the Omaha metro to a generic national fallback, because we don't have a local partner locked in yet.

We only allow one luxury restroom trailers contractor per city. It's a flat $299/mo to lock the Omaha territory monopoly, and you keep 100% of the leads with zero per-lead fees.

Do you want to lock the Omaha territory before we route these to a competitor? 

Best,
Alex
Lead Architect, Reliant Verified
https://www.reliantverified.com
"
dispatch@summitheavyrig.com,Summit Heavy Rigging & Cranes of Omaha,Omaha,crane and rigging,Corporate Crane And Rigging leads in Omaha,"Hey team,

I was reviewing the services for Summit Heavy Rigging & Cranes of Omaha in Omaha.

We recently launched The Reliant Network, a closed B2B commercial directory. Right now, we are routing all the incoming corporate quote requests for crane and rigging in the Omaha metro to a generic national fallback, because we don't have a local partner locked in yet.

We only allow one crane and rigging contractor per city. It's a flat $299/mo to lock the Omaha territory monopoly, and you keep 100% of the leads with zero per-lead fees.

Do you want to lock the Omaha territory before we route these to a competitor? 

Best,
Alex
Lead Architect, Reliant Verified
https://www.reliantverified.com
"
dispatch@royalcrestrest.com,Royal Crest Restrooms of Manchester,Manchester,luxury restroom trailers,Corporate Luxury Restroom Trailers leads in Manchester,"Hey team,

I was reviewing the services for Royal Crest Restrooms of Manchester in Manchester.

We recently launched The Reliant Network, a closed B2B commercial directory. Right now, we are routing all the incoming corporate quote requests for luxury restroom trailers in the Manchester metro to a generic national fallback, because we don't have a local partner locked in yet.

We only allow one luxury restroom trailers contractor per city. It's a flat $299/mo to lock the Manchester territory monopoly, and you keep 100% of the leads with zero per-lead fees.

Do you want to lock the Manchester territory before we route these to a competitor? 

Best,
Alex
Lead Architect, Reliant Verified
https://www.reliantverified.com
"
dispatch@apexthermalfle.com,Apex Thermal Fleets of Manchester,Manchester,commercial cold storage,Corporate Commercial Cold Storage leads in Manchester,"Hey team,

I was reviewing the services for Apex Thermal Fleets of Manchester in Manchester.

We recently launched The Reliant Network, a closed B2B commercial directory. Right now, we are routing all the incoming corporate quote requests for commercial cold storage in the Manchester metro to a generic national fallback, because we don't have a local partner locked in yet.

We only allow one commercial cold storage contractor per city. It's a flat $299/mo to lock the Manchester territory monopoly, and you keep 100% of the leads with zero per-lead fees.

Do you want to lock the Manchester territory before we route these to a competitor? 

Best,
Alex
Lead Architect, Reliant Verified
https://www.reliantverified.com
"
dispatch@royalcrestrest.com,Royal Crest Restrooms of Newark,Newark,luxury restroom trailers,Corporate Luxury Restroom Trailers leads in Newark,"Hey team,

I was reviewing the services for Royal Crest Restrooms of Newark in Newark.

We recently launched The Reliant Network, a closed B2B commercial directory. Right now, we are routing all the incoming corporate quote requests for luxury restroom trailers in the Newark metro to a generic national fallback, because we don't have a local partner locked in yet.

We only allow one luxury restroom trailers contractor per city. It's a flat $299/mo to lock the Newark territory monopoly, and you keep 100% of the leads with zero per-lead fees.

Do you want to lock the Newark territory before we route these to a competitor? 

Best,
Alex
Lead Architect, Reliant Verified
https://www.reliantverified.com
"
dispatch@summitheavyrig.com,Summit Heavy Rigging & Cranes of Newark,Newark,crane and rigging,Corporate Crane And Rigging leads in Newark,"Hey team,

I was reviewing the services for Summit Heavy Rigging & Cranes of Newark in Newark.

We recently launched The Reliant Network, a closed B2B commercial directory. Right now, we are routing all the incoming corporate quote requests for crane and rigging in the Newark metro to a generic national fallback, because we don't have a local partner locked in yet.

We only allow one crane and rigging contractor per city. It's a flat $299/mo to lock the Newark territory monopoly, and you keep 100% of the leads with zero per-lead fees.

Do you want to lock the Newark territory before we route these to a competitor? 

Best,
Alex
Lead Architect, Reliant Verified
https://www.reliantverified.com
"
dispatch@royalcrestrest.com,Royal Crest Restrooms of Albuquerque,Albuquerque,luxury restroom trailers,Corporate Luxury Restroom Trailers leads in Albuquerque,"Hey team,

I was reviewing the services for Royal Crest Restrooms of Albuquerque in Albuquerque.

We recently launched The Reliant Network, a closed B2B commercial directory. Right now, we are routing all the incoming corporate quote requests for luxury restroom trailers in the Albuquerque metro to a generic national fallback, because we don't have a local partner locked in yet.

We only allow one luxury restroom trailers contractor per city. It's a flat $299/mo to lock the Albuquerque territory monopoly, and you keep 100% of the leads with zero per-lead fees.

Do you want to lock the Albuquerque territory before we route these to a competitor? 

Best,
Alex
Lead Architect, Reliant Verified
https://www.reliantverified.com
"
dispatch@apexthermalfle.com,Apex Thermal Fleets of Albuquerque,Albuquerque,commercial cold storage,Corporate Commercial Cold Storage leads in Albuquerque,"Hey team,

I was reviewing the services for Apex Thermal Fleets of Albuquerque in Albuquerque.

We recently launched The Reliant Network, a closed B2B commercial directory. Right now, we are routing all the incoming corporate quote requests for commercial cold storage in the Albuquerque metro to a generic national fallback, because we don't have a local partner locked in yet.

We only allow one commercial cold storage contractor per city. It's a flat $299/mo to lock the Albuquerque territory monopoly, and you keep 100% of the leads with zero per-lead fees.

Do you want to lock the Albuquerque territory before we route these to a competitor? 

Best,
Alex
Lead Architect, Reliant Verified
https://www.reliantverified.com
"
dispatch@royalcrestrest.com,Royal Crest Restrooms of Las Vegas,Las Vegas,luxury restroom trailers,Corporate Luxury Restroom Trailers leads in Las Vegas,"Hey team,

I was reviewing the services for Royal Crest Restrooms of Las Vegas in Las Vegas.

We recently launched The Reliant Network, a closed B2B commercial directory. Right now, we are routing all the incoming corporate quote requests for luxury restroom trailers in the Las Vegas metro to a generic national fallback, because we don't have a local partner locked in yet.

We only allow one luxury restroom trailers contractor per city. It's a flat $299/mo to lock the Las Vegas territory monopoly, and you keep 100% of the leads with zero per-lead fees.

Do you want to lock the Las Vegas territory before we route these to a competitor? 

Best,
Alex
Lead Architect, Reliant Verified
https://www.reliantverified.com
"
dispatch@summitheavyrig.com,Summit Heavy Rigging & Cranes of Las Vegas,Las Vegas,crane and rigging,Corporate Crane And Rigging leads in Las Vegas,"Hey team,

I was reviewing the services for Summit Heavy Rigging & Cranes of Las Vegas in Las Vegas.

We recently launched The Reliant Network, a closed B2B commercial directory. Right now, we are routing all the incoming corporate quote requests for crane and rigging in the Las Vegas metro to a generic national fallback, because we don't have a local partner locked in yet.

We only allow one crane and rigging contractor per city. It's a flat $299/mo to lock the Las Vegas territory monopoly, and you keep 100% of the leads with zero per-lead fees.

Do you want to lock the Las Vegas territory before we route these to a competitor? 

Best,
Alex
Lead Architect, Reliant Verified
https://www.reliantverified.com
"
dispatch@royalcrestrest.com,Royal Crest Restrooms of New York,New York,luxury restroom trailers,Corporate Luxury Restroom Trailers leads in New York,"Hey team,

I was reviewing the services for Royal Crest Restrooms of New York in New York.

We recently launched The Reliant Network, a closed B2B commercial directory. Right now, we are routing all the incoming corporate quote requests for luxury restroom trailers in the New York metro to a generic national fallback, because we don't have a local partner locked in yet.

We only allow one luxury restroom trailers contractor per city. It's a flat $299/mo to lock the New York territory monopoly, and you keep 100% of the leads with zero per-lead fees.

Do you want to lock the New York territory before we route these to a competitor? 

Best,
Alex
Lead Architect, Reliant Verified
https://www.reliantverified.com
"
dispatch@apexthermalfle.com,Apex Thermal Fleets of New York,New York,commercial cold storage,Corporate Commercial Cold Storage leads in New York,"Hey team,

I was reviewing the services for Apex Thermal Fleets of New York in New York.

We recently launched The Reliant Network, a closed B2B commercial directory. Right now, we are routing all the incoming corporate quote requests for commercial cold storage in the New York metro to a generic national fallback, because we don't have a local partner locked in yet.

We only allow one commercial cold storage contractor per city. It's a flat $299/mo to lock the New York territory monopoly, and you keep 100% of the leads with zero per-lead fees.

Do you want to lock the New York territory before we route these to a competitor? 

Best,
Alex
Lead Architect, Reliant Verified
https://www.reliantverified.com
"
dispatch@royalcrestrest.com,Royal Crest Restrooms of Columbus,Columbus,luxury restroom trailers,Corporate Luxury Restroom Trailers leads in Columbus,"Hey team,

I was reviewing the services for Royal Crest Restrooms of Columbus in Columbus.

We recently launched The Reliant Network, a closed B2B commercial directory. Right now, we are routing all the incoming corporate quote requests for luxury restroom trailers in the Columbus metro to a generic national fallback, because we don't have a local partner locked in yet.

We only allow one luxury restroom trailers contractor per city. It's a flat $299/mo to lock the Columbus territory monopoly, and you keep 100% of the leads with zero per-lead fees.

Do you want to lock the Columbus territory before we route these to a competitor? 

Best,
Alex
Lead Architect, Reliant Verified
https://www.reliantverified.com
"
dispatch@summitheavyrig.com,Summit Heavy Rigging & Cranes of Columbus,Columbus,crane and rigging,Corporate Crane And Rigging leads in Columbus,"Hey team,

I was reviewing the services for Summit Heavy Rigging & Cranes of Columbus in Columbus.

We recently launched The Reliant Network, a closed B2B commercial directory. Right now, we are routing all the incoming corporate quote requests for crane and rigging in the Columbus metro to a generic national fallback, because we don't have a local partner locked in yet.

We only allow one crane and rigging contractor per city. It's a flat $299/mo to lock the Columbus territory monopoly, and you keep 100% of the leads with zero per-lead fees.

Do you want to lock the Columbus territory before we route these to a competitor? 

Best,
Alex
Lead Architect, Reliant Verified
https://www.reliantverified.com
"
dispatch@royalcrestrest.com,Royal Crest Restrooms of Oklahoma City,Oklahoma City,luxury restroom trailers,Corporate Luxury Restroom Trailers leads in Oklahoma City,"Hey team,

I was reviewing the services for Royal Crest Restrooms of Oklahoma City in Oklahoma City.

We recently launched The Reliant Network, a closed B2B commercial directory. Right now, we are routing all the incoming corporate quote requests for luxury restroom trailers in the Oklahoma City metro to a generic national fallback, because we don't have a local partner locked in yet.

We only allow one luxury restroom trailers contractor per city. It's a flat $299/mo to lock the Oklahoma City territory monopoly, and you keep 100% of the leads with zero per-lead fees.

Do you want to lock the Oklahoma City territory before we route these to a competitor? 

Best,
Alex
Lead Architect, Reliant Verified
https://www.reliantverified.com
"
dispatch@apexthermalfle.com,Apex Thermal Fleets of Oklahoma City,Oklahoma City,commercial cold storage,Corporate Commercial Cold Storage leads in Oklahoma City,"Hey team,

I was reviewing the services for Apex Thermal Fleets of Oklahoma City in Oklahoma City.

We recently launched The Reliant Network, a closed B2B commercial directory. Right now, we are routing all the incoming corporate quote requests for commercial cold storage in the Oklahoma City metro to a generic national fallback, because we don't have a local partner locked in yet.

We only allow one commercial cold storage contractor per city. It's a flat $299/mo to lock the Oklahoma City territory monopoly, and you keep 100% of the leads with zero per-lead fees.

Do you want to lock the Oklahoma City territory before we route these to a competitor? 

Best,
Alex
Lead Architect, Reliant Verified
https://www.reliantverified.com
"
dispatch@royalcrestrest.com,Royal Crest Restrooms of Portland,Portland,luxury restroom trailers,Corporate Luxury Restroom Trailers leads in Portland,"Hey team,

I was reviewing the services for Royal Crest Restrooms of Portland in Portland.

We recently launched The Reliant Network, a closed B2B commercial directory. Right now, we are routing all the incoming corporate quote requests for luxury restroom trailers in the Portland metro to a generic national fallback, because we don't have a local partner locked in yet.

We only allow one luxury restroom trailers contractor per city. It's a flat $299/mo to lock the Portland territory monopoly, and you keep 100% of the leads with zero per-lead fees.

Do you want to lock the Portland territory before we route these to a competitor? 

Best,
Alex
Lead Architect, Reliant Verified
https://www.reliantverified.com
"
dispatch@summitheavyrig.com,Summit Heavy Rigging & Cranes of Portland,Portland,crane and rigging,Corporate Crane And Rigging leads in Portland,"Hey team,

I was reviewing the services for Summit Heavy Rigging & Cranes of Portland in Portland.

We recently launched The Reliant Network, a closed B2B commercial directory. Right now, we are routing all the incoming corporate quote requests for crane and rigging in the Portland metro to a generic national fallback, because we don't have a local partner locked in yet.

We only allow one crane and rigging contractor per city. It's a flat $299/mo to lock the Portland territory monopoly, and you keep 100% of the leads with zero per-lead fees.

Do you want to lock the Portland territory before we route these to a competitor? 

Best,
Alex
Lead Architect, Reliant Verified
https://www.reliantverified.com
"
dispatch@royalcrestrest.com,Royal Crest Restrooms of Philadelphia,Philadelphia,luxury restroom trailers,Corporate Luxury Restroom Trailers leads in Philadelphia,"Hey team,

I was reviewing the services for Royal Crest Restrooms of Philadelphia in Philadelphia.

We recently launched The Reliant Network, a closed B2B commercial directory. Right now, we are routing all the incoming corporate quote requests for luxury restroom trailers in the Philadelphia metro to a generic national fallback, because we don't have a local partner locked in yet.

We only allow one luxury restroom trailers contractor per city. It's a flat $299/mo to lock the Philadelphia territory monopoly, and you keep 100% of the leads with zero per-lead fees.

Do you want to lock the Philadelphia territory before we route these to a competitor? 

Best,
Alex
Lead Architect, Reliant Verified
https://www.reliantverified.com
"
dispatch@apexthermalfle.com,Apex Thermal Fleets of Philadelphia,Philadelphia,commercial cold storage,Corporate Commercial Cold Storage leads in Philadelphia,"Hey team,

I was reviewing the services for Apex Thermal Fleets of Philadelphia in Philadelphia.

We recently launched The Reliant Network, a closed B2B commercial directory. Right now, we are routing all the incoming corporate quote requests for commercial cold storage in the Philadelphia metro to a generic national fallback, because we don't have a local partner locked in yet.

We only allow one commercial cold storage contractor per city. It's a flat $299/mo to lock the Philadelphia territory monopoly, and you keep 100% of the leads with zero per-lead fees.

Do you want to lock the Philadelphia territory before we route these to a competitor? 

Best,
Alex
Lead Architect, Reliant Verified
https://www.reliantverified.com
"
dispatch@royalcrestrest.com,Royal Crest Restrooms of Providence,Providence,luxury restroom trailers,Corporate Luxury Restroom Trailers leads in Providence,"Hey team,

I was reviewing the services for Royal Crest Restrooms of Providence in Providence.

We recently launched The Reliant Network, a closed B2B commercial directory. Right now, we are routing all the incoming corporate quote requests for luxury restroom trailers in the Providence metro to a generic national fallback, because we don't have a local partner locked in yet.

We only allow one luxury restroom trailers contractor per city. It's a flat $299/mo to lock the Providence territory monopoly, and you keep 100% of the leads with zero per-lead fees.

Do you want to lock the Providence territory before we route these to a competitor? 

Best,
Alex
Lead Architect, Reliant Verified
https://www.reliantverified.com
"
dispatch@summitheavyrig.com,Summit Heavy Rigging & Cranes of Providence,Providence,crane and rigging,Corporate Crane And Rigging leads in Providence,"Hey team,

I was reviewing the services for Summit Heavy Rigging & Cranes of Providence in Providence.

We recently launched The Reliant Network, a closed B2B commercial directory. Right now, we are routing all the incoming corporate quote requests for crane and rigging in the Providence metro to a generic national fallback, because we don't have a local partner locked in yet.

We only allow one crane and rigging contractor per city. It's a flat $299/mo to lock the Providence territory monopoly, and you keep 100% of the leads with zero per-lead fees.

Do you want to lock the Providence territory before we route these to a competitor? 

Best,
Alex
Lead Architect, Reliant Verified
https://www.reliantverified.com
"
dispatch@royalcrestrest.com,Royal Crest Restrooms of Charleston,Charleston,luxury restroom trailers,Corporate Luxury Restroom Trailers leads in Charleston,"Hey team,

I was reviewing the services for Royal Crest Restrooms of Charleston in Charleston.

We recently launched The Reliant Network, a closed B2B commercial directory. Right now, we are routing all the incoming corporate quote requests for luxury restroom trailers in the Charleston metro to a generic national fallback, because we don't have a local partner locked in yet.

We only allow one luxury restroom trailers contractor per city. It's a flat $299/mo to lock the Charleston territory monopoly, and you keep 100% of the leads with zero per-lead fees.

Do you want to lock the Charleston territory before we route these to a competitor? 

Best,
Alex
Lead Architect, Reliant Verified
https://www.reliantverified.com
"
dispatch@apexthermalfle.com,Apex Thermal Fleets of Charleston,Charleston,commercial cold storage,Corporate Commercial Cold Storage leads in Charleston,"Hey team,

I was reviewing the services for Apex Thermal Fleets of Charleston in Charleston.

We recently launched The Reliant Network, a closed B2B commercial directory. Right now, we are routing all the incoming corporate quote requests for commercial cold storage in the Charleston metro to a generic national fallback, because we don't have a local partner locked in yet.

We only allow one commercial cold storage contractor per city. It's a flat $299/mo to lock the Charleston territory monopoly, and you keep 100% of the leads with zero per-lead fees.

Do you want to lock the Charleston territory before we route these to a competitor? 

Best,
Alex
Lead Architect, Reliant Verified
https://www.reliantverified.com
"
dispatch@royalcrestrest.com,Royal Crest Restrooms of Sioux Falls,Sioux Falls,luxury restroom trailers,Corporate Luxury Restroom Trailers leads in Sioux Falls,"Hey team,

I was reviewing the services for Royal Crest Restrooms of Sioux Falls in Sioux Falls.

We recently launched The Reliant Network, a closed B2B commercial directory. Right now, we are routing all the incoming corporate quote requests for luxury restroom trailers in the Sioux Falls metro to a generic national fallback, because we don't have a local partner locked in yet.

We only allow one luxury restroom trailers contractor per city. It's a flat $299/mo to lock the Sioux Falls territory monopoly, and you keep 100% of the leads with zero per-lead fees.

Do you want to lock the Sioux Falls territory before we route these to a competitor? 

Best,
Alex
Lead Architect, Reliant Verified
https://www.reliantverified.com
"
dispatch@summitheavyrig.com,Summit Heavy Rigging & Cranes of Sioux Falls,Sioux Falls,crane and rigging,Corporate Crane And Rigging leads in Sioux Falls,"Hey team,

I was reviewing the services for Summit Heavy Rigging & Cranes of Sioux Falls in Sioux Falls.

We recently launched The Reliant Network, a closed B2B commercial directory. Right now, we are routing all the incoming corporate quote requests for crane and rigging in the Sioux Falls metro to a generic national fallback, because we don't have a local partner locked in yet.

We only allow one crane and rigging contractor per city. It's a flat $299/mo to lock the Sioux Falls territory monopoly, and you keep 100% of the leads with zero per-lead fees.

Do you want to lock the Sioux Falls territory before we route these to a competitor? 

Best,
Alex
Lead Architect, Reliant Verified
https://www.reliantverified.com
"
dispatch@royalcrestrest.com,Royal Crest Restrooms of Nashville,Nashville,luxury restroom trailers,Corporate Luxury Restroom Trailers leads in Nashville,"Hey team,

I was reviewing the services for Royal Crest Restrooms of Nashville in Nashville.

We recently launched The Reliant Network, a closed B2B commercial directory. Right now, we are routing all the incoming corporate quote requests for luxury restroom trailers in the Nashville metro to a generic national fallback, because we don't have a local partner locked in yet.

We only allow one luxury restroom trailers contractor per city. It's a flat $299/mo to lock the Nashville territory monopoly, and you keep 100% of the leads with zero per-lead fees.

Do you want to lock the Nashville territory before we route these to a competitor? 

Best,
Alex
Lead Architect, Reliant Verified
https://www.reliantverified.com
"
dispatch@apexthermalfle.com,Apex Thermal Fleets of Nashville,Nashville,commercial cold storage,Corporate Commercial Cold Storage leads in Nashville,"Hey team,

I was reviewing the services for Apex Thermal Fleets of Nashville in Nashville.

We recently launched The Reliant Network, a closed B2B commercial directory. Right now, we are routing all the incoming corporate quote requests for commercial cold storage in the Nashville metro to a generic national fallback, because we don't have a local partner locked in yet.

We only allow one commercial cold storage contractor per city. It's a flat $299/mo to lock the Nashville territory monopoly, and you keep 100% of the leads with zero per-lead fees.

Do you want to lock the Nashville territory before we route these to a competitor? 

Best,
Alex
Lead Architect, Reliant Verified
https://www.reliantverified.com
"
dispatch@royalcrestrest.com,Royal Crest Restrooms of Salt Lake City,Salt Lake City,luxury restroom trailers,Corporate Luxury Restroom Trailers leads in Salt Lake City,"Hey team,

I was reviewing the services for Royal Crest Restrooms of Salt Lake City in Salt Lake City.

We recently launched The Reliant Network, a closed B2B commercial directory. Right now, we are routing all the incoming corporate quote requests for luxury restroom trailers in the Salt Lake City metro to a generic national fallback, because we don't have a local partner locked in yet.

We only allow one luxury restroom trailers contractor per city. It's a flat $299/mo to lock the Salt Lake City territory monopoly, and you keep 100% of the leads with zero per-lead fees.

Do you want to lock the Salt Lake City territory before we route these to a competitor? 

Best,
Alex
Lead Architect, Reliant Verified
https://www.reliantverified.com
"
dispatch@summitheavyrig.com,Summit Heavy Rigging & Cranes of Salt Lake City,Salt Lake City,crane and rigging,Corporate Crane And Rigging leads in Salt Lake City,"Hey team,

I was reviewing the services for Summit Heavy Rigging & Cranes of Salt Lake City in Salt Lake City.

We recently launched The Reliant Network, a closed B2B commercial directory. Right now, we are routing all the incoming corporate quote requests for crane and rigging in the Salt Lake City metro to a generic national fallback, because we don't have a local partner locked in yet.

We only allow one crane and rigging contractor per city. It's a flat $299/mo to lock the Salt Lake City territory monopoly, and you keep 100% of the leads with zero per-lead fees.

Do you want to lock the Salt Lake City territory before we route these to a competitor? 

Best,
Alex
Lead Architect, Reliant Verified
https://www.reliantverified.com
"
dispatch@royalcrestrest.com,Royal Crest Restrooms of Richmond,Richmond,luxury restroom trailers,Corporate Luxury Restroom Trailers leads in Richmond,"Hey team,

I was reviewing the services for Royal Crest Restrooms of Richmond in Richmond.

We recently launched The Reliant Network, a closed B2B commercial directory. Right now, we are routing all the incoming corporate quote requests for luxury restroom trailers in the Richmond metro to a generic national fallback, because we don't have a local partner locked in yet.

We only allow one luxury restroom trailers contractor per city. It's a flat $299/mo to lock the Richmond territory monopoly, and you keep 100% of the leads with zero per-lead fees.

Do you want to lock the Richmond territory before we route these to a competitor? 

Best,
Alex
Lead Architect, Reliant Verified
https://www.reliantverified.com
"
dispatch@apexthermalfle.com,Apex Thermal Fleets of Richmond,Richmond,commercial cold storage,Corporate Commercial Cold Storage leads in Richmond,"Hey team,

I was reviewing the services for Apex Thermal Fleets of Richmond in Richmond.

We recently launched The Reliant Network, a closed B2B commercial directory. Right now, we are routing all the incoming corporate quote requests for commercial cold storage in the Richmond metro to a generic national fallback, because we don't have a local partner locked in yet.

We only allow one commercial cold storage contractor per city. It's a flat $299/mo to lock the Richmond territory monopoly, and you keep 100% of the leads with zero per-lead fees.

Do you want to lock the Richmond territory before we route these to a competitor? 

Best,
Alex
Lead Architect, Reliant Verified
https://www.reliantverified.com
"
dispatch@royalcrestrest.com,Royal Crest Restrooms of Burlington,Burlington,luxury restroom trailers,Corporate Luxury Restroom Trailers leads in Burlington,"Hey team,

I was reviewing the services for Royal Crest Restrooms of Burlington in Burlington.

We recently launched The Reliant Network, a closed B2B commercial directory. Right now, we are routing all the incoming corporate quote requests for luxury restroom trailers in the Burlington metro to a generic national fallback, because we don't have a local partner locked in yet.

We only allow one luxury restroom trailers contractor per city. It's a flat $299/mo to lock the Burlington territory monopoly, and you keep 100% of the leads with zero per-lead fees.

Do you want to lock the Burlington territory before we route these to a competitor? 

Best,
Alex
Lead Architect, Reliant Verified
https://www.reliantverified.com
"
dispatch@summitheavyrig.com,Summit Heavy Rigging & Cranes of Burlington,Burlington,crane and rigging,Corporate Crane And Rigging leads in Burlington,"Hey team,

I was reviewing the services for Summit Heavy Rigging & Cranes of Burlington in Burlington.

We recently launched The Reliant Network, a closed B2B commercial directory. Right now, we are routing all the incoming corporate quote requests for crane and rigging in the Burlington metro to a generic national fallback, because we don't have a local partner locked in yet.

We only allow one crane and rigging contractor per city. It's a flat $299/mo to lock the Burlington territory monopoly, and you keep 100% of the leads with zero per-lead fees.

Do you want to lock the Burlington territory before we route these to a competitor? 

Best,
Alex
Lead Architect, Reliant Verified
https://www.reliantverified.com
"
dispatch@royalcrestrest.com,Royal Crest Restrooms of Milwaukee,Milwaukee,luxury restroom trailers,Corporate Luxury Restroom Trailers leads in Milwaukee,"Hey team,

I was reviewing the services for Royal Crest Restrooms of Milwaukee in Milwaukee.

We recently launched The Reliant Network, a closed B2B commercial directory. Right now, we are routing all the incoming corporate quote requests for luxury restroom trailers in the Milwaukee metro to a generic national fallback, because we don't have a local partner locked in yet.

We only allow one luxury restroom trailers contractor per city. It's a flat $299/mo to lock the Milwaukee territory monopoly, and you keep 100% of the leads with zero per-lead fees.

Do you want to lock the Milwaukee territory before we route these to a competitor? 

Best,
Alex
Lead Architect, Reliant Verified
https://www.reliantverified.com
"
dispatch@apexthermalfle.com,Apex Thermal Fleets of Milwaukee,Milwaukee,commercial cold storage,Corporate Commercial Cold Storage leads in Milwaukee,"Hey team,

I was reviewing the services for Apex Thermal Fleets of Milwaukee in Milwaukee.

We recently launched The Reliant Network, a closed B2B commercial directory. Right now, we are routing all the incoming corporate quote requests for commercial cold storage in the Milwaukee metro to a generic national fallback, because we don't have a local partner locked in yet.

We only allow one commercial cold storage contractor per city. It's a flat $299/mo to lock the Milwaukee territory monopoly, and you keep 100% of the leads with zero per-lead fees.

Do you want to lock the Milwaukee territory before we route these to a competitor? 

Best,
Alex
Lead Architect, Reliant Verified
https://www.reliantverified.com
"
dispatch@royalcrestrest.com,Royal Crest Restrooms of Charleston,Charleston,luxury restroom trailers,Corporate Luxury Restroom Trailers leads in Charleston,"Hey team,

I was reviewing the services for Royal Crest Restrooms of Charleston in Charleston.

We recently launched The Reliant Network, a closed B2B commercial directory. Right now, we are routing all the incoming corporate quote requests for luxury restroom trailers in the Charleston metro to a generic national fallback, because we don't have a local partner locked in yet.

We only allow one luxury restroom trailers contractor per city. It's a flat $299/mo to lock the Charleston territory monopoly, and you keep 100% of the leads with zero per-lead fees.

Do you want to lock the Charleston territory before we route these to a competitor? 

Best,
Alex
Lead Architect, Reliant Verified
https://www.reliantverified.com
"
dispatch@summitheavyrig.com,Summit Heavy Rigging & Cranes of Charleston,Charleston,crane and rigging,Corporate Crane And Rigging leads in Charleston,"Hey team,

I was reviewing the services for Summit Heavy Rigging & Cranes of Charleston in Charleston.

We recently launched The Reliant Network, a closed B2B commercial directory. Right now, we are routing all the incoming corporate quote requests for crane and rigging in the Charleston metro to a generic national fallback, because we don't have a local partner locked in yet.

We only allow one crane and rigging contractor per city. It's a flat $299/mo to lock the Charleston territory monopoly, and you keep 100% of the leads with zero per-lead fees.

Do you want to lock the Charleston territory before we route these to a competitor? 

Best,
Alex
Lead Architect, Reliant Verified
https://www.reliantverified.com
"
dispatch@royalcrestrest.com,Royal Crest Restrooms of Cheyenne,Cheyenne,luxury restroom trailers,Corporate Luxury Restroom Trailers leads in Cheyenne,"Hey team,

I was reviewing the services for Royal Crest Restrooms of Cheyenne in Cheyenne.

We recently launched The Reliant Network, a closed B2B commercial directory. Right now, we are routing all the incoming corporate quote requests for luxury restroom trailers in the Cheyenne metro to a generic national fallback, because we don't have a local partner locked in yet.

We only allow one luxury restroom trailers contractor per city. It's a flat $299/mo to lock the Cheyenne territory monopoly, and you keep 100% of the leads with zero per-lead fees.

Do you want to lock the Cheyenne territory before we route these to a competitor? 

Best,
Alex
Lead Architect, Reliant Verified
https://www.reliantverified.com
"
dispatch@apexthermalfle.com,Apex Thermal Fleets of Cheyenne,Cheyenne,commercial cold storage,Corporate Commercial Cold Storage leads in Cheyenne,"Hey team,

I was reviewing the services for Apex Thermal Fleets of Cheyenne in Cheyenne.

We recently launched The Reliant Network, a closed B2B commercial directory. Right now, we are routing all the incoming corporate quote requests for commercial cold storage in the Cheyenne metro to a generic national fallback, because we don't have a local partner locked in yet.

We only allow one commercial cold storage contractor per city. It's a flat $299/mo to lock the Cheyenne territory monopoly, and you keep 100% of the leads with zero per-lead fees.

Do you want to lock the Cheyenne territory before we route these to a competitor? 

Best,
Alex
Lead Architect, Reliant Verified
https://www.reliantverified.com
"
dispatch@atlanta-mega-wa.com,Atlanta Mega-Watt Emergency Power Fleets,Atlanta,commercial temporary power,Corporate Commercial Temporary Power leads in Atlanta,"Hey team,

I was reviewing the services for Atlanta Mega-Watt Emergency Power Fleets in Atlanta.

We recently launched The Reliant Network, a closed B2B commercial directory. Right now, we are routing all the incoming corporate quote requests for commercial temporary power in the Atlanta metro to a generic national fallback, because we don't have a local partner locked in yet.

We only allow one commercial temporary power contractor per city. It's a flat $299/mo to lock the Atlanta territory monopoly, and you keep 100% of the leads with zero per-lead fees.

Do you want to lock the Atlanta territory before we route these to a competitor? 

Best,
Alex
Lead Architect, Reliant Verified
https://www.reliantverified.com
"
dispatch@dallas-mega-wat.com,Dallas Mega-Watt Emergency Power Fleets,Dallas,commercial temporary power,Corporate Commercial Temporary Power leads in Dallas,"Hey team,

I was reviewing the services for Dallas Mega-Watt Emergency Power Fleets in Dallas.

We recently launched The Reliant Network, a closed B2B commercial directory. Right now, we are routing all the incoming corporate quote requests for commercial temporary power in the Dallas metro to a generic national fallback, because we don't have a local partner locked in yet.

We only allow one commercial temporary power contractor per city. It's a flat $299/mo to lock the Dallas territory monopoly, and you keep 100% of the leads with zero per-lead fees.

Do you want to lock the Dallas territory before we route these to a competitor? 

Best,
Alex
Lead Architect, Reliant Verified
https://www.reliantverified.com
"
dispatch@miami-mega-watt.com,Miami Mega-Watt Emergency Power Fleets,Miami,commercial temporary power,Corporate Commercial Temporary Power leads in Miami,"Hey team,

I was reviewing the services for Miami Mega-Watt Emergency Power Fleets in Miami.

We recently launched The Reliant Network, a closed B2B commercial directory. Right now, we are routing all the incoming corporate quote requests for commercial temporary power in the Miami metro to a generic national fallback, because we don't have a local partner locked in yet.

We only allow one commercial temporary power contractor per city. It's a flat $299/mo to lock the Miami territory monopoly, and you keep 100% of the leads with zero per-lead fees.

Do you want to lock the Miami territory before we route these to a competitor? 

Best,
Alex
Lead Architect, Reliant Verified
https://www.reliantverified.com
"
dispatch@austin-mega-wat.com,Austin Mega-Watt Emergency Power Fleets,Austin,commercial temporary power,Corporate Commercial Temporary Power leads in Austin,"Hey team,

I was reviewing the services for Austin Mega-Watt Emergency Power Fleets in Austin.

We recently launched The Reliant Network, a closed B2B commercial directory. Right now, we are routing all the incoming corporate quote requests for commercial temporary power in the Austin metro to a generic national fallback, because we don't have a local partner locked in yet.

We only allow one commercial temporary power contractor per city. It's a flat $299/mo to lock the Austin territory monopoly, and you keep 100% of the leads with zero per-lead fees.

Do you want to lock the Austin territory before we route these to a competitor? 

Best,
Alex
Lead Architect, Reliant Verified
https://www.reliantverified.com
"
dispatch@los-angeles-meg.com,Los Angeles Mega-Watt Emergency Power Fleets,Los Angeles,commercial temporary power,Corporate Commercial Temporary Power leads in Los Angeles,"Hey team,

I was reviewing the services for Los Angeles Mega-Watt Emergency Power Fleets in Los Angeles.

We recently launched The Reliant Network, a closed B2B commercial directory. Right now, we are routing all the incoming corporate quote requests for commercial temporary power in the Los Angeles metro to a generic national fallback, because we don't have a local partner locked in yet.

We only allow one commercial temporary power contractor per city. It's a flat $299/mo to lock the Los Angeles territory monopoly, and you keep 100% of the leads with zero per-lead fees.

Do you want to lock the Los Angeles territory before we route these to a competitor? 

Best,
Alex
Lead Architect, Reliant Verified
https://www.reliantverified.com
"
dispatch@chicago-mega-wa.com,Chicago Mega-Watt Emergency Power Fleets,Chicago,commercial temporary power,Corporate Commercial Temporary Power leads in Chicago,"Hey team,

I was reviewing the services for Chicago Mega-Watt Emergency Power Fleets in Chicago.

We recently launched The Reliant Network, a closed B2B commercial directory. Right now, we are routing all the incoming corporate quote requests for commercial temporary power in the Chicago metro to a generic national fallback, because we don't have a local partner locked in yet.

We only allow one commercial temporary power contractor per city. It's a flat $299/mo to lock the Chicago territory monopoly, and you keep 100% of the leads with zero per-lead fees.

Do you want to lock the Chicago territory before we route these to a competitor? 

Best,
Alex
Lead Architect, Reliant Verified
https://www.reliantverified.com
"
dispatch@houston-mega-wa.com,Houston Mega-Watt Emergency Power Fleets,Houston,commercial temporary power,Corporate Commercial Temporary Power leads in Houston,"Hey team,

I was reviewing the services for Houston Mega-Watt Emergency Power Fleets in Houston.

We recently launched The Reliant Network, a closed B2B commercial directory. Right now, we are routing all the incoming corporate quote requests for commercial temporary power in the Houston metro to a generic national fallback, because we don't have a local partner locked in yet.

We only allow one commercial temporary power contractor per city. It's a flat $299/mo to lock the Houston territory monopoly, and you keep 100% of the leads with zero per-lead fees.

Do you want to lock the Houston territory before we route these to a competitor? 

Best,
Alex
Lead Architect, Reliant Verified
https://www.reliantverified.com
"
dispatch@phoenix-mega-wa.com,Phoenix Mega-Watt Emergency Power Fleets,Phoenix,commercial temporary power,Corporate Commercial Temporary Power leads in Phoenix,"Hey team,

I was reviewing the services for Phoenix Mega-Watt Emergency Power Fleets in Phoenix.

We recently launched The Reliant Network, a closed B2B commercial directory. Right now, we are routing all the incoming corporate quote requests for commercial temporary power in the Phoenix metro to a generic national fallback, because we don't have a local partner locked in yet.

We only allow one commercial temporary power contractor per city. It's a flat $299/mo to lock the Phoenix territory monopoly, and you keep 100% of the leads with zero per-lead fees.

Do you want to lock the Phoenix territory before we route these to a competitor? 

Best,
Alex
Lead Architect, Reliant Verified
https://www.reliantverified.com
"
dispatch@denver-mega-wat.com,Denver Mega-Watt Emergency Power Fleets,Denver,commercial temporary power,Corporate Commercial Temporary Power leads in Denver,"Hey team,

I was reviewing the services for Denver Mega-Watt Emergency Power Fleets in Denver.

We recently launched The Reliant Network, a closed B2B commercial directory. Right now, we are routing all the incoming corporate quote requests for commercial temporary power in the Denver metro to a generic national fallback, because we don't have a local partner locked in yet.

We only allow one commercial temporary power contractor per city. It's a flat $299/mo to lock the Denver territory monopoly, and you keep 100% of the leads with zero per-lead fees.

Do you want to lock the Denver territory before we route these to a competitor? 

Best,
Alex
Lead Architect, Reliant Verified
https://www.reliantverified.com
"
dispatch@seattle-mega-wa.com,Seattle Mega-Watt Emergency Power Fleets,Seattle,commercial temporary power,Corporate Commercial Temporary Power leads in Seattle,"Hey team,

I was reviewing the services for Seattle Mega-Watt Emergency Power Fleets in Seattle.

We recently launched The Reliant Network, a closed B2B commercial directory. Right now, we are routing all the incoming corporate quote requests for commercial temporary power in the Seattle metro to a generic national fallback, because we don't have a local partner locked in yet.

We only allow one commercial temporary power contractor per city. It's a flat $299/mo to lock the Seattle territory monopoly, and you keep 100% of the leads with zero per-lead fees.

Do you want to lock the Seattle territory before we route these to a competitor? 

Best,
Alex
Lead Architect, Reliant Verified
https://www.reliantverified.com
"
dispatch@new-york-mega-w.com,New York Mega-Watt Emergency Power Fleets,New York,commercial temporary power,Corporate Commercial Temporary Power leads in New York,"Hey team,

I was reviewing the services for New York Mega-Watt Emergency Power Fleets in New York.

We recently launched The Reliant Network, a closed B2B commercial directory. Right now, we are routing all the incoming corporate quote requests for commercial temporary power in the New York metro to a generic national fallback, because we don't have a local partner locked in yet.

We only allow one commercial temporary power contractor per city. It's a flat $299/mo to lock the New York territory monopoly, and you keep 100% of the leads with zero per-lead fees.

Do you want to lock the New York territory before we route these to a competitor? 

Best,
Alex
Lead Architect, Reliant Verified
https://www.reliantverified.com
"
dispatch@boston-mega-wat.com,Boston Mega-Watt Emergency Power Fleets,Boston,commercial temporary power,Corporate Commercial Temporary Power leads in Boston,"Hey team,

I was reviewing the services for Boston Mega-Watt Emergency Power Fleets in Boston.

We recently launched The Reliant Network, a closed B2B commercial directory. Right now, we are routing all the incoming corporate quote requests for commercial temporary power in the Boston metro to a generic national fallback, because we don't have a local partner locked in yet.

We only allow one commercial temporary power contractor per city. It's a flat $299/mo to lock the Boston territory monopoly, and you keep 100% of the leads with zero per-lead fees.

Do you want to lock the Boston territory before we route these to a competitor? 

Best,
Alex
Lead Architect, Reliant Verified
https://www.reliantverified.com
"
dispatch@philadelphia-me.com,Philadelphia Mega-Watt Emergency Power Fleets,Philadelphia,commercial temporary power,Corporate Commercial Temporary Power leads in Philadelphia,"Hey team,

I was reviewing the services for Philadelphia Mega-Watt Emergency Power Fleets in Philadelphia.

We recently launched The Reliant Network, a closed B2B commercial directory. Right now, we are routing all the incoming corporate quote requests for commercial temporary power in the Philadelphia metro to a generic national fallback, because we don't have a local partner locked in yet.

We only allow one commercial temporary power contractor per city. It's a flat $299/mo to lock the Philadelphia territory monopoly, and you keep 100% of the leads with zero per-lead fees.

Do you want to lock the Philadelphia territory before we route these to a competitor? 

Best,
Alex
Lead Architect, Reliant Verified
https://www.reliantverified.com
"
dispatch@nashville-mega-.com,Nashville Mega-Watt Emergency Power Fleets,Nashville,commercial temporary power,Corporate Commercial Temporary Power leads in Nashville,"Hey team,

I was reviewing the services for Nashville Mega-Watt Emergency Power Fleets in Nashville.

We recently launched The Reliant Network, a closed B2B commercial directory. Right now, we are routing all the incoming corporate quote requests for commercial temporary power in the Nashville metro to a generic national fallback, because we don't have a local partner locked in yet.

We only allow one commercial temporary power contractor per city. It's a flat $299/mo to lock the Nashville territory monopoly, and you keep 100% of the leads with zero per-lead fees.

Do you want to lock the Nashville territory before we route these to a competitor? 

Best,
Alex
Lead Architect, Reliant Verified
https://www.reliantverified.com
"
dispatch@las-vegas-mega-.com,Las Vegas Mega-Watt Emergency Power Fleets,Las Vegas,commercial temporary power,Corporate Commercial Temporary Power leads in Las Vegas,"Hey team,

I was reviewing the services for Las Vegas Mega-Watt Emergency Power Fleets in Las Vegas.

We recently launched The Reliant Network, a closed B2B commercial directory. Right now, we are routing all the incoming corporate quote requests for commercial temporary power in the Las Vegas metro to a generic national fallback, because we don't have a local partner locked in yet.

We only allow one commercial temporary power contractor per city. It's a flat $299/mo to lock the Las Vegas territory monopoly, and you keep 100% of the leads with zero per-lead fees.

Do you want to lock the Las Vegas territory before we route these to a competitor? 

Best,
Alex
Lead Architect, Reliant Verified
https://www.reliantverified.com
"
dispatch@detroit-mega-wa.com,Detroit Mega-Watt Emergency Power Fleets,Detroit,commercial temporary power,Corporate Commercial Temporary Power leads in Detroit,"Hey team,

I was reviewing the services for Detroit Mega-Watt Emergency Power Fleets in Detroit.

We recently launched The Reliant Network, a closed B2B commercial directory. Right now, we are routing all the incoming corporate quote requests for commercial temporary power in the Detroit metro to a generic national fallback, because we don't have a local partner locked in yet.

We only allow one commercial temporary power contractor per city. It's a flat $299/mo to lock the Detroit territory monopoly, and you keep 100% of the leads with zero per-lead fees.

Do you want to lock the Detroit territory before we route these to a competitor? 

Best,
Alex
Lead Architect, Reliant Verified
https://www.reliantverified.com
"
dispatch@minneapolis-meg.com,Minneapolis Mega-Watt Emergency Power Fleets,Minneapolis,commercial temporary power,Corporate Commercial Temporary Power leads in Minneapolis,"Hey team,

I was reviewing the services for Minneapolis Mega-Watt Emergency Power Fleets in Minneapolis.

We recently launched The Reliant Network, a closed B2B commercial directory. Right now, we are routing all the incoming corporate quote requests for commercial temporary power in the Minneapolis metro to a generic national fallback, because we don't have a local partner locked in yet.

We only allow one commercial temporary power contractor per city. It's a flat $299/mo to lock the Minneapolis territory monopoly, and you keep 100% of the leads with zero per-lead fees.

Do you want to lock the Minneapolis territory before we route these to a competitor? 

Best,
Alex
Lead Architect, Reliant Verified
https://www.reliantverified.com
"
dispatch@atlanta-precisi.com,Atlanta Precision Millwrights & Heavy Rigging,Atlanta,heavy machinery moving,Corporate Heavy Machinery Moving leads in Atlanta,"Hey team,

I was reviewing the services for Atlanta Precision Millwrights & Heavy Rigging in Atlanta.

We recently launched The Reliant Network, a closed B2B commercial directory. Right now, we are routing all the incoming corporate quote requests for heavy machinery moving in the Atlanta metro to a generic national fallback, because we don't have a local partner locked in yet.

We only allow one heavy machinery moving contractor per city. It's a flat $299/mo to lock the Atlanta territory monopoly, and you keep 100% of the leads with zero per-lead fees.

Do you want to lock the Atlanta territory before we route these to a competitor? 

Best,
Alex
Lead Architect, Reliant Verified
https://www.reliantverified.com
"
dispatch@dallas-precisio.com,Dallas Precision Millwrights & Heavy Rigging,Dallas,heavy machinery moving,Corporate Heavy Machinery Moving leads in Dallas,"Hey team,

I was reviewing the services for Dallas Precision Millwrights & Heavy Rigging in Dallas.

We recently launched The Reliant Network, a closed B2B commercial directory. Right now, we are routing all the incoming corporate quote requests for heavy machinery moving in the Dallas metro to a generic national fallback, because we don't have a local partner locked in yet.

We only allow one heavy machinery moving contractor per city. It's a flat $299/mo to lock the Dallas territory monopoly, and you keep 100% of the leads with zero per-lead fees.

Do you want to lock the Dallas territory before we route these to a competitor? 

Best,
Alex
Lead Architect, Reliant Verified
https://www.reliantverified.com
"
dispatch@miami-precision.com,Miami Precision Millwrights & Heavy Rigging,Miami,heavy machinery moving,Corporate Heavy Machinery Moving leads in Miami,"Hey team,

I was reviewing the services for Miami Precision Millwrights & Heavy Rigging in Miami.

We recently launched The Reliant Network, a closed B2B commercial directory. Right now, we are routing all the incoming corporate quote requests for heavy machinery moving in the Miami metro to a generic national fallback, because we don't have a local partner locked in yet.

We only allow one heavy machinery moving contractor per city. It's a flat $299/mo to lock the Miami territory monopoly, and you keep 100% of the leads with zero per-lead fees.

Do you want to lock the Miami territory before we route these to a competitor? 

Best,
Alex
Lead Architect, Reliant Verified
https://www.reliantverified.com
"
dispatch@austin-precisio.com,Austin Precision Millwrights & Heavy Rigging,Austin,heavy machinery moving,Corporate Heavy Machinery Moving leads in Austin,"Hey team,

I was reviewing the services for Austin Precision Millwrights & Heavy Rigging in Austin.

We recently launched The Reliant Network, a closed B2B commercial directory. Right now, we are routing all the incoming corporate quote requests for heavy machinery moving in the Austin metro to a generic national fallback, because we don't have a local partner locked in yet.

We only allow one heavy machinery moving contractor per city. It's a flat $299/mo to lock the Austin territory monopoly, and you keep 100% of the leads with zero per-lead fees.

Do you want to lock the Austin territory before we route these to a competitor? 

Best,
Alex
Lead Architect, Reliant Verified
https://www.reliantverified.com
"
dispatch@los-angeles-pre.com,Los Angeles Precision Millwrights & Heavy Rigging,Los Angeles,heavy machinery moving,Corporate Heavy Machinery Moving leads in Los Angeles,"Hey team,

I was reviewing the services for Los Angeles Precision Millwrights & Heavy Rigging in Los Angeles.

We recently launched The Reliant Network, a closed B2B commercial directory. Right now, we are routing all the incoming corporate quote requests for heavy machinery moving in the Los Angeles metro to a generic national fallback, because we don't have a local partner locked in yet.

We only allow one heavy machinery moving contractor per city. It's a flat $299/mo to lock the Los Angeles territory monopoly, and you keep 100% of the leads with zero per-lead fees.

Do you want to lock the Los Angeles territory before we route these to a competitor? 

Best,
Alex
Lead Architect, Reliant Verified
https://www.reliantverified.com
"
dispatch@chicago-precisi.com,Chicago Precision Millwrights & Heavy Rigging,Chicago,heavy machinery moving,Corporate Heavy Machinery Moving leads in Chicago,"Hey team,

I was reviewing the services for Chicago Precision Millwrights & Heavy Rigging in Chicago.

We recently launched The Reliant Network, a closed B2B commercial directory. Right now, we are routing all the incoming corporate quote requests for heavy machinery moving in the Chicago metro to a generic national fallback, because we don't have a local partner locked in yet.

We only allow one heavy machinery moving contractor per city. It's a flat $299/mo to lock the Chicago territory monopoly, and you keep 100% of the leads with zero per-lead fees.

Do you want to lock the Chicago territory before we route these to a competitor? 

Best,
Alex
Lead Architect, Reliant Verified
https://www.reliantverified.com
"
dispatch@houston-precisi.com,Houston Precision Millwrights & Heavy Rigging,Houston,heavy machinery moving,Corporate Heavy Machinery Moving leads in Houston,"Hey team,

I was reviewing the services for Houston Precision Millwrights & Heavy Rigging in Houston.

We recently launched The Reliant Network, a closed B2B commercial directory. Right now, we are routing all the incoming corporate quote requests for heavy machinery moving in the Houston metro to a generic national fallback, because we don't have a local partner locked in yet.

We only allow one heavy machinery moving contractor per city. It's a flat $299/mo to lock the Houston territory monopoly, and you keep 100% of the leads with zero per-lead fees.

Do you want to lock the Houston territory before we route these to a competitor? 

Best,
Alex
Lead Architect, Reliant Verified
https://www.reliantverified.com
"
dispatch@phoenix-precisi.com,Phoenix Precision Millwrights & Heavy Rigging,Phoenix,heavy machinery moving,Corporate Heavy Machinery Moving leads in Phoenix,"Hey team,

I was reviewing the services for Phoenix Precision Millwrights & Heavy Rigging in Phoenix.

We recently launched The Reliant Network, a closed B2B commercial directory. Right now, we are routing all the incoming corporate quote requests for heavy machinery moving in the Phoenix metro to a generic national fallback, because we don't have a local partner locked in yet.

We only allow one heavy machinery moving contractor per city. It's a flat $299/mo to lock the Phoenix territory monopoly, and you keep 100% of the leads with zero per-lead fees.

Do you want to lock the Phoenix territory before we route these to a competitor? 

Best,
Alex
Lead Architect, Reliant Verified
https://www.reliantverified.com
"
dispatch@denver-precisio.com,Denver Precision Millwrights & Heavy Rigging,Denver,heavy machinery moving,Corporate Heavy Machinery Moving leads in Denver,"Hey team,

I was reviewing the services for Denver Precision Millwrights & Heavy Rigging in Denver.

We recently launched The Reliant Network, a closed B2B commercial directory. Right now, we are routing all the incoming corporate quote requests for heavy machinery moving in the Denver metro to a generic national fallback, because we don't have a local partner locked in yet.

We only allow one heavy machinery moving contractor per city. It's a flat $299/mo to lock the Denver territory monopoly, and you keep 100% of the leads with zero per-lead fees.

Do you want to lock the Denver territory before we route these to a competitor? 

Best,
Alex
Lead Architect, Reliant Verified
https://www.reliantverified.com
"
dispatch@seattle-precisi.com,Seattle Precision Millwrights & Heavy Rigging,Seattle,heavy machinery moving,Corporate Heavy Machinery Moving leads in Seattle,"Hey team,

I was reviewing the services for Seattle Precision Millwrights & Heavy Rigging in Seattle.

We recently launched The Reliant Network, a closed B2B commercial directory. Right now, we are routing all the incoming corporate quote requests for heavy machinery moving in the Seattle metro to a generic national fallback, because we don't have a local partner locked in yet.

We only allow one heavy machinery moving contractor per city. It's a flat $299/mo to lock the Seattle territory monopoly, and you keep 100% of the leads with zero per-lead fees.

Do you want to lock the Seattle territory before we route these to a competitor? 

Best,
Alex
Lead Architect, Reliant Verified
https://www.reliantverified.com
"
dispatch@new-york-precis.com,New York Precision Millwrights & Heavy Rigging,New York,heavy machinery moving,Corporate Heavy Machinery Moving leads in New York,"Hey team,

I was reviewing the services for New York Precision Millwrights & Heavy Rigging in New York.

We recently launched The Reliant Network, a closed B2B commercial directory. Right now, we are routing all the incoming corporate quote requests for heavy machinery moving in the New York metro to a generic national fallback, because we don't have a local partner locked in yet.

We only allow one heavy machinery moving contractor per city. It's a flat $299/mo to lock the New York territory monopoly, and you keep 100% of the leads with zero per-lead fees.

Do you want to lock the New York territory before we route these to a competitor? 

Best,
Alex
Lead Architect, Reliant Verified
https://www.reliantverified.com
"
dispatch@boston-precisio.com,Boston Precision Millwrights & Heavy Rigging,Boston,heavy machinery moving,Corporate Heavy Machinery Moving leads in Boston,"Hey team,

I was reviewing the services for Boston Precision Millwrights & Heavy Rigging in Boston.

We recently launched The Reliant Network, a closed B2B commercial directory. Right now, we are routing all the incoming corporate quote requests for heavy machinery moving in the Boston metro to a generic national fallback, because we don't have a local partner locked in yet.

We only allow one heavy machinery moving contractor per city. It's a flat $299/mo to lock the Boston territory monopoly, and you keep 100% of the leads with zero per-lead fees.

Do you want to lock the Boston territory before we route these to a competitor? 

Best,
Alex
Lead Architect, Reliant Verified
https://www.reliantverified.com
"
dispatch@philadelphia-pr.com,Philadelphia Precision Millwrights & Heavy Rigging,Philadelphia,heavy machinery moving,Corporate Heavy Machinery Moving leads in Philadelphia,"Hey team,

I was reviewing the services for Philadelphia Precision Millwrights & Heavy Rigging in Philadelphia.

We recently launched The Reliant Network, a closed B2B commercial directory. Right now, we are routing all the incoming corporate quote requests for heavy machinery moving in the Philadelphia metro to a generic national fallback, because we don't have a local partner locked in yet.

We only allow one heavy machinery moving contractor per city. It's a flat $299/mo to lock the Philadelphia territory monopoly, and you keep 100% of the leads with zero per-lead fees.

Do you want to lock the Philadelphia territory before we route these to a competitor? 

Best,
Alex
Lead Architect, Reliant Verified
https://www.reliantverified.com
"
dispatch@nashville-preci.com,Nashville Precision Millwrights & Heavy Rigging,Nashville,heavy machinery moving,Corporate Heavy Machinery Moving leads in Nashville,"Hey team,

I was reviewing the services for Nashville Precision Millwrights & Heavy Rigging in Nashville.

We recently launched The Reliant Network, a closed B2B commercial directory. Right now, we are routing all the incoming corporate quote requests for heavy machinery moving in the Nashville metro to a generic national fallback, because we don't have a local partner locked in yet.

We only allow one heavy machinery moving contractor per city. It's a flat $299/mo to lock the Nashville territory monopoly, and you keep 100% of the leads with zero per-lead fees.

Do you want to lock the Nashville territory before we route these to a competitor? 

Best,
Alex
Lead Architect, Reliant Verified
https://www.reliantverified.com
"
dispatch@las-vegas-preci.com,Las Vegas Precision Millwrights & Heavy Rigging,Las Vegas,heavy machinery moving,Corporate Heavy Machinery Moving leads in Las Vegas,"Hey team,

I was reviewing the services for Las Vegas Precision Millwrights & Heavy Rigging in Las Vegas.

We recently launched The Reliant Network, a closed B2B commercial directory. Right now, we are routing all the incoming corporate quote requests for heavy machinery moving in the Las Vegas metro to a generic national fallback, because we don't have a local partner locked in yet.

We only allow one heavy machinery moving contractor per city. It's a flat $299/mo to lock the Las Vegas territory monopoly, and you keep 100% of the leads with zero per-lead fees.

Do you want to lock the Las Vegas territory before we route these to a competitor? 

Best,
Alex
Lead Architect, Reliant Verified
https://www.reliantverified.com
"
dispatch@detroit-precisi.com,Detroit Precision Millwrights & Heavy Rigging,Detroit,heavy machinery moving,Corporate Heavy Machinery Moving leads in Detroit,"Hey team,

I was reviewing the services for Detroit Precision Millwrights & Heavy Rigging in Detroit.

We recently launched The Reliant Network, a closed B2B commercial directory. Right now, we are routing all the incoming corporate quote requests for heavy machinery moving in the Detroit metro to a generic national fallback, because we don't have a local partner locked in yet.

We only allow one heavy machinery moving contractor per city. It's a flat $299/mo to lock the Detroit territory monopoly, and you keep 100% of the leads with zero per-lead fees.

Do you want to lock the Detroit territory before we route these to a competitor? 

Best,
Alex
Lead Architect, Reliant Verified
https://www.reliantverified.com
"
dispatch@minneapolis-pre.com,Minneapolis Precision Millwrights & Heavy Rigging,Minneapolis,heavy machinery moving,Corporate Heavy Machinery Moving leads in Minneapolis,"Hey team,

I was reviewing the services for Minneapolis Precision Millwrights & Heavy Rigging in Minneapolis.

We recently launched The Reliant Network, a closed B2B commercial directory. Right now, we are routing all the incoming corporate quote requests for heavy machinery moving in the Minneapolis metro to a generic national fallback, because we don't have a local partner locked in yet.

We only allow one heavy machinery moving contractor per city. It's a flat $299/mo to lock the Minneapolis territory monopoly, and you keep 100% of the leads with zero per-lead fees.

Do you want to lock the Minneapolis territory before we route these to a competitor? 

Best,
Alex
Lead Architect, Reliant Verified
https://www.reliantverified.com
"
dispatch@gentle-transiti.com,Gentle Transitions Senior Move Management of Atlanta,Atlanta,senior facility downsizing,Corporate Senior Facility Downsizing leads in Atlanta,"Hey team,

I was reviewing the services for Gentle Transitions Senior Move Management of Atlanta in Atlanta.

We recently launched The Reliant Network, a closed B2B commercial directory. Right now, we are routing all the incoming corporate quote requests for senior facility downsizing in the Atlanta metro to a generic national fallback, because we don't have a local partner locked in yet.

We only allow one senior facility downsizing contractor per city. It's a flat $299/mo to lock the Atlanta territory monopoly, and you keep 100% of the leads with zero per-lead fees.

Do you want to lock the Atlanta territory before we route these to a competitor? 

Best,
Alex
Lead Architect, Reliant Verified
https://www.reliantverified.com
"
dispatch@gentle-transiti.com,Gentle Transitions Senior Move Management of Dallas,Dallas,senior facility downsizing,Corporate Senior Facility Downsizing leads in Dallas,"Hey team,

I was reviewing the services for Gentle Transitions Senior Move Management of Dallas in Dallas.

We recently launched The Reliant Network, a closed B2B commercial directory. Right now, we are routing all the incoming corporate quote requests for senior facility downsizing in the Dallas metro to a generic national fallback, because we don't have a local partner locked in yet.

We only allow one senior facility downsizing contractor per city. It's a flat $299/mo to lock the Dallas territory monopoly, and you keep 100% of the leads with zero per-lead fees.

Do you want to lock the Dallas territory before we route these to a competitor? 

Best,
Alex
Lead Architect, Reliant Verified
https://www.reliantverified.com
"
dispatch@gentle-transiti.com,Gentle Transitions Senior Move Management of Miami,Miami,senior facility downsizing,Corporate Senior Facility Downsizing leads in Miami,"Hey team,

I was reviewing the services for Gentle Transitions Senior Move Management of Miami in Miami.

We recently launched The Reliant Network, a closed B2B commercial directory. Right now, we are routing all the incoming corporate quote requests for senior facility downsizing in the Miami metro to a generic national fallback, because we don't have a local partner locked in yet.

We only allow one senior facility downsizing contractor per city. It's a flat $299/mo to lock the Miami territory monopoly, and you keep 100% of the leads with zero per-lead fees.

Do you want to lock the Miami territory before we route these to a competitor? 

Best,
Alex
Lead Architect, Reliant Verified
https://www.reliantverified.com
"
dispatch@gentle-transiti.com,Gentle Transitions Senior Move Management of Austin,Austin,senior facility downsizing,Corporate Senior Facility Downsizing leads in Austin,"Hey team,

I was reviewing the services for Gentle Transitions Senior Move Management of Austin in Austin.

We recently launched The Reliant Network, a closed B2B commercial directory. Right now, we are routing all the incoming corporate quote requests for senior facility downsizing in the Austin metro to a generic national fallback, because we don't have a local partner locked in yet.

We only allow one senior facility downsizing contractor per city. It's a flat $299/mo to lock the Austin territory monopoly, and you keep 100% of the leads with zero per-lead fees.

Do you want to lock the Austin territory before we route these to a competitor? 

Best,
Alex
Lead Architect, Reliant Verified
https://www.reliantverified.com
"
dispatch@gentle-transiti.com,Gentle Transitions Senior Move Management of Los Angeles,Los Angeles,senior facility downsizing,Corporate Senior Facility Downsizing leads in Los Angeles,"Hey team,

I was reviewing the services for Gentle Transitions Senior Move Management of Los Angeles in Los Angeles.

We recently launched The Reliant Network, a closed B2B commercial directory. Right now, we are routing all the incoming corporate quote requests for senior facility downsizing in the Los Angeles metro to a generic national fallback, because we don't have a local partner locked in yet.

We only allow one senior facility downsizing contractor per city. It's a flat $299/mo to lock the Los Angeles territory monopoly, and you keep 100% of the leads with zero per-lead fees.

Do you want to lock the Los Angeles territory before we route these to a competitor? 

Best,
Alex
Lead Architect, Reliant Verified
https://www.reliantverified.com
"
dispatch@gentle-transiti.com,Gentle Transitions Senior Move Management of Chicago,Chicago,senior facility downsizing,Corporate Senior Facility Downsizing leads in Chicago,"Hey team,

I was reviewing the services for Gentle Transitions Senior Move Management of Chicago in Chicago.

We recently launched The Reliant Network, a closed B2B commercial directory. Right now, we are routing all the incoming corporate quote requests for senior facility downsizing in the Chicago metro to a generic national fallback, because we don't have a local partner locked in yet.

We only allow one senior facility downsizing contractor per city. It's a flat $299/mo to lock the Chicago territory monopoly, and you keep 100% of the leads with zero per-lead fees.

Do you want to lock the Chicago territory before we route these to a competitor? 

Best,
Alex
Lead Architect, Reliant Verified
https://www.reliantverified.com
"
dispatch@gentle-transiti.com,Gentle Transitions Senior Move Management of Houston,Houston,senior facility downsizing,Corporate Senior Facility Downsizing leads in Houston,"Hey team,

I was reviewing the services for Gentle Transitions Senior Move Management of Houston in Houston.

We recently launched The Reliant Network, a closed B2B commercial directory. Right now, we are routing all the incoming corporate quote requests for senior facility downsizing in the Houston metro to a generic national fallback, because we don't have a local partner locked in yet.

We only allow one senior facility downsizing contractor per city. It's a flat $299/mo to lock the Houston territory monopoly, and you keep 100% of the leads with zero per-lead fees.

Do you want to lock the Houston territory before we route these to a competitor? 

Best,
Alex
Lead Architect, Reliant Verified
https://www.reliantverified.com
"
dispatch@gentle-transiti.com,Gentle Transitions Senior Move Management of Phoenix,Phoenix,senior facility downsizing,Corporate Senior Facility Downsizing leads in Phoenix,"Hey team,

I was reviewing the services for Gentle Transitions Senior Move Management of Phoenix in Phoenix.

We recently launched The Reliant Network, a closed B2B commercial directory. Right now, we are routing all the incoming corporate quote requests for senior facility downsizing in the Phoenix metro to a generic national fallback, because we don't have a local partner locked in yet.

We only allow one senior facility downsizing contractor per city. It's a flat $299/mo to lock the Phoenix territory monopoly, and you keep 100% of the leads with zero per-lead fees.

Do you want to lock the Phoenix territory before we route these to a competitor? 

Best,
Alex
Lead Architect, Reliant Verified
https://www.reliantverified.com
"
dispatch@gentle-transiti.com,Gentle Transitions Senior Move Management of Denver,Denver,senior facility downsizing,Corporate Senior Facility Downsizing leads in Denver,"Hey team,

I was reviewing the services for Gentle Transitions Senior Move Management of Denver in Denver.

We recently launched The Reliant Network, a closed B2B commercial directory. Right now, we are routing all the incoming corporate quote requests for senior facility downsizing in the Denver metro to a generic national fallback, because we don't have a local partner locked in yet.

We only allow one senior facility downsizing contractor per city. It's a flat $299/mo to lock the Denver territory monopoly, and you keep 100% of the leads with zero per-lead fees.

Do you want to lock the Denver territory before we route these to a competitor? 

Best,
Alex
Lead Architect, Reliant Verified
https://www.reliantverified.com
"
dispatch@gentle-transiti.com,Gentle Transitions Senior Move Management of Seattle,Seattle,senior facility downsizing,Corporate Senior Facility Downsizing leads in Seattle,"Hey team,

I was reviewing the services for Gentle Transitions Senior Move Management of Seattle in Seattle.

We recently launched The Reliant Network, a closed B2B commercial directory. Right now, we are routing all the incoming corporate quote requests for senior facility downsizing in the Seattle metro to a generic national fallback, because we don't have a local partner locked in yet.

We only allow one senior facility downsizing contractor per city. It's a flat $299/mo to lock the Seattle territory monopoly, and you keep 100% of the leads with zero per-lead fees.

Do you want to lock the Seattle territory before we route these to a competitor? 

Best,
Alex
Lead Architect, Reliant Verified
https://www.reliantverified.com
"
dispatch@gentle-transiti.com,Gentle Transitions Senior Move Management of New York,New York,senior facility downsizing,Corporate Senior Facility Downsizing leads in New York,"Hey team,

I was reviewing the services for Gentle Transitions Senior Move Management of New York in New York.

We recently launched The Reliant Network, a closed B2B commercial directory. Right now, we are routing all the incoming corporate quote requests for senior facility downsizing in the New York metro to a generic national fallback, because we don't have a local partner locked in yet.

We only allow one senior facility downsizing contractor per city. It's a flat $299/mo to lock the New York territory monopoly, and you keep 100% of the leads with zero per-lead fees.

Do you want to lock the New York territory before we route these to a competitor? 

Best,
Alex
Lead Architect, Reliant Verified
https://www.reliantverified.com
"
dispatch@gentle-transiti.com,Gentle Transitions Senior Move Management of Boston,Boston,senior facility downsizing,Corporate Senior Facility Downsizing leads in Boston,"Hey team,

I was reviewing the services for Gentle Transitions Senior Move Management of Boston in Boston.

We recently launched The Reliant Network, a closed B2B commercial directory. Right now, we are routing all the incoming corporate quote requests for senior facility downsizing in the Boston metro to a generic national fallback, because we don't have a local partner locked in yet.

We only allow one senior facility downsizing contractor per city. It's a flat $299/mo to lock the Boston territory monopoly, and you keep 100% of the leads with zero per-lead fees.

Do you want to lock the Boston territory before we route these to a competitor? 

Best,
Alex
Lead Architect, Reliant Verified
https://www.reliantverified.com
"
dispatch@gentle-transiti.com,Gentle Transitions Senior Move Management of Philadelphia,Philadelphia,senior facility downsizing,Corporate Senior Facility Downsizing leads in Philadelphia,"Hey team,

I was reviewing the services for Gentle Transitions Senior Move Management of Philadelphia in Philadelphia.

We recently launched The Reliant Network, a closed B2B commercial directory. Right now, we are routing all the incoming corporate quote requests for senior facility downsizing in the Philadelphia metro to a generic national fallback, because we don't have a local partner locked in yet.

We only allow one senior facility downsizing contractor per city. It's a flat $299/mo to lock the Philadelphia territory monopoly, and you keep 100% of the leads with zero per-lead fees.

Do you want to lock the Philadelphia territory before we route these to a competitor? 

Best,
Alex
Lead Architect, Reliant Verified
https://www.reliantverified.com
"
dispatch@gentle-transiti.com,Gentle Transitions Senior Move Management of Nashville,Nashville,senior facility downsizing,Corporate Senior Facility Downsizing leads in Nashville,"Hey team,

I was reviewing the services for Gentle Transitions Senior Move Management of Nashville in Nashville.

We recently launched The Reliant Network, a closed B2B commercial directory. Right now, we are routing all the incoming corporate quote requests for senior facility downsizing in the Nashville metro to a generic national fallback, because we don't have a local partner locked in yet.

We only allow one senior facility downsizing contractor per city. It's a flat $299/mo to lock the Nashville territory monopoly, and you keep 100% of the leads with zero per-lead fees.

Do you want to lock the Nashville territory before we route these to a competitor? 

Best,
Alex
Lead Architect, Reliant Verified
https://www.reliantverified.com
"
dispatch@gentle-transiti.com,Gentle Transitions Senior Move Management of Las Vegas,Las Vegas,senior facility downsizing,Corporate Senior Facility Downsizing leads in Las Vegas,"Hey team,

I was reviewing the services for Gentle Transitions Senior Move Management of Las Vegas in Las Vegas.

We recently launched The Reliant Network, a closed B2B commercial directory. Right now, we are routing all the incoming corporate quote requests for senior facility downsizing in the Las Vegas metro to a generic national fallback, because we don't have a local partner locked in yet.

We only allow one senior facility downsizing contractor per city. It's a flat $299/mo to lock the Las Vegas territory monopoly, and you keep 100% of the leads with zero per-lead fees.

Do you want to lock the Las Vegas territory before we route these to a competitor? 

Best,
Alex
Lead Architect, Reliant Verified
https://www.reliantverified.com
"
dispatch@gentle-transiti.com,Gentle Transitions Senior Move Management of Detroit,Detroit,senior facility downsizing,Corporate Senior Facility Downsizing leads in Detroit,"Hey team,

I was reviewing the services for Gentle Transitions Senior Move Management of Detroit in Detroit.

We recently launched The Reliant Network, a closed B2B commercial directory. Right now, we are routing all the incoming corporate quote requests for senior facility downsizing in the Detroit metro to a generic national fallback, because we don't have a local partner locked in yet.

We only allow one senior facility downsizing contractor per city. It's a flat $299/mo to lock the Detroit territory monopoly, and you keep 100% of the leads with zero per-lead fees.

Do you want to lock the Detroit territory before we route these to a competitor? 

Best,
Alex
Lead Architect, Reliant Verified
https://www.reliantverified.com
"
dispatch@gentle-transiti.com,Gentle Transitions Senior Move Management of Minneapolis,Minneapolis,senior facility downsizing,Corporate Senior Facility Downsizing leads in Minneapolis,"Hey team,

I was reviewing the services for Gentle Transitions Senior Move Management of Minneapolis in Minneapolis.

We recently launched The Reliant Network, a closed B2B commercial directory. Right now, we are routing all the incoming corporate quote requests for senior facility downsizing in the Minneapolis metro to a generic national fallback, because we don't have a local partner locked in yet.

We only allow one senior facility downsizing contractor per city. It's a flat $299/mo to lock the Minneapolis territory monopoly, and you keep 100% of the leads with zero per-lead fees.

Do you want to lock the Minneapolis territory before we route these to a competitor? 

Best,
Alex
Lead Architect, Reliant Verified
https://www.reliantverified.com
"
dispatch@apex-mobility-a.com,Apex Mobility Accessible Vans of Atlanta,Atlanta,commercial wheelchair vans,Corporate Commercial Wheelchair Vans leads in Atlanta,"Hey team,

I was reviewing the services for Apex Mobility Accessible Vans of Atlanta in Atlanta.

We recently launched The Reliant Network, a closed B2B commercial directory. Right now, we are routing all the incoming corporate quote requests for commercial wheelchair vans in the Atlanta metro to a generic national fallback, because we don't have a local partner locked in yet.

We only allow one commercial wheelchair vans contractor per city. It's a flat $299/mo to lock the Atlanta territory monopoly, and you keep 100% of the leads with zero per-lead fees.

Do you want to lock the Atlanta territory before we route these to a competitor? 

Best,
Alex
Lead Architect, Reliant Verified
https://www.reliantverified.com
"
dispatch@apex-mobility-a.com,Apex Mobility Accessible Vans of Dallas,Dallas,commercial wheelchair vans,Corporate Commercial Wheelchair Vans leads in Dallas,"Hey team,

I was reviewing the services for Apex Mobility Accessible Vans of Dallas in Dallas.

We recently launched The Reliant Network, a closed B2B commercial directory. Right now, we are routing all the incoming corporate quote requests for commercial wheelchair vans in the Dallas metro to a generic national fallback, because we don't have a local partner locked in yet.

We only allow one commercial wheelchair vans contractor per city. It's a flat $299/mo to lock the Dallas territory monopoly, and you keep 100% of the leads with zero per-lead fees.

Do you want to lock the Dallas territory before we route these to a competitor? 

Best,
Alex
Lead Architect, Reliant Verified
https://www.reliantverified.com
"
dispatch@apex-mobility-a.com,Apex Mobility Accessible Vans of Miami,Miami,commercial wheelchair vans,Corporate Commercial Wheelchair Vans leads in Miami,"Hey team,

I was reviewing the services for Apex Mobility Accessible Vans of Miami in Miami.

We recently launched The Reliant Network, a closed B2B commercial directory. Right now, we are routing all the incoming corporate quote requests for commercial wheelchair vans in the Miami metro to a generic national fallback, because we don't have a local partner locked in yet.

We only allow one commercial wheelchair vans contractor per city. It's a flat $299/mo to lock the Miami territory monopoly, and you keep 100% of the leads with zero per-lead fees.

Do you want to lock the Miami territory before we route these to a competitor? 

Best,
Alex
Lead Architect, Reliant Verified
https://www.reliantverified.com
"
dispatch@apex-mobility-a.com,Apex Mobility Accessible Vans of Austin,Austin,commercial wheelchair vans,Corporate Commercial Wheelchair Vans leads in Austin,"Hey team,

I was reviewing the services for Apex Mobility Accessible Vans of Austin in Austin.

We recently launched The Reliant Network, a closed B2B commercial directory. Right now, we are routing all the incoming corporate quote requests for commercial wheelchair vans in the Austin metro to a generic national fallback, because we don't have a local partner locked in yet.

We only allow one commercial wheelchair vans contractor per city. It's a flat $299/mo to lock the Austin territory monopoly, and you keep 100% of the leads with zero per-lead fees.

Do you want to lock the Austin territory before we route these to a competitor? 

Best,
Alex
Lead Architect, Reliant Verified
https://www.reliantverified.com
"
dispatch@apex-mobility-a.com,Apex Mobility Accessible Vans of Los Angeles,Los Angeles,commercial wheelchair vans,Corporate Commercial Wheelchair Vans leads in Los Angeles,"Hey team,

I was reviewing the services for Apex Mobility Accessible Vans of Los Angeles in Los Angeles.

We recently launched The Reliant Network, a closed B2B commercial directory. Right now, we are routing all the incoming corporate quote requests for commercial wheelchair vans in the Los Angeles metro to a generic national fallback, because we don't have a local partner locked in yet.

We only allow one commercial wheelchair vans contractor per city. It's a flat $299/mo to lock the Los Angeles territory monopoly, and you keep 100% of the leads with zero per-lead fees.

Do you want to lock the Los Angeles territory before we route these to a competitor? 

Best,
Alex
Lead Architect, Reliant Verified
https://www.reliantverified.com
"
dispatch@apex-mobility-a.com,Apex Mobility Accessible Vans of Chicago,Chicago,commercial wheelchair vans,Corporate Commercial Wheelchair Vans leads in Chicago,"Hey team,

I was reviewing the services for Apex Mobility Accessible Vans of Chicago in Chicago.

We recently launched The Reliant Network, a closed B2B commercial directory. Right now, we are routing all the incoming corporate quote requests for commercial wheelchair vans in the Chicago metro to a generic national fallback, because we don't have a local partner locked in yet.

We only allow one commercial wheelchair vans contractor per city. It's a flat $299/mo to lock the Chicago territory monopoly, and you keep 100% of the leads with zero per-lead fees.

Do you want to lock the Chicago territory before we route these to a competitor? 

Best,
Alex
Lead Architect, Reliant Verified
https://www.reliantverified.com
"
dispatch@apex-mobility-a.com,Apex Mobility Accessible Vans of Houston,Houston,commercial wheelchair vans,Corporate Commercial Wheelchair Vans leads in Houston,"Hey team,

I was reviewing the services for Apex Mobility Accessible Vans of Houston in Houston.

We recently launched The Reliant Network, a closed B2B commercial directory. Right now, we are routing all the incoming corporate quote requests for commercial wheelchair vans in the Houston metro to a generic national fallback, because we don't have a local partner locked in yet.

We only allow one commercial wheelchair vans contractor per city. It's a flat $299/mo to lock the Houston territory monopoly, and you keep 100% of the leads with zero per-lead fees.

Do you want to lock the Houston territory before we route these to a competitor? 

Best,
Alex
Lead Architect, Reliant Verified
https://www.reliantverified.com
"
dispatch@apex-mobility-a.com,Apex Mobility Accessible Vans of Phoenix,Phoenix,commercial wheelchair vans,Corporate Commercial Wheelchair Vans leads in Phoenix,"Hey team,

I was reviewing the services for Apex Mobility Accessible Vans of Phoenix in Phoenix.

We recently launched The Reliant Network, a closed B2B commercial directory. Right now, we are routing all the incoming corporate quote requests for commercial wheelchair vans in the Phoenix metro to a generic national fallback, because we don't have a local partner locked in yet.

We only allow one commercial wheelchair vans contractor per city. It's a flat $299/mo to lock the Phoenix territory monopoly, and you keep 100% of the leads with zero per-lead fees.

Do you want to lock the Phoenix territory before we route these to a competitor? 

Best,
Alex
Lead Architect, Reliant Verified
https://www.reliantverified.com
"
dispatch@apex-mobility-a.com,Apex Mobility Accessible Vans of Denver,Denver,commercial wheelchair vans,Corporate Commercial Wheelchair Vans leads in Denver,"Hey team,

I was reviewing the services for Apex Mobility Accessible Vans of Denver in Denver.

We recently launched The Reliant Network, a closed B2B commercial directory. Right now, we are routing all the incoming corporate quote requests for commercial wheelchair vans in the Denver metro to a generic national fallback, because we don't have a local partner locked in yet.

We only allow one commercial wheelchair vans contractor per city. It's a flat $299/mo to lock the Denver territory monopoly, and you keep 100% of the leads with zero per-lead fees.

Do you want to lock the Denver territory before we route these to a competitor? 

Best,
Alex
Lead Architect, Reliant Verified
https://www.reliantverified.com
"
dispatch@apex-mobility-a.com,Apex Mobility Accessible Vans of Seattle,Seattle,commercial wheelchair vans,Corporate Commercial Wheelchair Vans leads in Seattle,"Hey team,

I was reviewing the services for Apex Mobility Accessible Vans of Seattle in Seattle.

We recently launched The Reliant Network, a closed B2B commercial directory. Right now, we are routing all the incoming corporate quote requests for commercial wheelchair vans in the Seattle metro to a generic national fallback, because we don't have a local partner locked in yet.

We only allow one commercial wheelchair vans contractor per city. It's a flat $299/mo to lock the Seattle territory monopoly, and you keep 100% of the leads with zero per-lead fees.

Do you want to lock the Seattle territory before we route these to a competitor? 

Best,
Alex
Lead Architect, Reliant Verified
https://www.reliantverified.com
"
dispatch@apex-mobility-a.com,Apex Mobility Accessible Vans of New York,New York,commercial wheelchair vans,Corporate Commercial Wheelchair Vans leads in New York,"Hey team,

I was reviewing the services for Apex Mobility Accessible Vans of New York in New York.

We recently launched The Reliant Network, a closed B2B commercial directory. Right now, we are routing all the incoming corporate quote requests for commercial wheelchair vans in the New York metro to a generic national fallback, because we don't have a local partner locked in yet.

We only allow one commercial wheelchair vans contractor per city. It's a flat $299/mo to lock the New York territory monopoly, and you keep 100% of the leads with zero per-lead fees.

Do you want to lock the New York territory before we route these to a competitor? 

Best,
Alex
Lead Architect, Reliant Verified
https://www.reliantverified.com
"
dispatch@apex-mobility-a.com,Apex Mobility Accessible Vans of Boston,Boston,commercial wheelchair vans,Corporate Commercial Wheelchair Vans leads in Boston,"Hey team,

I was reviewing the services for Apex Mobility Accessible Vans of Boston in Boston.

We recently launched The Reliant Network, a closed B2B commercial directory. Right now, we are routing all the incoming corporate quote requests for commercial wheelchair vans in the Boston metro to a generic national fallback, because we don't have a local partner locked in yet.

We only allow one commercial wheelchair vans contractor per city. It's a flat $299/mo to lock the Boston territory monopoly, and you keep 100% of the leads with zero per-lead fees.

Do you want to lock the Boston territory before we route these to a competitor? 

Best,
Alex
Lead Architect, Reliant Verified
https://www.reliantverified.com
"
dispatch@apex-mobility-a.com,Apex Mobility Accessible Vans of Philadelphia,Philadelphia,commercial wheelchair vans,Corporate Commercial Wheelchair Vans leads in Philadelphia,"Hey team,

I was reviewing the services for Apex Mobility Accessible Vans of Philadelphia in Philadelphia.

We recently launched The Reliant Network, a closed B2B commercial directory. Right now, we are routing all the incoming corporate quote requests for commercial wheelchair vans in the Philadelphia metro to a generic national fallback, because we don't have a local partner locked in yet.

We only allow one commercial wheelchair vans contractor per city. It's a flat $299/mo to lock the Philadelphia territory monopoly, and you keep 100% of the leads with zero per-lead fees.

Do you want to lock the Philadelphia territory before we route these to a competitor? 

Best,
Alex
Lead Architect, Reliant Verified
https://www.reliantverified.com
"
dispatch@apex-mobility-a.com,Apex Mobility Accessible Vans of Nashville,Nashville,commercial wheelchair vans,Corporate Commercial Wheelchair Vans leads in Nashville,"Hey team,

I was reviewing the services for Apex Mobility Accessible Vans of Nashville in Nashville.

We recently launched The Reliant Network, a closed B2B commercial directory. Right now, we are routing all the incoming corporate quote requests for commercial wheelchair vans in the Nashville metro to a generic national fallback, because we don't have a local partner locked in yet.

We only allow one commercial wheelchair vans contractor per city. It's a flat $299/mo to lock the Nashville territory monopoly, and you keep 100% of the leads with zero per-lead fees.

Do you want to lock the Nashville territory before we route these to a competitor? 

Best,
Alex
Lead Architect, Reliant Verified
https://www.reliantverified.com
"
dispatch@apex-mobility-a.com,Apex Mobility Accessible Vans of Las Vegas,Las Vegas,commercial wheelchair vans,Corporate Commercial Wheelchair Vans leads in Las Vegas,"Hey team,

I was reviewing the services for Apex Mobility Accessible Vans of Las Vegas in Las Vegas.

We recently launched The Reliant Network, a closed B2B commercial directory. Right now, we are routing all the incoming corporate quote requests for commercial wheelchair vans in the Las Vegas metro to a generic national fallback, because we don't have a local partner locked in yet.

We only allow one commercial wheelchair vans contractor per city. It's a flat $299/mo to lock the Las Vegas territory monopoly, and you keep 100% of the leads with zero per-lead fees.

Do you want to lock the Las Vegas territory before we route these to a competitor? 

Best,
Alex
Lead Architect, Reliant Verified
https://www.reliantverified.com
"
dispatch@apex-mobility-a.com,Apex Mobility Accessible Vans of Detroit,Detroit,commercial wheelchair vans,Corporate Commercial Wheelchair Vans leads in Detroit,"Hey team,

I was reviewing the services for Apex Mobility Accessible Vans of Detroit in Detroit.

We recently launched The Reliant Network, a closed B2B commercial directory. Right now, we are routing all the incoming corporate quote requests for commercial wheelchair vans in the Detroit metro to a generic national fallback, because we don't have a local partner locked in yet.

We only allow one commercial wheelchair vans contractor per city. It's a flat $299/mo to lock the Detroit territory monopoly, and you keep 100% of the leads with zero per-lead fees.

Do you want to lock the Detroit territory before we route these to a competitor? 

Best,
Alex
Lead Architect, Reliant Verified
https://www.reliantverified.com
"
dispatch@apex-mobility-a.com,Apex Mobility Accessible Vans of Minneapolis,Minneapolis,commercial wheelchair vans,Corporate Commercial Wheelchair Vans leads in Minneapolis,"Hey team,

I was reviewing the services for Apex Mobility Accessible Vans of Minneapolis in Minneapolis.

We recently launched The Reliant Network, a closed B2B commercial directory. Right now, we are routing all the incoming corporate quote requests for commercial wheelchair vans in the Minneapolis metro to a generic national fallback, because we don't have a local partner locked in yet.

We only allow one commercial wheelchair vans contractor per city. It's a flat $299/mo to lock the Minneapolis territory monopoly, and you keep 100% of the leads with zero per-lead fees.

Do you want to lock the Minneapolis territory before we route these to a competitor? 

Best,
Alex
Lead Architect, Reliant Verified
https://www.reliantverified.com
"
dispatch@atlanta-mega-wa.com,Atlanta Mega-Watt Emergency Power Fleets,Atlanta,commercial temporary power,Corporate Commercial Temporary Power leads in Atlanta,"Hey team,

I was reviewing the services for Atlanta Mega-Watt Emergency Power Fleets in Atlanta.

We recently launched The Reliant Network, a closed B2B commercial directory. Right now, we are routing all the incoming corporate quote requests for commercial temporary power in the Atlanta metro to a generic national fallback, because we don't have a local partner locked in yet.

We only allow one commercial temporary power contractor per city. It's a flat $299/mo to lock the Atlanta territory monopoly, and you keep 100% of the leads with zero per-lead fees.

Do you want to lock the Atlanta territory before we route these to a competitor? 

Best,
Alex
Lead Architect, Reliant Verified
https://www.reliantverified.com
"
dispatch@dallas-mega-wat.com,Dallas Mega-Watt Emergency Power Fleets,Dallas,commercial temporary power,Corporate Commercial Temporary Power leads in Dallas,"Hey team,

I was reviewing the services for Dallas Mega-Watt Emergency Power Fleets in Dallas.

We recently launched The Reliant Network, a closed B2B commercial directory. Right now, we are routing all the incoming corporate quote requests for commercial temporary power in the Dallas metro to a generic national fallback, because we don't have a local partner locked in yet.

We only allow one commercial temporary power contractor per city. It's a flat $299/mo to lock the Dallas territory monopoly, and you keep 100% of the leads with zero per-lead fees.

Do you want to lock the Dallas territory before we route these to a competitor? 

Best,
Alex
Lead Architect, Reliant Verified
https://www.reliantverified.com
"
dispatch@miami-mega-watt.com,Miami Mega-Watt Emergency Power Fleets,Miami,commercial temporary power,Corporate Commercial Temporary Power leads in Miami,"Hey team,

I was reviewing the services for Miami Mega-Watt Emergency Power Fleets in Miami.

We recently launched The Reliant Network, a closed B2B commercial directory. Right now, we are routing all the incoming corporate quote requests for commercial temporary power in the Miami metro to a generic national fallback, because we don't have a local partner locked in yet.

We only allow one commercial temporary power contractor per city. It's a flat $299/mo to lock the Miami territory monopoly, and you keep 100% of the leads with zero per-lead fees.

Do you want to lock the Miami territory before we route these to a competitor? 

Best,
Alex
Lead Architect, Reliant Verified
https://www.reliantverified.com
"
dispatch@austin-mega-wat.com,Austin Mega-Watt Emergency Power Fleets,Austin,commercial temporary power,Corporate Commercial Temporary Power leads in Austin,"Hey team,

I was reviewing the services for Austin Mega-Watt Emergency Power Fleets in Austin.

We recently launched The Reliant Network, a closed B2B commercial directory. Right now, we are routing all the incoming corporate quote requests for commercial temporary power in the Austin metro to a generic national fallback, because we don't have a local partner locked in yet.

We only allow one commercial temporary power contractor per city. It's a flat $299/mo to lock the Austin territory monopoly, and you keep 100% of the leads with zero per-lead fees.

Do you want to lock the Austin territory before we route these to a competitor? 

Best,
Alex
Lead Architect, Reliant Verified
https://www.reliantverified.com
"
dispatch@los-angeles-meg.com,Los Angeles Mega-Watt Emergency Power Fleets,Los Angeles,commercial temporary power,Corporate Commercial Temporary Power leads in Los Angeles,"Hey team,

I was reviewing the services for Los Angeles Mega-Watt Emergency Power Fleets in Los Angeles.

We recently launched The Reliant Network, a closed B2B commercial directory. Right now, we are routing all the incoming corporate quote requests for commercial temporary power in the Los Angeles metro to a generic national fallback, because we don't have a local partner locked in yet.

We only allow one commercial temporary power contractor per city. It's a flat $299/mo to lock the Los Angeles territory monopoly, and you keep 100% of the leads with zero per-lead fees.

Do you want to lock the Los Angeles territory before we route these to a competitor? 

Best,
Alex
Lead Architect, Reliant Verified
https://www.reliantverified.com
"
dispatch@chicago-mega-wa.com,Chicago Mega-Watt Emergency Power Fleets,Chicago,commercial temporary power,Corporate Commercial Temporary Power leads in Chicago,"Hey team,

I was reviewing the services for Chicago Mega-Watt Emergency Power Fleets in Chicago.

We recently launched The Reliant Network, a closed B2B commercial directory. Right now, we are routing all the incoming corporate quote requests for commercial temporary power in the Chicago metro to a generic national fallback, because we don't have a local partner locked in yet.

We only allow one commercial temporary power contractor per city. It's a flat $299/mo to lock the Chicago territory monopoly, and you keep 100% of the leads with zero per-lead fees.

Do you want to lock the Chicago territory before we route these to a competitor? 

Best,
Alex
Lead Architect, Reliant Verified
https://www.reliantverified.com
"
dispatch@houston-mega-wa.com,Houston Mega-Watt Emergency Power Fleets,Houston,commercial temporary power,Corporate Commercial Temporary Power leads in Houston,"Hey team,

I was reviewing the services for Houston Mega-Watt Emergency Power Fleets in Houston.

We recently launched The Reliant Network, a closed B2B commercial directory. Right now, we are routing all the incoming corporate quote requests for commercial temporary power in the Houston metro to a generic national fallback, because we don't have a local partner locked in yet.

We only allow one commercial temporary power contractor per city. It's a flat $299/mo to lock the Houston territory monopoly, and you keep 100% of the leads with zero per-lead fees.

Do you want to lock the Houston territory before we route these to a competitor? 

Best,
Alex
Lead Architect, Reliant Verified
https://www.reliantverified.com
"
dispatch@phoenix-mega-wa.com,Phoenix Mega-Watt Emergency Power Fleets,Phoenix,commercial temporary power,Corporate Commercial Temporary Power leads in Phoenix,"Hey team,

I was reviewing the services for Phoenix Mega-Watt Emergency Power Fleets in Phoenix.

We recently launched The Reliant Network, a closed B2B commercial directory. Right now, we are routing all the incoming corporate quote requests for commercial temporary power in the Phoenix metro to a generic national fallback, because we don't have a local partner locked in yet.

We only allow one commercial temporary power contractor per city. It's a flat $299/mo to lock the Phoenix territory monopoly, and you keep 100% of the leads with zero per-lead fees.

Do you want to lock the Phoenix territory before we route these to a competitor? 

Best,
Alex
Lead Architect, Reliant Verified
https://www.reliantverified.com
"
dispatch@denver-mega-wat.com,Denver Mega-Watt Emergency Power Fleets,Denver,commercial temporary power,Corporate Commercial Temporary Power leads in Denver,"Hey team,

I was reviewing the services for Denver Mega-Watt Emergency Power Fleets in Denver.

We recently launched The Reliant Network, a closed B2B commercial directory. Right now, we are routing all the incoming corporate quote requests for commercial temporary power in the Denver metro to a generic national fallback, because we don't have a local partner locked in yet.

We only allow one commercial temporary power contractor per city. It's a flat $299/mo to lock the Denver territory monopoly, and you keep 100% of the leads with zero per-lead fees.

Do you want to lock the Denver territory before we route these to a competitor? 

Best,
Alex
Lead Architect, Reliant Verified
https://www.reliantverified.com
"
dispatch@seattle-mega-wa.com,Seattle Mega-Watt Emergency Power Fleets,Seattle,commercial temporary power,Corporate Commercial Temporary Power leads in Seattle,"Hey team,

I was reviewing the services for Seattle Mega-Watt Emergency Power Fleets in Seattle.

We recently launched The Reliant Network, a closed B2B commercial directory. Right now, we are routing all the incoming corporate quote requests for commercial temporary power in the Seattle metro to a generic national fallback, because we don't have a local partner locked in yet.

We only allow one commercial temporary power contractor per city. It's a flat $299/mo to lock the Seattle territory monopoly, and you keep 100% of the leads with zero per-lead fees.

Do you want to lock the Seattle territory before we route these to a competitor? 

Best,
Alex
Lead Architect, Reliant Verified
https://www.reliantverified.com
"
dispatch@new-york-mega-w.com,New York Mega-Watt Emergency Power Fleets,New York,commercial temporary power,Corporate Commercial Temporary Power leads in New York,"Hey team,

I was reviewing the services for New York Mega-Watt Emergency Power Fleets in New York.

We recently launched The Reliant Network, a closed B2B commercial directory. Right now, we are routing all the incoming corporate quote requests for commercial temporary power in the New York metro to a generic national fallback, because we don't have a local partner locked in yet.

We only allow one commercial temporary power contractor per city. It's a flat $299/mo to lock the New York territory monopoly, and you keep 100% of the leads with zero per-lead fees.

Do you want to lock the New York territory before we route these to a competitor? 

Best,
Alex
Lead Architect, Reliant Verified
https://www.reliantverified.com
"
dispatch@boston-mega-wat.com,Boston Mega-Watt Emergency Power Fleets,Boston,commercial temporary power,Corporate Commercial Temporary Power leads in Boston,"Hey team,

I was reviewing the services for Boston Mega-Watt Emergency Power Fleets in Boston.

We recently launched The Reliant Network, a closed B2B commercial directory. Right now, we are routing all the incoming corporate quote requests for commercial temporary power in the Boston metro to a generic national fallback, because we don't have a local partner locked in yet.

We only allow one commercial temporary power contractor per city. It's a flat $299/mo to lock the Boston territory monopoly, and you keep 100% of the leads with zero per-lead fees.

Do you want to lock the Boston territory before we route these to a competitor? 

Best,
Alex
Lead Architect, Reliant Verified
https://www.reliantverified.com
"
dispatch@philadelphia-me.com,Philadelphia Mega-Watt Emergency Power Fleets,Philadelphia,commercial temporary power,Corporate Commercial Temporary Power leads in Philadelphia,"Hey team,

I was reviewing the services for Philadelphia Mega-Watt Emergency Power Fleets in Philadelphia.

We recently launched The Reliant Network, a closed B2B commercial directory. Right now, we are routing all the incoming corporate quote requests for commercial temporary power in the Philadelphia metro to a generic national fallback, because we don't have a local partner locked in yet.

We only allow one commercial temporary power contractor per city. It's a flat $299/mo to lock the Philadelphia territory monopoly, and you keep 100% of the leads with zero per-lead fees.

Do you want to lock the Philadelphia territory before we route these to a competitor? 

Best,
Alex
Lead Architect, Reliant Verified
https://www.reliantverified.com
"
dispatch@nashville-mega-.com,Nashville Mega-Watt Emergency Power Fleets,Nashville,commercial temporary power,Corporate Commercial Temporary Power leads in Nashville,"Hey team,

I was reviewing the services for Nashville Mega-Watt Emergency Power Fleets in Nashville.

We recently launched The Reliant Network, a closed B2B commercial directory. Right now, we are routing all the incoming corporate quote requests for commercial temporary power in the Nashville metro to a generic national fallback, because we don't have a local partner locked in yet.

We only allow one commercial temporary power contractor per city. It's a flat $299/mo to lock the Nashville territory monopoly, and you keep 100% of the leads with zero per-lead fees.

Do you want to lock the Nashville territory before we route these to a competitor? 

Best,
Alex
Lead Architect, Reliant Verified
https://www.reliantverified.com
"
dispatch@las-vegas-mega-.com,Las Vegas Mega-Watt Emergency Power Fleets,Las Vegas,commercial temporary power,Corporate Commercial Temporary Power leads in Las Vegas,"Hey team,

I was reviewing the services for Las Vegas Mega-Watt Emergency Power Fleets in Las Vegas.

We recently launched The Reliant Network, a closed B2B commercial directory. Right now, we are routing all the incoming corporate quote requests for commercial temporary power in the Las Vegas metro to a generic national fallback, because we don't have a local partner locked in yet.

We only allow one commercial temporary power contractor per city. It's a flat $299/mo to lock the Las Vegas territory monopoly, and you keep 100% of the leads with zero per-lead fees.

Do you want to lock the Las Vegas territory before we route these to a competitor? 

Best,
Alex
Lead Architect, Reliant Verified
https://www.reliantverified.com
"
dispatch@detroit-mega-wa.com,Detroit Mega-Watt Emergency Power Fleets,Detroit,commercial temporary power,Corporate Commercial Temporary Power leads in Detroit,"Hey team,

I was reviewing the services for Detroit Mega-Watt Emergency Power Fleets in Detroit.

We recently launched The Reliant Network, a closed B2B commercial directory. Right now, we are routing all the incoming corporate quote requests for commercial temporary power in the Detroit metro to a generic national fallback, because we don't have a local partner locked in yet.

We only allow one commercial temporary power contractor per city. It's a flat $299/mo to lock the Detroit territory monopoly, and you keep 100% of the leads with zero per-lead fees.

Do you want to lock the Detroit territory before we route these to a competitor? 

Best,
Alex
Lead Architect, Reliant Verified
https://www.reliantverified.com
"
dispatch@minneapolis-meg.com,Minneapolis Mega-Watt Emergency Power Fleets,Minneapolis,commercial temporary power,Corporate Commercial Temporary Power leads in Minneapolis,"Hey team,

I was reviewing the services for Minneapolis Mega-Watt Emergency Power Fleets in Minneapolis.

We recently launched The Reliant Network, a closed B2B commercial directory. Right now, we are routing all the incoming corporate quote requests for commercial temporary power in the Minneapolis metro to a generic national fallback, because we don't have a local partner locked in yet.

We only allow one commercial temporary power contractor per city. It's a flat $299/mo to lock the Minneapolis territory monopoly, and you keep 100% of the leads with zero per-lead fees.

Do you want to lock the Minneapolis territory before we route these to a competitor? 

Best,
Alex
Lead Architect, Reliant Verified
https://www.reliantverified.com
"
dispatch@atlanta-precisi.com,Atlanta Precision Millwrights & Heavy Rigging,Atlanta,heavy machinery moving,Corporate Heavy Machinery Moving leads in Atlanta,"Hey team,

I was reviewing the services for Atlanta Precision Millwrights & Heavy Rigging in Atlanta.

We recently launched The Reliant Network, a closed B2B commercial directory. Right now, we are routing all the incoming corporate quote requests for heavy machinery moving in the Atlanta metro to a generic national fallback, because we don't have a local partner locked in yet.

We only allow one heavy machinery moving contractor per city. It's a flat $299/mo to lock the Atlanta territory monopoly, and you keep 100% of the leads with zero per-lead fees.

Do you want to lock the Atlanta territory before we route these to a competitor? 

Best,
Alex
Lead Architect, Reliant Verified
https://www.reliantverified.com
"
dispatch@dallas-precisio.com,Dallas Precision Millwrights & Heavy Rigging,Dallas,heavy machinery moving,Corporate Heavy Machinery Moving leads in Dallas,"Hey team,

I was reviewing the services for Dallas Precision Millwrights & Heavy Rigging in Dallas.

We recently launched The Reliant Network, a closed B2B commercial directory. Right now, we are routing all the incoming corporate quote requests for heavy machinery moving in the Dallas metro to a generic national fallback, because we don't have a local partner locked in yet.

We only allow one heavy machinery moving contractor per city. It's a flat $299/mo to lock the Dallas territory monopoly, and you keep 100% of the leads with zero per-lead fees.

Do you want to lock the Dallas territory before we route these to a competitor? 

Best,
Alex
Lead Architect, Reliant Verified
https://www.reliantverified.com
"
dispatch@miami-precision.com,Miami Precision Millwrights & Heavy Rigging,Miami,heavy machinery moving,Corporate Heavy Machinery Moving leads in Miami,"Hey team,

I was reviewing the services for Miami Precision Millwrights & Heavy Rigging in Miami.

We recently launched The Reliant Network, a closed B2B commercial directory. Right now, we are routing all the incoming corporate quote requests for heavy machinery moving in the Miami metro to a generic national fallback, because we don't have a local partner locked in yet.

We only allow one heavy machinery moving contractor per city. It's a flat $299/mo to lock the Miami territory monopoly, and you keep 100% of the leads with zero per-lead fees.

Do you want to lock the Miami territory before we route these to a competitor? 

Best,
Alex
Lead Architect, Reliant Verified
https://www.reliantverified.com
"
dispatch@austin-precisio.com,Austin Precision Millwrights & Heavy Rigging,Austin,heavy machinery moving,Corporate Heavy Machinery Moving leads in Austin,"Hey team,

I was reviewing the services for Austin Precision Millwrights & Heavy Rigging in Austin.

We recently launched The Reliant Network, a closed B2B commercial directory. Right now, we are routing all the incoming corporate quote requests for heavy machinery moving in the Austin metro to a generic national fallback, because we don't have a local partner locked in yet.

We only allow one heavy machinery moving contractor per city. It's a flat $299/mo to lock the Austin territory monopoly, and you keep 100% of the leads with zero per-lead fees.

Do you want to lock the Austin territory before we route these to a competitor? 

Best,
Alex
Lead Architect, Reliant Verified
https://www.reliantverified.com
"
dispatch@los-angeles-pre.com,Los Angeles Precision Millwrights & Heavy Rigging,Los Angeles,heavy machinery moving,Corporate Heavy Machinery Moving leads in Los Angeles,"Hey team,

I was reviewing the services for Los Angeles Precision Millwrights & Heavy Rigging in Los Angeles.

We recently launched The Reliant Network, a closed B2B commercial directory. Right now, we are routing all the incoming corporate quote requests for heavy machinery moving in the Los Angeles metro to a generic national fallback, because we don't have a local partner locked in yet.

We only allow one heavy machinery moving contractor per city. It's a flat $299/mo to lock the Los Angeles territory monopoly, and you keep 100% of the leads with zero per-lead fees.

Do you want to lock the Los Angeles territory before we route these to a competitor? 

Best,
Alex
Lead Architect, Reliant Verified
https://www.reliantverified.com
"
dispatch@chicago-precisi.com,Chicago Precision Millwrights & Heavy Rigging,Chicago,heavy machinery moving,Corporate Heavy Machinery Moving leads in Chicago,"Hey team,

I was reviewing the services for Chicago Precision Millwrights & Heavy Rigging in Chicago.

We recently launched The Reliant Network, a closed B2B commercial directory. Right now, we are routing all the incoming corporate quote requests for heavy machinery moving in the Chicago metro to a generic national fallback, because we don't have a local partner locked in yet.

We only allow one heavy machinery moving contractor per city. It's a flat $299/mo to lock the Chicago territory monopoly, and you keep 100% of the leads with zero per-lead fees.

Do you want to lock the Chicago territory before we route these to a competitor? 

Best,
Alex
Lead Architect, Reliant Verified
https://www.reliantverified.com
"
dispatch@houston-precisi.com,Houston Precision Millwrights & Heavy Rigging,Houston,heavy machinery moving,Corporate Heavy Machinery Moving leads in Houston,"Hey team,

I was reviewing the services for Houston Precision Millwrights & Heavy Rigging in Houston.

We recently launched The Reliant Network, a closed B2B commercial directory. Right now, we are routing all the incoming corporate quote requests for heavy machinery moving in the Houston metro to a generic national fallback, because we don't have a local partner locked in yet.

We only allow one heavy machinery moving contractor per city. It's a flat $299/mo to lock the Houston territory monopoly, and you keep 100% of the leads with zero per-lead fees.

Do you want to lock the Houston territory before we route these to a competitor? 

Best,
Alex
Lead Architect, Reliant Verified
https://www.reliantverified.com
"
dispatch@phoenix-precisi.com,Phoenix Precision Millwrights & Heavy Rigging,Phoenix,heavy machinery moving,Corporate Heavy Machinery Moving leads in Phoenix,"Hey team,

I was reviewing the services for Phoenix Precision Millwrights & Heavy Rigging in Phoenix.

We recently launched The Reliant Network, a closed B2B commercial directory. Right now, we are routing all the incoming corporate quote requests for heavy machinery moving in the Phoenix metro to a generic national fallback, because we don't have a local partner locked in yet.

We only allow one heavy machinery moving contractor per city. It's a flat $299/mo to lock the Phoenix territory monopoly, and you keep 100% of the leads with zero per-lead fees.

Do you want to lock the Phoenix territory before we route these to a competitor? 

Best,
Alex
Lead Architect, Reliant Verified
https://www.reliantverified.com
"
dispatch@denver-precisio.com,Denver Precision Millwrights & Heavy Rigging,Denver,heavy machinery moving,Corporate Heavy Machinery Moving leads in Denver,"Hey team,

I was reviewing the services for Denver Precision Millwrights & Heavy Rigging in Denver.

We recently launched The Reliant Network, a closed B2B commercial directory. Right now, we are routing all the incoming corporate quote requests for heavy machinery moving in the Denver metro to a generic national fallback, because we don't have a local partner locked in yet.

We only allow one heavy machinery moving contractor per city. It's a flat $299/mo to lock the Denver territory monopoly, and you keep 100% of the leads with zero per-lead fees.

Do you want to lock the Denver territory before we route these to a competitor? 

Best,
Alex
Lead Architect, Reliant Verified
https://www.reliantverified.com
"
dispatch@seattle-precisi.com,Seattle Precision Millwrights & Heavy Rigging,Seattle,heavy machinery moving,Corporate Heavy Machinery Moving leads in Seattle,"Hey team,

I was reviewing the services for Seattle Precision Millwrights & Heavy Rigging in Seattle.

We recently launched The Reliant Network, a closed B2B commercial directory. Right now, we are routing all the incoming corporate quote requests for heavy machinery moving in the Seattle metro to a generic national fallback, because we don't have a local partner locked in yet.

We only allow one heavy machinery moving contractor per city. It's a flat $299/mo to lock the Seattle territory monopoly, and you keep 100% of the leads with zero per-lead fees.

Do you want to lock the Seattle territory before we route these to a competitor? 

Best,
Alex
Lead Architect, Reliant Verified
https://www.reliantverified.com
"
dispatch@new-york-precis.com,New York Precision Millwrights & Heavy Rigging,New York,heavy machinery moving,Corporate Heavy Machinery Moving leads in New York,"Hey team,

I was reviewing the services for New York Precision Millwrights & Heavy Rigging in New York.

We recently launched The Reliant Network, a closed B2B commercial directory. Right now, we are routing all the incoming corporate quote requests for heavy machinery moving in the New York metro to a generic national fallback, because we don't have a local partner locked in yet.

We only allow one heavy machinery moving contractor per city. It's a flat $299/mo to lock the New York territory monopoly, and you keep 100% of the leads with zero per-lead fees.

Do you want to lock the New York territory before we route these to a competitor? 

Best,
Alex
Lead Architect, Reliant Verified
https://www.reliantverified.com
"
dispatch@boston-precisio.com,Boston Precision Millwrights & Heavy Rigging,Boston,heavy machinery moving,Corporate Heavy Machinery Moving leads in Boston,"Hey team,

I was reviewing the services for Boston Precision Millwrights & Heavy Rigging in Boston.

We recently launched The Reliant Network, a closed B2B commercial directory. Right now, we are routing all the incoming corporate quote requests for heavy machinery moving in the Boston metro to a generic national fallback, because we don't have a local partner locked in yet.

We only allow one heavy machinery moving contractor per city. It's a flat $299/mo to lock the Boston territory monopoly, and you keep 100% of the leads with zero per-lead fees.

Do you want to lock the Boston territory before we route these to a competitor? 

Best,
Alex
Lead Architect, Reliant Verified
https://www.reliantverified.com
"
dispatch@philadelphia-pr.com,Philadelphia Precision Millwrights & Heavy Rigging,Philadelphia,heavy machinery moving,Corporate Heavy Machinery Moving leads in Philadelphia,"Hey team,

I was reviewing the services for Philadelphia Precision Millwrights & Heavy Rigging in Philadelphia.

We recently launched The Reliant Network, a closed B2B commercial directory. Right now, we are routing all the incoming corporate quote requests for heavy machinery moving in the Philadelphia metro to a generic national fallback, because we don't have a local partner locked in yet.

We only allow one heavy machinery moving contractor per city. It's a flat $299/mo to lock the Philadelphia territory monopoly, and you keep 100% of the leads with zero per-lead fees.

Do you want to lock the Philadelphia territory before we route these to a competitor? 

Best,
Alex
Lead Architect, Reliant Verified
https://www.reliantverified.com
"
dispatch@nashville-preci.com,Nashville Precision Millwrights & Heavy Rigging,Nashville,heavy machinery moving,Corporate Heavy Machinery Moving leads in Nashville,"Hey team,

I was reviewing the services for Nashville Precision Millwrights & Heavy Rigging in Nashville.

We recently launched The Reliant Network, a closed B2B commercial directory. Right now, we are routing all the incoming corporate quote requests for heavy machinery moving in the Nashville metro to a generic national fallback, because we don't have a local partner locked in yet.

We only allow one heavy machinery moving contractor per city. It's a flat $299/mo to lock the Nashville territory monopoly, and you keep 100% of the leads with zero per-lead fees.

Do you want to lock the Nashville territory before we route these to a competitor? 

Best,
Alex
Lead Architect, Reliant Verified
https://www.reliantverified.com
"
dispatch@las-vegas-preci.com,Las Vegas Precision Millwrights & Heavy Rigging,Las Vegas,heavy machinery moving,Corporate Heavy Machinery Moving leads in Las Vegas,"Hey team,

I was reviewing the services for Las Vegas Precision Millwrights & Heavy Rigging in Las Vegas.

We recently launched The Reliant Network, a closed B2B commercial directory. Right now, we are routing all the incoming corporate quote requests for heavy machinery moving in the Las Vegas metro to a generic national fallback, because we don't have a local partner locked in yet.

We only allow one heavy machinery moving contractor per city. It's a flat $299/mo to lock the Las Vegas territory monopoly, and you keep 100% of the leads with zero per-lead fees.

Do you want to lock the Las Vegas territory before we route these to a competitor? 

Best,
Alex
Lead Architect, Reliant Verified
https://www.reliantverified.com
"
dispatch@detroit-precisi.com,Detroit Precision Millwrights & Heavy Rigging,Detroit,heavy machinery moving,Corporate Heavy Machinery Moving leads in Detroit,"Hey team,

I was reviewing the services for Detroit Precision Millwrights & Heavy Rigging in Detroit.

We recently launched The Reliant Network, a closed B2B commercial directory. Right now, we are routing all the incoming corporate quote requests for heavy machinery moving in the Detroit metro to a generic national fallback, because we don't have a local partner locked in yet.

We only allow one heavy machinery moving contractor per city. It's a flat $299/mo to lock the Detroit territory monopoly, and you keep 100% of the leads with zero per-lead fees.

Do you want to lock the Detroit territory before we route these to a competitor? 

Best,
Alex
Lead Architect, Reliant Verified
https://www.reliantverified.com
"
dispatch@minneapolis-pre.com,Minneapolis Precision Millwrights & Heavy Rigging,Minneapolis,heavy machinery moving,Corporate Heavy Machinery Moving leads in Minneapolis,"Hey team,

I was reviewing the services for Minneapolis Precision Millwrights & Heavy Rigging in Minneapolis.

We recently launched The Reliant Network, a closed B2B commercial directory. Right now, we are routing all the incoming corporate quote requests for heavy machinery moving in the Minneapolis metro to a generic national fallback, because we don't have a local partner locked in yet.

We only allow one heavy machinery moving contractor per city. It's a flat $299/mo to lock the Minneapolis territory monopoly, and you keep 100% of the leads with zero per-lead fees.

Do you want to lock the Minneapolis territory before we route these to a competitor? 

Best,
Alex
Lead Architect, Reliant Verified
https://www.reliantverified.com
"
dispatch@gentle-transiti.com,Gentle Transitions Senior Move Management of Atlanta,Atlanta,senior facility downsizing,Corporate Senior Facility Downsizing leads in Atlanta,"Hey team,

I was reviewing the services for Gentle Transitions Senior Move Management of Atlanta in Atlanta.

We recently launched The Reliant Network, a closed B2B commercial directory. Right now, we are routing all the incoming corporate quote requests for senior facility downsizing in the Atlanta metro to a generic national fallback, because we don't have a local partner locked in yet.

We only allow one senior facility downsizing contractor per city. It's a flat $299/mo to lock the Atlanta territory monopoly, and you keep 100% of the leads with zero per-lead fees.

Do you want to lock the Atlanta territory before we route these to a competitor? 

Best,
Alex
Lead Architect, Reliant Verified
https://www.reliantverified.com
"
dispatch@gentle-transiti.com,Gentle Transitions Senior Move Management of Dallas,Dallas,senior facility downsizing,Corporate Senior Facility Downsizing leads in Dallas,"Hey team,

I was reviewing the services for Gentle Transitions Senior Move Management of Dallas in Dallas.

We recently launched The Reliant Network, a closed B2B commercial directory. Right now, we are routing all the incoming corporate quote requests for senior facility downsizing in the Dallas metro to a generic national fallback, because we don't have a local partner locked in yet.

We only allow one senior facility downsizing contractor per city. It's a flat $299/mo to lock the Dallas territory monopoly, and you keep 100% of the leads with zero per-lead fees.

Do you want to lock the Dallas territory before we route these to a competitor? 

Best,
Alex
Lead Architect, Reliant Verified
https://www.reliantverified.com
"
dispatch@gentle-transiti.com,Gentle Transitions Senior Move Management of Miami,Miami,senior facility downsizing,Corporate Senior Facility Downsizing leads in Miami,"Hey team,

I was reviewing the services for Gentle Transitions Senior Move Management of Miami in Miami.

We recently launched The Reliant Network, a closed B2B commercial directory. Right now, we are routing all the incoming corporate quote requests for senior facility downsizing in the Miami metro to a generic national fallback, because we don't have a local partner locked in yet.

We only allow one senior facility downsizing contractor per city. It's a flat $299/mo to lock the Miami territory monopoly, and you keep 100% of the leads with zero per-lead fees.

Do you want to lock the Miami territory before we route these to a competitor? 

Best,
Alex
Lead Architect, Reliant Verified
https://www.reliantverified.com
"
dispatch@gentle-transiti.com,Gentle Transitions Senior Move Management of Austin,Austin,senior facility downsizing,Corporate Senior Facility Downsizing leads in Austin,"Hey team,

I was reviewing the services for Gentle Transitions Senior Move Management of Austin in Austin.

We recently launched The Reliant Network, a closed B2B commercial directory. Right now, we are routing all the incoming corporate quote requests for senior facility downsizing in the Austin metro to a generic national fallback, because we don't have a local partner locked in yet.

We only allow one senior facility downsizing contractor per city. It's a flat $299/mo to lock the Austin territory monopoly, and you keep 100% of the leads with zero per-lead fees.

Do you want to lock the Austin territory before we route these to a competitor? 

Best,
Alex
Lead Architect, Reliant Verified
https://www.reliantverified.com
"
dispatch@gentle-transiti.com,Gentle Transitions Senior Move Management of Los Angeles,Los Angeles,senior facility downsizing,Corporate Senior Facility Downsizing leads in Los Angeles,"Hey team,

I was reviewing the services for Gentle Transitions Senior Move Management of Los Angeles in Los Angeles.

We recently launched The Reliant Network, a closed B2B commercial directory. Right now, we are routing all the incoming corporate quote requests for senior facility downsizing in the Los Angeles metro to a generic national fallback, because we don't have a local partner locked in yet.

We only allow one senior facility downsizing contractor per city. It's a flat $299/mo to lock the Los Angeles territory monopoly, and you keep 100% of the leads with zero per-lead fees.

Do you want to lock the Los Angeles territory before we route these to a competitor? 

Best,
Alex
Lead Architect, Reliant Verified
https://www.reliantverified.com
"
dispatch@gentle-transiti.com,Gentle Transitions Senior Move Management of Chicago,Chicago,senior facility downsizing,Corporate Senior Facility Downsizing leads in Chicago,"Hey team,

I was reviewing the services for Gentle Transitions Senior Move Management of Chicago in Chicago.

We recently launched The Reliant Network, a closed B2B commercial directory. Right now, we are routing all the incoming corporate quote requests for senior facility downsizing in the Chicago metro to a generic national fallback, because we don't have a local partner locked in yet.

We only allow one senior facility downsizing contractor per city. It's a flat $299/mo to lock the Chicago territory monopoly, and you keep 100% of the leads with zero per-lead fees.

Do you want to lock the Chicago territory before we route these to a competitor? 

Best,
Alex
Lead Architect, Reliant Verified
https://www.reliantverified.com
"
dispatch@gentle-transiti.com,Gentle Transitions Senior Move Management of Houston,Houston,senior facility downsizing,Corporate Senior Facility Downsizing leads in Houston,"Hey team,

I was reviewing the services for Gentle Transitions Senior Move Management of Houston in Houston.

We recently launched The Reliant Network, a closed B2B commercial directory. Right now, we are routing all the incoming corporate quote requests for senior facility downsizing in the Houston metro to a generic national fallback, because we don't have a local partner locked in yet.

We only allow one senior facility downsizing contractor per city. It's a flat $299/mo to lock the Houston territory monopoly, and you keep 100% of the leads with zero per-lead fees.

Do you want to lock the Houston territory before we route these to a competitor? 

Best,
Alex
Lead Architect, Reliant Verified
https://www.reliantverified.com
"
dispatch@gentle-transiti.com,Gentle Transitions Senior Move Management of Phoenix,Phoenix,senior facility downsizing,Corporate Senior Facility Downsizing leads in Phoenix,"Hey team,

I was reviewing the services for Gentle Transitions Senior Move Management of Phoenix in Phoenix.

We recently launched The Reliant Network, a closed B2B commercial directory. Right now, we are routing all the incoming corporate quote requests for senior facility downsizing in the Phoenix metro to a generic national fallback, because we don't have a local partner locked in yet.

We only allow one senior facility downsizing contractor per city. It's a flat $299/mo to lock the Phoenix territory monopoly, and you keep 100% of the leads with zero per-lead fees.

Do you want to lock the Phoenix territory before we route these to a competitor? 

Best,
Alex
Lead Architect, Reliant Verified
https://www.reliantverified.com
"
dispatch@gentle-transiti.com,Gentle Transitions Senior Move Management of Denver,Denver,senior facility downsizing,Corporate Senior Facility Downsizing leads in Denver,"Hey team,

I was reviewing the services for Gentle Transitions Senior Move Management of Denver in Denver.

We recently launched The Reliant Network, a closed B2B commercial directory. Right now, we are routing all the incoming corporate quote requests for senior facility downsizing in the Denver metro to a generic national fallback, because we don't have a local partner locked in yet.

We only allow one senior facility downsizing contractor per city. It's a flat $299/mo to lock the Denver territory monopoly, and you keep 100% of the leads with zero per-lead fees.

Do you want to lock the Denver territory before we route these to a competitor? 

Best,
Alex
Lead Architect, Reliant Verified
https://www.reliantverified.com
"
dispatch@gentle-transiti.com,Gentle Transitions Senior Move Management of Seattle,Seattle,senior facility downsizing,Corporate Senior Facility Downsizing leads in Seattle,"Hey team,

I was reviewing the services for Gentle Transitions Senior Move Management of Seattle in Seattle.

We recently launched The Reliant Network, a closed B2B commercial directory. Right now, we are routing all the incoming corporate quote requests for senior facility downsizing in the Seattle metro to a generic national fallback, because we don't have a local partner locked in yet.

We only allow one senior facility downsizing contractor per city. It's a flat $299/mo to lock the Seattle territory monopoly, and you keep 100% of the leads with zero per-lead fees.

Do you want to lock the Seattle territory before we route these to a competitor? 

Best,
Alex
Lead Architect, Reliant Verified
https://www.reliantverified.com
"
dispatch@gentle-transiti.com,Gentle Transitions Senior Move Management of New York,New York,senior facility downsizing,Corporate Senior Facility Downsizing leads in New York,"Hey team,

I was reviewing the services for Gentle Transitions Senior Move Management of New York in New York.

We recently launched The Reliant Network, a closed B2B commercial directory. Right now, we are routing all the incoming corporate quote requests for senior facility downsizing in the New York metro to a generic national fallback, because we don't have a local partner locked in yet.

We only allow one senior facility downsizing contractor per city. It's a flat $299/mo to lock the New York territory monopoly, and you keep 100% of the leads with zero per-lead fees.

Do you want to lock the New York territory before we route these to a competitor? 

Best,
Alex
Lead Architect, Reliant Verified
https://www.reliantverified.com
"
dispatch@gentle-transiti.com,Gentle Transitions Senior Move Management of Boston,Boston,senior facility downsizing,Corporate Senior Facility Downsizing leads in Boston,"Hey team,

I was reviewing the services for Gentle Transitions Senior Move Management of Boston in Boston.

We recently launched The Reliant Network, a closed B2B commercial directory. Right now, we are routing all the incoming corporate quote requests for senior facility downsizing in the Boston metro to a generic national fallback, because we don't have a local partner locked in yet.

We only allow one senior facility downsizing contractor per city. It's a flat $299/mo to lock the Boston territory monopoly, and you keep 100% of the leads with zero per-lead fees.

Do you want to lock the Boston territory before we route these to a competitor? 

Best,
Alex
Lead Architect, Reliant Verified
https://www.reliantverified.com
"
dispatch@gentle-transiti.com,Gentle Transitions Senior Move Management of Philadelphia,Philadelphia,senior facility downsizing,Corporate Senior Facility Downsizing leads in Philadelphia,"Hey team,

I was reviewing the services for Gentle Transitions Senior Move Management of Philadelphia in Philadelphia.

We recently launched The Reliant Network, a closed B2B commercial directory. Right now, we are routing all the incoming corporate quote requests for senior facility downsizing in the Philadelphia metro to a generic national fallback, because we don't have a local partner locked in yet.

We only allow one senior facility downsizing contractor per city. It's a flat $299/mo to lock the Philadelphia territory monopoly, and you keep 100% of the leads with zero per-lead fees.

Do you want to lock the Philadelphia territory before we route these to a competitor? 

Best,
Alex
Lead Architect, Reliant Verified
https://www.reliantverified.com
"
dispatch@gentle-transiti.com,Gentle Transitions Senior Move Management of Nashville,Nashville,senior facility downsizing,Corporate Senior Facility Downsizing leads in Nashville,"Hey team,

I was reviewing the services for Gentle Transitions Senior Move Management of Nashville in Nashville.

We recently launched The Reliant Network, a closed B2B commercial directory. Right now, we are routing all the incoming corporate quote requests for senior facility downsizing in the Nashville metro to a generic national fallback, because we don't have a local partner locked in yet.

We only allow one senior facility downsizing contractor per city. It's a flat $299/mo to lock the Nashville territory monopoly, and you keep 100% of the leads with zero per-lead fees.

Do you want to lock the Nashville territory before we route these to a competitor? 

Best,
Alex
Lead Architect, Reliant Verified
https://www.reliantverified.com
"
dispatch@gentle-transiti.com,Gentle Transitions Senior Move Management of Las Vegas,Las Vegas,senior facility downsizing,Corporate Senior Facility Downsizing leads in Las Vegas,"Hey team,

I was reviewing the services for Gentle Transitions Senior Move Management of Las Vegas in Las Vegas.

We recently launched The Reliant Network, a closed B2B commercial directory. Right now, we are routing all the incoming corporate quote requests for senior facility downsizing in the Las Vegas metro to a generic national fallback, because we don't have a local partner locked in yet.

We only allow one senior facility downsizing contractor per city. It's a flat $299/mo to lock the Las Vegas territory monopoly, and you keep 100% of the leads with zero per-lead fees.

Do you want to lock the Las Vegas territory before we route these to a competitor? 

Best,
Alex
Lead Architect, Reliant Verified
https://www.reliantverified.com
"
dispatch@gentle-transiti.com,Gentle Transitions Senior Move Management of Detroit,Detroit,senior facility downsizing,Corporate Senior Facility Downsizing leads in Detroit,"Hey team,

I was reviewing the services for Gentle Transitions Senior Move Management of Detroit in Detroit.

We recently launched The Reliant Network, a closed B2B commercial directory. Right now, we are routing all the incoming corporate quote requests for senior facility downsizing in the Detroit metro to a generic national fallback, because we don't have a local partner locked in yet.

We only allow one senior facility downsizing contractor per city. It's a flat $299/mo to lock the Detroit territory monopoly, and you keep 100% of the leads with zero per-lead fees.

Do you want to lock the Detroit territory before we route these to a competitor? 

Best,
Alex
Lead Architect, Reliant Verified
https://www.reliantverified.com
"
dispatch@gentle-transiti.com,Gentle Transitions Senior Move Management of Minneapolis,Minneapolis,senior facility downsizing,Corporate Senior Facility Downsizing leads in Minneapolis,"Hey team,

I was reviewing the services for Gentle Transitions Senior Move Management of Minneapolis in Minneapolis.

We recently launched The Reliant Network, a closed B2B commercial directory. Right now, we are routing all the incoming corporate quote requests for senior facility downsizing in the Minneapolis metro to a generic national fallback, because we don't have a local partner locked in yet.

We only allow one senior facility downsizing contractor per city. It's a flat $299/mo to lock the Minneapolis territory monopoly, and you keep 100% of the leads with zero per-lead fees.

Do you want to lock the Minneapolis territory before we route these to a competitor? 

Best,
Alex
Lead Architect, Reliant Verified
https://www.reliantverified.com
"
dispatch@apex-mobility-a.com,Apex Mobility Accessible Vans of Atlanta,Atlanta,commercial wheelchair vans,Corporate Commercial Wheelchair Vans leads in Atlanta,"Hey team,

I was reviewing the services for Apex Mobility Accessible Vans of Atlanta in Atlanta.

We recently launched The Reliant Network, a closed B2B commercial directory. Right now, we are routing all the incoming corporate quote requests for commercial wheelchair vans in the Atlanta metro to a generic national fallback, because we don't have a local partner locked in yet.

We only allow one commercial wheelchair vans contractor per city. It's a flat $299/mo to lock the Atlanta territory monopoly, and you keep 100% of the leads with zero per-lead fees.

Do you want to lock the Atlanta territory before we route these to a competitor? 

Best,
Alex
Lead Architect, Reliant Verified
https://www.reliantverified.com
"
dispatch@apex-mobility-a.com,Apex Mobility Accessible Vans of Dallas,Dallas,commercial wheelchair vans,Corporate Commercial Wheelchair Vans leads in Dallas,"Hey team,

I was reviewing the services for Apex Mobility Accessible Vans of Dallas in Dallas.

We recently launched The Reliant Network, a closed B2B commercial directory. Right now, we are routing all the incoming corporate quote requests for commercial wheelchair vans in the Dallas metro to a generic national fallback, because we don't have a local partner locked in yet.

We only allow one commercial wheelchair vans contractor per city. It's a flat $299/mo to lock the Dallas territory monopoly, and you keep 100% of the leads with zero per-lead fees.

Do you want to lock the Dallas territory before we route these to a competitor? 

Best,
Alex
Lead Architect, Reliant Verified
https://www.reliantverified.com
"
dispatch@apex-mobility-a.com,Apex Mobility Accessible Vans of Miami,Miami,commercial wheelchair vans,Corporate Commercial Wheelchair Vans leads in Miami,"Hey team,

I was reviewing the services for Apex Mobility Accessible Vans of Miami in Miami.

We recently launched The Reliant Network, a closed B2B commercial directory. Right now, we are routing all the incoming corporate quote requests for commercial wheelchair vans in the Miami metro to a generic national fallback, because we don't have a local partner locked in yet.

We only allow one commercial wheelchair vans contractor per city. It's a flat $299/mo to lock the Miami territory monopoly, and you keep 100% of the leads with zero per-lead fees.

Do you want to lock the Miami territory before we route these to a competitor? 

Best,
Alex
Lead Architect, Reliant Verified
https://www.reliantverified.com
"
dispatch@apex-mobility-a.com,Apex Mobility Accessible Vans of Austin,Austin,commercial wheelchair vans,Corporate Commercial Wheelchair Vans leads in Austin,"Hey team,

I was reviewing the services for Apex Mobility Accessible Vans of Austin in Austin.

We recently launched The Reliant Network, a closed B2B commercial directory. Right now, we are routing all the incoming corporate quote requests for commercial wheelchair vans in the Austin metro to a generic national fallback, because we don't have a local partner locked in yet.

We only allow one commercial wheelchair vans contractor per city. It's a flat $299/mo to lock the Austin territory monopoly, and you keep 100% of the leads with zero per-lead fees.

Do you want to lock the Austin territory before we route these to a competitor? 

Best,
Alex
Lead Architect, Reliant Verified
https://www.reliantverified.com
"
dispatch@apex-mobility-a.com,Apex Mobility Accessible Vans of Los Angeles,Los Angeles,commercial wheelchair vans,Corporate Commercial Wheelchair Vans leads in Los Angeles,"Hey team,

I was reviewing the services for Apex Mobility Accessible Vans of Los Angeles in Los Angeles.

We recently launched The Reliant Network, a closed B2B commercial directory. Right now, we are routing all the incoming corporate quote requests for commercial wheelchair vans in the Los Angeles metro to a generic national fallback, because we don't have a local partner locked in yet.

We only allow one commercial wheelchair vans contractor per city. It's a flat $299/mo to lock the Los Angeles territory monopoly, and you keep 100% of the leads with zero per-lead fees.

Do you want to lock the Los Angeles territory before we route these to a competitor? 

Best,
Alex
Lead Architect, Reliant Verified
https://www.reliantverified.com
"
dispatch@apex-mobility-a.com,Apex Mobility Accessible Vans of Chicago,Chicago,commercial wheelchair vans,Corporate Commercial Wheelchair Vans leads in Chicago,"Hey team,

I was reviewing the services for Apex Mobility Accessible Vans of Chicago in Chicago.

We recently launched The Reliant Network, a closed B2B commercial directory. Right now, we are routing all the incoming corporate quote requests for commercial wheelchair vans in the Chicago metro to a generic national fallback, because we don't have a local partner locked in yet.

We only allow one commercial wheelchair vans contractor per city. It's a flat $299/mo to lock the Chicago territory monopoly, and you keep 100% of the leads with zero per-lead fees.

Do you want to lock the Chicago territory before we route these to a competitor? 

Best,
Alex
Lead Architect, Reliant Verified
https://www.reliantverified.com
"
dispatch@apex-mobility-a.com,Apex Mobility Accessible Vans of Houston,Houston,commercial wheelchair vans,Corporate Commercial Wheelchair Vans leads in Houston,"Hey team,

I was reviewing the services for Apex Mobility Accessible Vans of Houston in Houston.

We recently launched The Reliant Network, a closed B2B commercial directory. Right now, we are routing all the incoming corporate quote requests for commercial wheelchair vans in the Houston metro to a generic national fallback, because we don't have a local partner locked in yet.

We only allow one commercial wheelchair vans contractor per city. It's a flat $299/mo to lock the Houston territory monopoly, and you keep 100% of the leads with zero per-lead fees.

Do you want to lock the Houston territory before we route these to a competitor? 

Best,
Alex
Lead Architect, Reliant Verified
https://www.reliantverified.com
"
dispatch@apex-mobility-a.com,Apex Mobility Accessible Vans of Phoenix,Phoenix,commercial wheelchair vans,Corporate Commercial Wheelchair Vans leads in Phoenix,"Hey team,

I was reviewing the services for Apex Mobility Accessible Vans of Phoenix in Phoenix.

We recently launched The Reliant Network, a closed B2B commercial directory. Right now, we are routing all the incoming corporate quote requests for commercial wheelchair vans in the Phoenix metro to a generic national fallback, because we don't have a local partner locked in yet.

We only allow one commercial wheelchair vans contractor per city. It's a flat $299/mo to lock the Phoenix territory monopoly, and you keep 100% of the leads with zero per-lead fees.

Do you want to lock the Phoenix territory before we route these to a competitor? 

Best,
Alex
Lead Architect, Reliant Verified
https://www.reliantverified.com
"
dispatch@apex-mobility-a.com,Apex Mobility Accessible Vans of Denver,Denver,commercial wheelchair vans,Corporate Commercial Wheelchair Vans leads in Denver,"Hey team,

I was reviewing the services for Apex Mobility Accessible Vans of Denver in Denver.

We recently launched The Reliant Network, a closed B2B commercial directory. Right now, we are routing all the incoming corporate quote requests for commercial wheelchair vans in the Denver metro to a generic national fallback, because we don't have a local partner locked in yet.

We only allow one commercial wheelchair vans contractor per city. It's a flat $299/mo to lock the Denver territory monopoly, and you keep 100% of the leads with zero per-lead fees.

Do you want to lock the Denver territory before we route these to a competitor? 

Best,
Alex
Lead Architect, Reliant Verified
https://www.reliantverified.com
"
dispatch@apex-mobility-a.com,Apex Mobility Accessible Vans of Seattle,Seattle,commercial wheelchair vans,Corporate Commercial Wheelchair Vans leads in Seattle,"Hey team,

I was reviewing the services for Apex Mobility Accessible Vans of Seattle in Seattle.

We recently launched The Reliant Network, a closed B2B commercial directory. Right now, we are routing all the incoming corporate quote requests for commercial wheelchair vans in the Seattle metro to a generic national fallback, because we don't have a local partner locked in yet.

We only allow one commercial wheelchair vans contractor per city. It's a flat $299/mo to lock the Seattle territory monopoly, and you keep 100% of the leads with zero per-lead fees.

Do you want to lock the Seattle territory before we route these to a competitor? 

Best,
Alex
Lead Architect, Reliant Verified
https://www.reliantverified.com
"
dispatch@apex-mobility-a.com,Apex Mobility Accessible Vans of New York,New York,commercial wheelchair vans,Corporate Commercial Wheelchair Vans leads in New York,"Hey team,

I was reviewing the services for Apex Mobility Accessible Vans of New York in New York.

We recently launched The Reliant Network, a closed B2B commercial directory. Right now, we are routing all the incoming corporate quote requests for commercial wheelchair vans in the New York metro to a generic national fallback, because we don't have a local partner locked in yet.

We only allow one commercial wheelchair vans contractor per city. It's a flat $299/mo to lock the New York territory monopoly, and you keep 100% of the leads with zero per-lead fees.

Do you want to lock the New York territory before we route these to a competitor? 

Best,
Alex
Lead Architect, Reliant Verified
https://www.reliantverified.com
"
dispatch@apex-mobility-a.com,Apex Mobility Accessible Vans of Boston,Boston,commercial wheelchair vans,Corporate Commercial Wheelchair Vans leads in Boston,"Hey team,

I was reviewing the services for Apex Mobility Accessible Vans of Boston in Boston.

We recently launched The Reliant Network, a closed B2B commercial directory. Right now, we are routing all the incoming corporate quote requests for commercial wheelchair vans in the Boston metro to a generic national fallback, because we don't have a local partner locked in yet.

We only allow one commercial wheelchair vans contractor per city. It's a flat $299/mo to lock the Boston territory monopoly, and you keep 100% of the leads with zero per-lead fees.

Do you want to lock the Boston territory before we route these to a competitor? 

Best,
Alex
Lead Architect, Reliant Verified
https://www.reliantverified.com
"
dispatch@apex-mobility-a.com,Apex Mobility Accessible Vans of Philadelphia,Philadelphia,commercial wheelchair vans,Corporate Commercial Wheelchair Vans leads in Philadelphia,"Hey team,

I was reviewing the services for Apex Mobility Accessible Vans of Philadelphia in Philadelphia.

We recently launched The Reliant Network, a closed B2B commercial directory. Right now, we are routing all the incoming corporate quote requests for commercial wheelchair vans in the Philadelphia metro to a generic national fallback, because we don't have a local partner locked in yet.

We only allow one commercial wheelchair vans contractor per city. It's a flat $299/mo to lock the Philadelphia territory monopoly, and you keep 100% of the leads with zero per-lead fees.

Do you want to lock the Philadelphia territory before we route these to a competitor? 

Best,
Alex
Lead Architect, Reliant Verified
https://www.reliantverified.com
"
dispatch@apex-mobility-a.com,Apex Mobility Accessible Vans of Nashville,Nashville,commercial wheelchair vans,Corporate Commercial Wheelchair Vans leads in Nashville,"Hey team,

I was reviewing the services for Apex Mobility Accessible Vans of Nashville in Nashville.

We recently launched The Reliant Network, a closed B2B commercial directory. Right now, we are routing all the incoming corporate quote requests for commercial wheelchair vans in the Nashville metro to a generic national fallback, because we don't have a local partner locked in yet.

We only allow one commercial wheelchair vans contractor per city. It's a flat $299/mo to lock the Nashville territory monopoly, and you keep 100% of the leads with zero per-lead fees.

Do you want to lock the Nashville territory before we route these to a competitor? 

Best,
Alex
Lead Architect, Reliant Verified
https://www.reliantverified.com
"
dispatch@apex-mobility-a.com,Apex Mobility Accessible Vans of Las Vegas,Las Vegas,commercial wheelchair vans,Corporate Commercial Wheelchair Vans leads in Las Vegas,"Hey team,

I was reviewing the services for Apex Mobility Accessible Vans of Las Vegas in Las Vegas.

We recently launched The Reliant Network, a closed B2B commercial directory. Right now, we are routing all the incoming corporate quote requests for commercial wheelchair vans in the Las Vegas metro to a generic national fallback, because we don't have a local partner locked in yet.

We only allow one commercial wheelchair vans contractor per city. It's a flat $299/mo to lock the Las Vegas territory monopoly, and you keep 100% of the leads with zero per-lead fees.

Do you want to lock the Las Vegas territory before we route these to a competitor? 

Best,
Alex
Lead Architect, Reliant Verified
https://www.reliantverified.com
"
dispatch@apex-mobility-a.com,Apex Mobility Accessible Vans of Detroit,Detroit,commercial wheelchair vans,Corporate Commercial Wheelchair Vans leads in Detroit,"Hey team,

I was reviewing the services for Apex Mobility Accessible Vans of Detroit in Detroit.

We recently launched The Reliant Network, a closed B2B commercial directory. Right now, we are routing all the incoming corporate quote requests for commercial wheelchair vans in the Detroit metro to a generic national fallback, because we don't have a local partner locked in yet.

We only allow one commercial wheelchair vans contractor per city. It's a flat $299/mo to lock the Detroit territory monopoly, and you keep 100% of the leads with zero per-lead fees.

Do you want to lock the Detroit territory before we route these to a competitor? 

Best,
Alex
Lead Architect, Reliant Verified
https://www.reliantverified.com
"
dispatch@apex-mobility-a.com,Apex Mobility Accessible Vans of Minneapolis,Minneapolis,commercial wheelchair vans,Corporate Commercial Wheelchair Vans leads in Minneapolis,"Hey team,

I was reviewing the services for Apex Mobility Accessible Vans of Minneapolis in Minneapolis.

We recently launched The Reliant Network, a closed B2B commercial directory. Right now, we are routing all the incoming corporate quote requests for commercial wheelchair vans in the Minneapolis metro to a generic national fallback, because we don't have a local partner locked in yet.

We only allow one commercial wheelchair vans contractor per city. It's a flat $299/mo to lock the Minneapolis territory monopoly, and you keep 100% of the leads with zero per-lead fees.

Do you want to lock the Minneapolis territory before we route these to a competitor? 

Best,
Alex
Lead Architect, Reliant Verified
https://www.reliantverified.com
"
dispatch@atlantacommercialrolloffwastelogistics.com,Atlanta Commercial Roll-Off & Waste Logistics,Atlanta,commercial roll-off dumpsters,Corporate Commercial Roll-Off Dumpsters leads in Atlanta,"Hey team,

I was reviewing the services for Atlanta Commercial Roll-Off & Waste Logistics in Atlanta.

We recently launched The Reliant Network, a closed B2B commercial directory. Right now, we are routing all the incoming corporate quote requests for commercial roll-off dumpsters in the Atlanta metro to a generic national fallback, because we don't have a local partner locked in yet.

We only allow one commercial roll-off dumpsters contractor per city. It's a flat $299/mo to lock the Atlanta territory monopoly, and you keep 100% of the leads with zero per-lead fees.

Do you want to lock the Atlanta territory before we route these to a competitor? 

Best,
Alex
Lead Architect, Reliant Verified
https://www.reliantverified.com
"
dispatch@dallascommercialrolloffwastelogistics.com,Dallas Commercial Roll-Off & Waste Logistics,Dallas,commercial roll-off dumpsters,Corporate Commercial Roll-Off Dumpsters leads in Dallas,"Hey team,

I was reviewing the services for Dallas Commercial Roll-Off & Waste Logistics in Dallas.

We recently launched The Reliant Network, a closed B2B commercial directory. Right now, we are routing all the incoming corporate quote requests for commercial roll-off dumpsters in the Dallas metro to a generic national fallback, because we don't have a local partner locked in yet.

We only allow one commercial roll-off dumpsters contractor per city. It's a flat $299/mo to lock the Dallas territory monopoly, and you keep 100% of the leads with zero per-lead fees.

Do you want to lock the Dallas territory before we route these to a competitor? 

Best,
Alex
Lead Architect, Reliant Verified
https://www.reliantverified.com
"
dispatch@miamicommercialrolloffwastelogistics.com,Miami Commercial Roll-Off & Waste Logistics,Miami,commercial roll-off dumpsters,Corporate Commercial Roll-Off Dumpsters leads in Miami,"Hey team,

I was reviewing the services for Miami Commercial Roll-Off & Waste Logistics in Miami.

We recently launched The Reliant Network, a closed B2B commercial directory. Right now, we are routing all the incoming corporate quote requests for commercial roll-off dumpsters in the Miami metro to a generic national fallback, because we don't have a local partner locked in yet.

We only allow one commercial roll-off dumpsters contractor per city. It's a flat $299/mo to lock the Miami territory monopoly, and you keep 100% of the leads with zero per-lead fees.

Do you want to lock the Miami territory before we route these to a competitor? 

Best,
Alex
Lead Architect, Reliant Verified
https://www.reliantverified.com
"
dispatch@austincommercialrolloffwastelogistics.com,Austin Commercial Roll-Off & Waste Logistics,Austin,commercial roll-off dumpsters,Corporate Commercial Roll-Off Dumpsters leads in Austin,"Hey team,

I was reviewing the services for Austin Commercial Roll-Off & Waste Logistics in Austin.

We recently launched The Reliant Network, a closed B2B commercial directory. Right now, we are routing all the incoming corporate quote requests for commercial roll-off dumpsters in the Austin metro to a generic national fallback, because we don't have a local partner locked in yet.

We only allow one commercial roll-off dumpsters contractor per city. It's a flat $299/mo to lock the Austin territory monopoly, and you keep 100% of the leads with zero per-lead fees.

Do you want to lock the Austin territory before we route these to a competitor? 

Best,
Alex
Lead Architect, Reliant Verified
https://www.reliantverified.com
"
dispatch@losangelescommercialrolloffwastelogistics.com,Los Angeles Commercial Roll-Off & Waste Logistics,Los Angeles,commercial roll-off dumpsters,Corporate Commercial Roll-Off Dumpsters leads in Los Angeles,"Hey team,

I was reviewing the services for Los Angeles Commercial Roll-Off & Waste Logistics in Los Angeles.

We recently launched The Reliant Network, a closed B2B commercial directory. Right now, we are routing all the incoming corporate quote requests for commercial roll-off dumpsters in the Los Angeles metro to a generic national fallback, because we don't have a local partner locked in yet.

We only allow one commercial roll-off dumpsters contractor per city. It's a flat $299/mo to lock the Los Angeles territory monopoly, and you keep 100% of the leads with zero per-lead fees.

Do you want to lock the Los Angeles territory before we route these to a competitor? 

Best,
Alex
Lead Architect, Reliant Verified
https://www.reliantverified.com
"
dispatch@chicagocommercialrolloffwastelogistics.com,Chicago Commercial Roll-Off & Waste Logistics,Chicago,commercial roll-off dumpsters,Corporate Commercial Roll-Off Dumpsters leads in Chicago,"Hey team,

I was reviewing the services for Chicago Commercial Roll-Off & Waste Logistics in Chicago.

We recently launched The Reliant Network, a closed B2B commercial directory. Right now, we are routing all the incoming corporate quote requests for commercial roll-off dumpsters in the Chicago metro to a generic national fallback, because we don't have a local partner locked in yet.

We only allow one commercial roll-off dumpsters contractor per city. It's a flat $299/mo to lock the Chicago territory monopoly, and you keep 100% of the leads with zero per-lead fees.

Do you want to lock the Chicago territory before we route these to a competitor? 

Best,
Alex
Lead Architect, Reliant Verified
https://www.reliantverified.com
"
dispatch@houstoncommercialrolloffwastelogistics.com,Houston Commercial Roll-Off & Waste Logistics,Houston,commercial roll-off dumpsters,Corporate Commercial Roll-Off Dumpsters leads in Houston,"Hey team,

I was reviewing the services for Houston Commercial Roll-Off & Waste Logistics in Houston.

We recently launched The Reliant Network, a closed B2B commercial directory. Right now, we are routing all the incoming corporate quote requests for commercial roll-off dumpsters in the Houston metro to a generic national fallback, because we don't have a local partner locked in yet.

We only allow one commercial roll-off dumpsters contractor per city. It's a flat $299/mo to lock the Houston territory monopoly, and you keep 100% of the leads with zero per-lead fees.

Do you want to lock the Houston territory before we route these to a competitor? 

Best,
Alex
Lead Architect, Reliant Verified
https://www.reliantverified.com
"
dispatch@phoenixcommercialrolloffwastelogistics.com,Phoenix Commercial Roll-Off & Waste Logistics,Phoenix,commercial roll-off dumpsters,Corporate Commercial Roll-Off Dumpsters leads in Phoenix,"Hey team,

I was reviewing the services for Phoenix Commercial Roll-Off & Waste Logistics in Phoenix.

We recently launched The Reliant Network, a closed B2B commercial directory. Right now, we are routing all the incoming corporate quote requests for commercial roll-off dumpsters in the Phoenix metro to a generic national fallback, because we don't have a local partner locked in yet.

We only allow one commercial roll-off dumpsters contractor per city. It's a flat $299/mo to lock the Phoenix territory monopoly, and you keep 100% of the leads with zero per-lead fees.

Do you want to lock the Phoenix territory before we route these to a competitor? 

Best,
Alex
Lead Architect, Reliant Verified
https://www.reliantverified.com
"
dispatch@denvercommercialrolloffwastelogistics.com,Denver Commercial Roll-Off & Waste Logistics,Denver,commercial roll-off dumpsters,Corporate Commercial Roll-Off Dumpsters leads in Denver,"Hey team,

I was reviewing the services for Denver Commercial Roll-Off & Waste Logistics in Denver.

We recently launched The Reliant Network, a closed B2B commercial directory. Right now, we are routing all the incoming corporate quote requests for commercial roll-off dumpsters in the Denver metro to a generic national fallback, because we don't have a local partner locked in yet.

We only allow one commercial roll-off dumpsters contractor per city. It's a flat $299/mo to lock the Denver territory monopoly, and you keep 100% of the leads with zero per-lead fees.

Do you want to lock the Denver territory before we route these to a competitor? 

Best,
Alex
Lead Architect, Reliant Verified
https://www.reliantverified.com
"
dispatch@seattlecommercialrolloffwastelogistics.com,Seattle Commercial Roll-Off & Waste Logistics,Seattle,commercial roll-off dumpsters,Corporate Commercial Roll-Off Dumpsters leads in Seattle,"Hey team,

I was reviewing the services for Seattle Commercial Roll-Off & Waste Logistics in Seattle.

We recently launched The Reliant Network, a closed B2B commercial directory. Right now, we are routing all the incoming corporate quote requests for commercial roll-off dumpsters in the Seattle metro to a generic national fallback, because we don't have a local partner locked in yet.

We only allow one commercial roll-off dumpsters contractor per city. It's a flat $299/mo to lock the Seattle territory monopoly, and you keep 100% of the leads with zero per-lead fees.

Do you want to lock the Seattle territory before we route these to a competitor? 

Best,
Alex
Lead Architect, Reliant Verified
https://www.reliantverified.com
"
dispatch@newyorkcommercialrolloffwastelogistics.com,New York Commercial Roll-Off & Waste Logistics,New York,commercial roll-off dumpsters,Corporate Commercial Roll-Off Dumpsters leads in New York,"Hey team,

I was reviewing the services for New York Commercial Roll-Off & Waste Logistics in New York.

We recently launched The Reliant Network, a closed B2B commercial directory. Right now, we are routing all the incoming corporate quote requests for commercial roll-off dumpsters in the New York metro to a generic national fallback, because we don't have a local partner locked in yet.

We only allow one commercial roll-off dumpsters contractor per city. It's a flat $299/mo to lock the New York territory monopoly, and you keep 100% of the leads with zero per-lead fees.

Do you want to lock the New York territory before we route these to a competitor? 

Best,
Alex
Lead Architect, Reliant Verified
https://www.reliantverified.com
"
dispatch@atlantaeliteeventcorporatesecurity.com,Atlanta Elite Event & Corporate Security,Atlanta,private event security,Corporate Private Event Security leads in Atlanta,"Hey team,

I was reviewing the services for Atlanta Elite Event & Corporate Security in Atlanta.

We recently launched The Reliant Network, a closed B2B commercial directory. Right now, we are routing all the incoming corporate quote requests for private event security in the Atlanta metro to a generic national fallback, because we don't have a local partner locked in yet.

We only allow one private event security contractor per city. It's a flat $299/mo to lock the Atlanta territory monopoly, and you keep 100% of the leads with zero per-lead fees.

Do you want to lock the Atlanta territory before we route these to a competitor? 

Best,
Alex
Lead Architect, Reliant Verified
https://www.reliantverified.com
"
dispatch@dallaseliteeventcorporatesecurity.com,Dallas Elite Event & Corporate Security,Dallas,private event security,Corporate Private Event Security leads in Dallas,"Hey team,

I was reviewing the services for Dallas Elite Event & Corporate Security in Dallas.

We recently launched The Reliant Network, a closed B2B commercial directory. Right now, we are routing all the incoming corporate quote requests for private event security in the Dallas metro to a generic national fallback, because we don't have a local partner locked in yet.

We only allow one private event security contractor per city. It's a flat $299/mo to lock the Dallas territory monopoly, and you keep 100% of the leads with zero per-lead fees.

Do you want to lock the Dallas territory before we route these to a competitor? 

Best,
Alex
Lead Architect, Reliant Verified
https://www.reliantverified.com
"
dispatch@miamieliteeventcorporatesecurity.com,Miami Elite Event & Corporate Security,Miami,private event security,Corporate Private Event Security leads in Miami,"Hey team,

I was reviewing the services for Miami Elite Event & Corporate Security in Miami.

We recently launched The Reliant Network, a closed B2B commercial directory. Right now, we are routing all the incoming corporate quote requests for private event security in the Miami metro to a generic national fallback, because we don't have a local partner locked in yet.

We only allow one private event security contractor per city. It's a flat $299/mo to lock the Miami territory monopoly, and you keep 100% of the leads with zero per-lead fees.

Do you want to lock the Miami territory before we route these to a competitor? 

Best,
Alex
Lead Architect, Reliant Verified
https://www.reliantverified.com
"
dispatch@austineliteeventcorporatesecurity.com,Austin Elite Event & Corporate Security,Austin,private event security,Corporate Private Event Security leads in Austin,"Hey team,

I was reviewing the services for Austin Elite Event & Corporate Security in Austin.

We recently launched The Reliant Network, a closed B2B commercial directory. Right now, we are routing all the incoming corporate quote requests for private event security in the Austin metro to a generic national fallback, because we don't have a local partner locked in yet.

We only allow one private event security contractor per city. It's a flat $299/mo to lock the Austin territory monopoly, and you keep 100% of the leads with zero per-lead fees.

Do you want to lock the Austin territory before we route these to a competitor? 

Best,
Alex
Lead Architect, Reliant Verified
https://www.reliantverified.com
"
dispatch@losangeleseliteeventcorporatesecurity.com,Los Angeles Elite Event & Corporate Security,Los Angeles,private event security,Corporate Private Event Security leads in Los Angeles,"Hey team,

I was reviewing the services for Los Angeles Elite Event & Corporate Security in Los Angeles.

We recently launched The Reliant Network, a closed B2B commercial directory. Right now, we are routing all the incoming corporate quote requests for private event security in the Los Angeles metro to a generic national fallback, because we don't have a local partner locked in yet.

We only allow one private event security contractor per city. It's a flat $299/mo to lock the Los Angeles territory monopoly, and you keep 100% of the leads with zero per-lead fees.

Do you want to lock the Los Angeles territory before we route these to a competitor? 

Best,
Alex
Lead Architect, Reliant Verified
https://www.reliantverified.com
"
dispatch@chicagoeliteeventcorporatesecurity.com,Chicago Elite Event & Corporate Security,Chicago,private event security,Corporate Private Event Security leads in Chicago,"Hey team,

I was reviewing the services for Chicago Elite Event & Corporate Security in Chicago.

We recently launched The Reliant Network, a closed B2B commercial directory. Right now, we are routing all the incoming corporate quote requests for private event security in the Chicago metro to a generic national fallback, because we don't have a local partner locked in yet.

We only allow one private event security contractor per city. It's a flat $299/mo to lock the Chicago territory monopoly, and you keep 100% of the leads with zero per-lead fees.

Do you want to lock the Chicago territory before we route these to a competitor? 

Best,
Alex
Lead Architect, Reliant Verified
https://www.reliantverified.com
"
dispatch@houstoneliteeventcorporatesecurity.com,Houston Elite Event & Corporate Security,Houston,private event security,Corporate Private Event Security leads in Houston,"Hey team,

I was reviewing the services for Houston Elite Event & Corporate Security in Houston.

We recently launched The Reliant Network, a closed B2B commercial directory. Right now, we are routing all the incoming corporate quote requests for private event security in the Houston metro to a generic national fallback, because we don't have a local partner locked in yet.

We only allow one private event security contractor per city. It's a flat $299/mo to lock the Houston territory monopoly, and you keep 100% of the leads with zero per-lead fees.

Do you want to lock the Houston territory before we route these to a competitor? 

Best,
Alex
Lead Architect, Reliant Verified
https://www.reliantverified.com
"
dispatch@phoenixeliteeventcorporatesecurity.com,Phoenix Elite Event & Corporate Security,Phoenix,private event security,Corporate Private Event Security leads in Phoenix,"Hey team,

I was reviewing the services for Phoenix Elite Event & Corporate Security in Phoenix.

We recently launched The Reliant Network, a closed B2B commercial directory. Right now, we are routing all the incoming corporate quote requests for private event security in the Phoenix metro to a generic national fallback, because we don't have a local partner locked in yet.

We only allow one private event security contractor per city. It's a flat $299/mo to lock the Phoenix territory monopoly, and you keep 100% of the leads with zero per-lead fees.

Do you want to lock the Phoenix territory before we route these to a competitor? 

Best,
Alex
Lead Architect, Reliant Verified
https://www.reliantverified.com
"
dispatch@denvereliteeventcorporatesecurity.com,Denver Elite Event & Corporate Security,Denver,private event security,Corporate Private Event Security leads in Denver,"Hey team,

I was reviewing the services for Denver Elite Event & Corporate Security in Denver.

We recently launched The Reliant Network, a closed B2B commercial directory. Right now, we are routing all the incoming corporate quote requests for private event security in the Denver metro to a generic national fallback, because we don't have a local partner locked in yet.

We only allow one private event security contractor per city. It's a flat $299/mo to lock the Denver territory monopoly, and you keep 100% of the leads with zero per-lead fees.

Do you want to lock the Denver territory before we route these to a competitor? 

Best,
Alex
Lead Architect, Reliant Verified
https://www.reliantverified.com
"
dispatch@seattleeliteeventcorporatesecurity.com,Seattle Elite Event & Corporate Security,Seattle,private event security,Corporate Private Event Security leads in Seattle,"Hey team,

I was reviewing the services for Seattle Elite Event & Corporate Security in Seattle.

We recently launched The Reliant Network, a closed B2B commercial directory. Right now, we are routing all the incoming corporate quote requests for private event security in the Seattle metro to a generic national fallback, because we don't have a local partner locked in yet.

We only allow one private event security contractor per city. It's a flat $299/mo to lock the Seattle territory monopoly, and you keep 100% of the leads with zero per-lead fees.

Do you want to lock the Seattle territory before we route these to a competitor? 

Best,
Alex
Lead Architect, Reliant Verified
https://www.reliantverified.com
"
dispatch@newyorkeliteeventcorporatesecurity.com,New York Elite Event & Corporate Security,New York,private event security,Corporate Private Event Security leads in New York,"Hey team,

I was reviewing the services for New York Elite Event & Corporate Security in New York.

We recently launched The Reliant Network, a closed B2B commercial directory. Right now, we are routing all the incoming corporate quote requests for private event security in the New York metro to a generic national fallback, because we don't have a local partner locked in yet.

We only allow one private event security contractor per city. It's a flat $299/mo to lock the New York territory monopoly, and you keep 100% of the leads with zero per-lead fees.

Do you want to lock the New York territory before we route these to a competitor? 

Best,
Alex
Lead Architect, Reliant Verified
https://www.reliantverified.com
"
dispatch@atlantarapidhazmatbiohazardresponse.com,Atlanta Rapid Hazmat & Biohazard Response,Atlanta,hazmat and biohazard remediation,Corporate Hazmat And Biohazard Remediation leads in Atlanta,"Hey team,

I was reviewing the services for Atlanta Rapid Hazmat & Biohazard Response in Atlanta.

We recently launched The Reliant Network, a closed B2B commercial directory. Right now, we are routing all the incoming corporate quote requests for hazmat and biohazard remediation in the Atlanta metro to a generic national fallback, because we don't have a local partner locked in yet.

We only allow one hazmat and biohazard remediation contractor per city. It's a flat $299/mo to lock the Atlanta territory monopoly, and you keep 100% of the leads with zero per-lead fees.

Do you want to lock the Atlanta territory before we route these to a competitor? 

Best,
Alex
Lead Architect, Reliant Verified
https://www.reliantverified.com
"
dispatch@dallasrapidhazmatbiohazardresponse.com,Dallas Rapid Hazmat & Biohazard Response,Dallas,hazmat and biohazard remediation,Corporate Hazmat And Biohazard Remediation leads in Dallas,"Hey team,

I was reviewing the services for Dallas Rapid Hazmat & Biohazard Response in Dallas.

We recently launched The Reliant Network, a closed B2B commercial directory. Right now, we are routing all the incoming corporate quote requests for hazmat and biohazard remediation in the Dallas metro to a generic national fallback, because we don't have a local partner locked in yet.

We only allow one hazmat and biohazard remediation contractor per city. It's a flat $299/mo to lock the Dallas territory monopoly, and you keep 100% of the leads with zero per-lead fees.

Do you want to lock the Dallas territory before we route these to a competitor? 

Best,
Alex
Lead Architect, Reliant Verified
https://www.reliantverified.com
"
dispatch@miamirapidhazmatbiohazardresponse.com,Miami Rapid Hazmat & Biohazard Response,Miami,hazmat and biohazard remediation,Corporate Hazmat And Biohazard Remediation leads in Miami,"Hey team,

I was reviewing the services for Miami Rapid Hazmat & Biohazard Response in Miami.

We recently launched The Reliant Network, a closed B2B commercial directory. Right now, we are routing all the incoming corporate quote requests for hazmat and biohazard remediation in the Miami metro to a generic national fallback, because we don't have a local partner locked in yet.

We only allow one hazmat and biohazard remediation contractor per city. It's a flat $299/mo to lock the Miami territory monopoly, and you keep 100% of the leads with zero per-lead fees.

Do you want to lock the Miami territory before we route these to a competitor? 

Best,
Alex
Lead Architect, Reliant Verified
https://www.reliantverified.com
"
dispatch@austinrapidhazmatbiohazardresponse.com,Austin Rapid Hazmat & Biohazard Response,Austin,hazmat and biohazard remediation,Corporate Hazmat And Biohazard Remediation leads in Austin,"Hey team,

I was reviewing the services for Austin Rapid Hazmat & Biohazard Response in Austin.

We recently launched The Reliant Network, a closed B2B commercial directory. Right now, we are routing all the incoming corporate quote requests for hazmat and biohazard remediation in the Austin metro to a generic national fallback, because we don't have a local partner locked in yet.

We only allow one hazmat and biohazard remediation contractor per city. It's a flat $299/mo to lock the Austin territory monopoly, and you keep 100% of the leads with zero per-lead fees.

Do you want to lock the Austin territory before we route these to a competitor? 

Best,
Alex
Lead Architect, Reliant Verified
https://www.reliantverified.com
"
dispatch@losangelesrapidhazmatbiohazardresponse.com,Los Angeles Rapid Hazmat & Biohazard Response,Los Angeles,hazmat and biohazard remediation,Corporate Hazmat And Biohazard Remediation leads in Los Angeles,"Hey team,

I was reviewing the services for Los Angeles Rapid Hazmat & Biohazard Response in Los Angeles.

We recently launched The Reliant Network, a closed B2B commercial directory. Right now, we are routing all the incoming corporate quote requests for hazmat and biohazard remediation in the Los Angeles metro to a generic national fallback, because we don't have a local partner locked in yet.

We only allow one hazmat and biohazard remediation contractor per city. It's a flat $299/mo to lock the Los Angeles territory monopoly, and you keep 100% of the leads with zero per-lead fees.

Do you want to lock the Los Angeles territory before we route these to a competitor? 

Best,
Alex
Lead Architect, Reliant Verified
https://www.reliantverified.com
"
dispatch@chicagorapidhazmatbiohazardresponse.com,Chicago Rapid Hazmat & Biohazard Response,Chicago,hazmat and biohazard remediation,Corporate Hazmat And Biohazard Remediation leads in Chicago,"Hey team,

I was reviewing the services for Chicago Rapid Hazmat & Biohazard Response in Chicago.

We recently launched The Reliant Network, a closed B2B commercial directory. Right now, we are routing all the incoming corporate quote requests for hazmat and biohazard remediation in the Chicago metro to a generic national fallback, because we don't have a local partner locked in yet.

We only allow one hazmat and biohazard remediation contractor per city. It's a flat $299/mo to lock the Chicago territory monopoly, and you keep 100% of the leads with zero per-lead fees.

Do you want to lock the Chicago territory before we route these to a competitor? 

Best,
Alex
Lead Architect, Reliant Verified
https://www.reliantverified.com
"
dispatch@houstonrapidhazmatbiohazardresponse.com,Houston Rapid Hazmat & Biohazard Response,Houston,hazmat and biohazard remediation,Corporate Hazmat And Biohazard Remediation leads in Houston,"Hey team,

I was reviewing the services for Houston Rapid Hazmat & Biohazard Response in Houston.

We recently launched The Reliant Network, a closed B2B commercial directory. Right now, we are routing all the incoming corporate quote requests for hazmat and biohazard remediation in the Houston metro to a generic national fallback, because we don't have a local partner locked in yet.

We only allow one hazmat and biohazard remediation contractor per city. It's a flat $299/mo to lock the Houston territory monopoly, and you keep 100% of the leads with zero per-lead fees.

Do you want to lock the Houston territory before we route these to a competitor? 

Best,
Alex
Lead Architect, Reliant Verified
https://www.reliantverified.com
"
dispatch@phoenixrapidhazmatbiohazardresponse.com,Phoenix Rapid Hazmat & Biohazard Response,Phoenix,hazmat and biohazard remediation,Corporate Hazmat And Biohazard Remediation leads in Phoenix,"Hey team,

I was reviewing the services for Phoenix Rapid Hazmat & Biohazard Response in Phoenix.

We recently launched The Reliant Network, a closed B2B commercial directory. Right now, we are routing all the incoming corporate quote requests for hazmat and biohazard remediation in the Phoenix metro to a generic national fallback, because we don't have a local partner locked in yet.

We only allow one hazmat and biohazard remediation contractor per city. It's a flat $299/mo to lock the Phoenix territory monopoly, and you keep 100% of the leads with zero per-lead fees.

Do you want to lock the Phoenix territory before we route these to a competitor? 

Best,
Alex
Lead Architect, Reliant Verified
https://www.reliantverified.com
"
dispatch@denverrapidhazmatbiohazardresponse.com,Denver Rapid Hazmat & Biohazard Response,Denver,hazmat and biohazard remediation,Corporate Hazmat And Biohazard Remediation leads in Denver,"Hey team,

I was reviewing the services for Denver Rapid Hazmat & Biohazard Response in Denver.

We recently launched The Reliant Network, a closed B2B commercial directory. Right now, we are routing all the incoming corporate quote requests for hazmat and biohazard remediation in the Denver metro to a generic national fallback, because we don't have a local partner locked in yet.

We only allow one hazmat and biohazard remediation contractor per city. It's a flat $299/mo to lock the Denver territory monopoly, and you keep 100% of the leads with zero per-lead fees.

Do you want to lock the Denver territory before we route these to a competitor? 

Best,
Alex
Lead Architect, Reliant Verified
https://www.reliantverified.com
"
dispatch@seattlerapidhazmatbiohazardresponse.com,Seattle Rapid Hazmat & Biohazard Response,Seattle,hazmat and biohazard remediation,Corporate Hazmat And Biohazard Remediation leads in Seattle,"Hey team,

I was reviewing the services for Seattle Rapid Hazmat & Biohazard Response in Seattle.

We recently launched The Reliant Network, a closed B2B commercial directory. Right now, we are routing all the incoming corporate quote requests for hazmat and biohazard remediation in the Seattle metro to a generic national fallback, because we don't have a local partner locked in yet.

We only allow one hazmat and biohazard remediation contractor per city. It's a flat $299/mo to lock the Seattle territory monopoly, and you keep 100% of the leads with zero per-lead fees.

Do you want to lock the Seattle territory before we route these to a competitor? 

Best,
Alex
Lead Architect, Reliant Verified
https://www.reliantverified.com
"
dispatch@newyorkrapidhazmatbiohazardresponse.com,New York Rapid Hazmat & Biohazard Response,New York,hazmat and biohazard remediation,Corporate Hazmat And Biohazard Remediation leads in New York,"Hey team,

I was reviewing the services for New York Rapid Hazmat & Biohazard Response in New York.

We recently launched The Reliant Network, a closed B2B commercial directory. Right now, we are routing all the incoming corporate quote requests for hazmat and biohazard remediation in the New York metro to a generic national fallback, because we don't have a local partner locked in yet.

We only allow one hazmat and biohazard remediation contractor per city. It's a flat $299/mo to lock the New York territory monopoly, and you keep 100% of the leads with zero per-lead fees.

Do you want to lock the New York territory before we route these to a competitor? 

Best,
Alex
Lead Architect, Reliant Verified
https://www.reliantverified.com
"
robert@jonesroofingofatlanta.com,Jones Roofing of Atlanta,Atlanta,commercial roofing,Corporate Commercial Roofing leads in Atlanta,"Hey team,

I was reviewing the services for Jones Roofing of Atlanta in Atlanta.

We recently launched The Reliant Network, a closed B2B commercial directory. Right now, we are routing all the incoming corporate quote requests for commercial roofing in the Atlanta metro to a generic national fallback, because we don't have a local partner locked in yet.

We only allow one commercial roofing contractor per city. It's a flat $299/mo to lock the Atlanta territory monopoly, and you keep 100% of the leads with zero per-lead fees.

Do you want to lock the Atlanta territory before we route these to a competitor? 

Best,
Alex
Lead Architect, Reliant Verified
https://www.reliantverified.com
"
david@rodriguezasphaltofatlanta.com,Rodriguez Asphalt of Atlanta,Atlanta,commercial asphalt,Corporate Commercial Asphalt leads in Atlanta,"Hey team,

I was reviewing the services for Rodriguez Asphalt of Atlanta in Atlanta.

We recently launched The Reliant Network, a closed B2B commercial directory. Right now, we are routing all the incoming corporate quote requests for commercial asphalt in the Atlanta metro to a generic national fallback, because we don't have a local partner locked in yet.

We only allow one commercial asphalt contractor per city. It's a flat $299/mo to lock the Atlanta territory monopoly, and you keep 100% of the leads with zero per-lead fees.

Do you want to lock the Atlanta territory before we route these to a competitor? 

Best,
Alex
Lead Architect, Reliant Verified
https://www.reliantverified.com
"
william@jonestrailersofatlanta.com,Jones Trailers of Atlanta,Atlanta,mobile office trailers,Corporate Mobile Office Trailers leads in Atlanta,"Hey team,

I was reviewing the services for Jones Trailers of Atlanta in Atlanta.

We recently launched The Reliant Network, a closed B2B commercial directory. Right now, we are routing all the incoming corporate quote requests for mobile office trailers in the Atlanta metro to a generic national fallback, because we don't have a local partner locked in yet.

We only allow one mobile office trailers contractor per city. It's a flat $299/mo to lock the Atlanta territory monopoly, and you keep 100% of the leads with zero per-lead fees.

Do you want to lock the Atlanta territory before we route these to a competitor? 

Best,
Alex
Lead Architect, Reliant Verified
https://www.reliantverified.com
"
john@johnsoncharterofatlanta.com,Johnson Charter of Atlanta,Atlanta,corporate jet charter,Corporate Corporate Jet Charter leads in Atlanta,"Hey team,

I was reviewing the services for Johnson Charter of Atlanta in Atlanta.

We recently launched The Reliant Network, a closed B2B commercial directory. Right now, we are routing all the incoming corporate quote requests for corporate jet charter in the Atlanta metro to a generic national fallback, because we don't have a local partner locked in yet.

We only allow one corporate jet charter contractor per city. It's a flat $299/mo to lock the Atlanta territory monopoly, and you keep 100% of the leads with zero per-lead fees.

Do you want to lock the Atlanta territory before we route these to a competitor? 

Best,
Alex
Lead Architect, Reliant Verified
https://www.reliantverified.com
"
thomas@jonesroofingofdallas.com,Jones Roofing of Dallas,Dallas,commercial roofing,Corporate Commercial Roofing leads in Dallas,"Hey team,

I was reviewing the services for Jones Roofing of Dallas in Dallas.

We recently launched The Reliant Network, a closed B2B commercial directory. Right now, we are routing all the incoming corporate quote requests for commercial roofing in the Dallas metro to a generic national fallback, because we don't have a local partner locked in yet.

We only allow one commercial roofing contractor per city. It's a flat $299/mo to lock the Dallas territory monopoly, and you keep 100% of the leads with zero per-lead fees.

Do you want to lock the Dallas territory before we route these to a competitor? 

Best,
Alex
Lead Architect, Reliant Verified
https://www.reliantverified.com
"
john@millerasphaltofdallas.com,Miller Asphalt of Dallas,Dallas,commercial asphalt,Corporate Commercial Asphalt leads in Dallas,"Hey team,

I was reviewing the services for Miller Asphalt of Dallas in Dallas.

We recently launched The Reliant Network, a closed B2B commercial directory. Right now, we are routing all the incoming corporate quote requests for commercial asphalt in the Dallas metro to a generic national fallback, because we don't have a local partner locked in yet.

We only allow one commercial asphalt contractor per city. It's a flat $299/mo to lock the Dallas territory monopoly, and you keep 100% of the leads with zero per-lead fees.

Do you want to lock the Dallas territory before we route these to a competitor? 

Best,
Alex
Lead Architect, Reliant Verified
https://www.reliantverified.com
"
chris@smithtrailersofdallas.com,Smith Trailers of Dallas,Dallas,mobile office trailers,Corporate Mobile Office Trailers leads in Dallas,"Hey team,

I was reviewing the services for Smith Trailers of Dallas in Dallas.

We recently launched The Reliant Network, a closed B2B commercial directory. Right now, we are routing all the incoming corporate quote requests for mobile office trailers in the Dallas metro to a generic national fallback, because we don't have a local partner locked in yet.

We only allow one mobile office trailers contractor per city. It's a flat $299/mo to lock the Dallas territory monopoly, and you keep 100% of the leads with zero per-lead fees.

Do you want to lock the Dallas territory before we route these to a competitor? 

Best,
Alex
Lead Architect, Reliant Verified
https://www.reliantverified.com
"
chris@smithcharterofdallas.com,Smith Charter of Dallas,Dallas,corporate jet charter,Corporate Corporate Jet Charter leads in Dallas,"Hey team,

I was reviewing the services for Smith Charter of Dallas in Dallas.

We recently launched The Reliant Network, a closed B2B commercial directory. Right now, we are routing all the incoming corporate quote requests for corporate jet charter in the Dallas metro to a generic national fallback, because we don't have a local partner locked in yet.

We only allow one corporate jet charter contractor per city. It's a flat $299/mo to lock the Dallas territory monopoly, and you keep 100% of the leads with zero per-lead fees.

Do you want to lock the Dallas territory before we route these to a competitor? 

Best,
Alex
Lead Architect, Reliant Verified
https://www.reliantverified.com
"
chris@garciaroofingofmiami.com,Garcia Roofing of Miami,Miami,commercial roofing,Corporate Commercial Roofing leads in Miami,"Hey team,

I was reviewing the services for Garcia Roofing of Miami in Miami.

We recently launched The Reliant Network, a closed B2B commercial directory. Right now, we are routing all the incoming corporate quote requests for commercial roofing in the Miami metro to a generic national fallback, because we don't have a local partner locked in yet.

We only allow one commercial roofing contractor per city. It's a flat $299/mo to lock the Miami territory monopoly, and you keep 100% of the leads with zero per-lead fees.

Do you want to lock the Miami territory before we route these to a competitor? 

Best,
Alex
Lead Architect, Reliant Verified
https://www.reliantverified.com
"
david@jonesasphaltofmiami.com,Jones Asphalt of Miami,Miami,commercial asphalt,Corporate Commercial Asphalt leads in Miami,"Hey team,

I was reviewing the services for Jones Asphalt of Miami in Miami.

We recently launched The Reliant Network, a closed B2B commercial directory. Right now, we are routing all the incoming corporate quote requests for commercial asphalt in the Miami metro to a generic national fallback, because we don't have a local partner locked in yet.

We only allow one commercial asphalt contractor per city. It's a flat $299/mo to lock the Miami territory monopoly, and you keep 100% of the leads with zero per-lead fees.

Do you want to lock the Miami territory before we route these to a competitor? 

Best,
Alex
Lead Architect, Reliant Verified
https://www.reliantverified.com
"
william@smithtrailersofmiami.com,Smith Trailers of Miami,Miami,mobile office trailers,Corporate Mobile Office Trailers leads in Miami,"Hey team,

I was reviewing the services for Smith Trailers of Miami in Miami.

We recently launched The Reliant Network, a closed B2B commercial directory. Right now, we are routing all the incoming corporate quote requests for mobile office trailers in the Miami metro to a generic national fallback, because we don't have a local partner locked in yet.

We only allow one mobile office trailers contractor per city. It's a flat $299/mo to lock the Miami territory monopoly, and you keep 100% of the leads with zero per-lead fees.

Do you want to lock the Miami territory before we route these to a competitor? 

Best,
Alex
Lead Architect, Reliant Verified
https://www.reliantverified.com
"
michael@jonescharterofmiami.com,Jones Charter of Miami,Miami,corporate jet charter,Corporate Corporate Jet Charter leads in Miami,"Hey team,

I was reviewing the services for Jones Charter of Miami in Miami.

We recently launched The Reliant Network, a closed B2B commercial directory. Right now, we are routing all the incoming corporate quote requests for corporate jet charter in the Miami metro to a generic national fallback, because we don't have a local partner locked in yet.

We only allow one corporate jet charter contractor per city. It's a flat $299/mo to lock the Miami territory monopoly, and you keep 100% of the leads with zero per-lead fees.

Do you want to lock the Miami territory before we route these to a competitor? 

Best,
Alex
Lead Architect, Reliant Verified
https://www.reliantverified.com
"
john@rodriguezroofingofaustin.com,Rodriguez Roofing of Austin,Austin,commercial roofing,Corporate Commercial Roofing leads in Austin,"Hey team,

I was reviewing the services for Rodriguez Roofing of Austin in Austin.

We recently launched The Reliant Network, a closed B2B commercial directory. Right now, we are routing all the incoming corporate quote requests for commercial roofing in the Austin metro to a generic national fallback, because we don't have a local partner locked in yet.

We only allow one commercial roofing contractor per city. It's a flat $299/mo to lock the Austin territory monopoly, and you keep 100% of the leads with zero per-lead fees.

Do you want to lock the Austin territory before we route these to a competitor? 

Best,
Alex
Lead Architect, Reliant Verified
https://www.reliantverified.com
"
alex@johnsonasphaltofaustin.com,Johnson Asphalt of Austin,Austin,commercial asphalt,Corporate Commercial Asphalt leads in Austin,"Hey team,

I was reviewing the services for Johnson Asphalt of Austin in Austin.

We recently launched The Reliant Network, a closed B2B commercial directory. Right now, we are routing all the incoming corporate quote requests for commercial asphalt in the Austin metro to a generic national fallback, because we don't have a local partner locked in yet.

We only allow one commercial asphalt contractor per city. It's a flat $299/mo to lock the Austin territory monopoly, and you keep 100% of the leads with zero per-lead fees.

Do you want to lock the Austin territory before we route these to a competitor? 

Best,
Alex
Lead Architect, Reliant Verified
https://www.reliantverified.com
"
robert@rodrigueztrailersofaustin.com,Rodriguez Trailers of Austin,Austin,mobile office trailers,Corporate Mobile Office Trailers leads in Austin,"Hey team,

I was reviewing the services for Rodriguez Trailers of Austin in Austin.

We recently launched The Reliant Network, a closed B2B commercial directory. Right now, we are routing all the incoming corporate quote requests for mobile office trailers in the Austin metro to a generic national fallback, because we don't have a local partner locked in yet.

We only allow one mobile office trailers contractor per city. It's a flat $299/mo to lock the Austin territory monopoly, and you keep 100% of the leads with zero per-lead fees.

Do you want to lock the Austin territory before we route these to a competitor? 

Best,
Alex
Lead Architect, Reliant Verified
https://www.reliantverified.com
"
james@martinezcharterofaustin.com,Martinez Charter of Austin,Austin,corporate jet charter,Corporate Corporate Jet Charter leads in Austin,"Hey team,

I was reviewing the services for Martinez Charter of Austin in Austin.

We recently launched The Reliant Network, a closed B2B commercial directory. Right now, we are routing all the incoming corporate quote requests for corporate jet charter in the Austin metro to a generic national fallback, because we don't have a local partner locked in yet.

We only allow one corporate jet charter contractor per city. It's a flat $299/mo to lock the Austin territory monopoly, and you keep 100% of the leads with zero per-lead fees.

Do you want to lock the Austin territory before we route these to a competitor? 

Best,
Alex
Lead Architect, Reliant Verified
https://www.reliantverified.com
"
david@williamsroofingoflosangeles.com,Williams Roofing of Los Angeles,Los Angeles,commercial roofing,Corporate Commercial Roofing leads in Los Angeles,"Hey team,

I was reviewing the services for Williams Roofing of Los Angeles in Los Angeles.

We recently launched The Reliant Network, a closed B2B commercial directory. Right now, we are routing all the incoming corporate quote requests for commercial roofing in the Los Angeles metro to a generic national fallback, because we don't have a local partner locked in yet.

We only allow one commercial roofing contractor per city. It's a flat $299/mo to lock the Los Angeles territory monopoly, and you keep 100% of the leads with zero per-lead fees.

Do you want to lock the Los Angeles territory before we route these to a competitor? 

Best,
Alex
Lead Architect, Reliant Verified
https://www.reliantverified.com
"
ashley@johnsonasphaltoflosangeles.com,Johnson Asphalt of Los Angeles,Los Angeles,commercial asphalt,Corporate Commercial Asphalt leads in Los Angeles,"Hey team,

I was reviewing the services for Johnson Asphalt of Los Angeles in Los Angeles.

We recently launched The Reliant Network, a closed B2B commercial directory. Right now, we are routing all the incoming corporate quote requests for commercial asphalt in the Los Angeles metro to a generic national fallback, because we don't have a local partner locked in yet.

We only allow one commercial asphalt contractor per city. It's a flat $299/mo to lock the Los Angeles territory monopoly, and you keep 100% of the leads with zero per-lead fees.

Do you want to lock the Los Angeles territory before we route these to a competitor? 

Best,
Alex
Lead Architect, Reliant Verified
https://www.reliantverified.com
"
robert@rodrigueztrailersoflosangeles.com,Rodriguez Trailers of Los Angeles,Los Angeles,mobile office trailers,Corporate Mobile Office Trailers leads in Los Angeles,"Hey team,

I was reviewing the services for Rodriguez Trailers of Los Angeles in Los Angeles.

We recently launched The Reliant Network, a closed B2B commercial directory. Right now, we are routing all the incoming corporate quote requests for mobile office trailers in the Los Angeles metro to a generic national fallback, because we don't have a local partner locked in yet.

We only allow one mobile office trailers contractor per city. It's a flat $299/mo to lock the Los Angeles territory monopoly, and you keep 100% of the leads with zero per-lead fees.

Do you want to lock the Los Angeles territory before we route these to a competitor? 

Best,
Alex
Lead Architect, Reliant Verified
https://www.reliantverified.com
"
david@browncharteroflosangeles.com,Brown Charter of Los Angeles,Los Angeles,corporate jet charter,Corporate Corporate Jet Charter leads in Los Angeles,"Hey team,

I was reviewing the services for Brown Charter of Los Angeles in Los Angeles.

We recently launched The Reliant Network, a closed B2B commercial directory. Right now, we are routing all the incoming corporate quote requests for corporate jet charter in the Los Angeles metro to a generic national fallback, because we don't have a local partner locked in yet.

We only allow one corporate jet charter contractor per city. It's a flat $299/mo to lock the Los Angeles territory monopoly, and you keep 100% of the leads with zero per-lead fees.

Do you want to lock the Los Angeles territory before we route these to a competitor? 

Best,
Alex
Lead Architect, Reliant Verified
https://www.reliantverified.com
"
matt@smithroofingofchicago.com,Smith Roofing of Chicago,Chicago,commercial roofing,Corporate Commercial Roofing leads in Chicago,"Hey team,

I was reviewing the services for Smith Roofing of Chicago in Chicago.

We recently launched The Reliant Network, a closed B2B commercial directory. Right now, we are routing all the incoming corporate quote requests for commercial roofing in the Chicago metro to a generic national fallback, because we don't have a local partner locked in yet.

We only allow one commercial roofing contractor per city. It's a flat $299/mo to lock the Chicago territory monopoly, and you keep 100% of the leads with zero per-lead fees.

Do you want to lock the Chicago territory before we route these to a competitor? 

Best,
Alex
Lead Architect, Reliant Verified
https://www.reliantverified.com
"
amanda@williamsasphaltofchicago.com,Williams Asphalt of Chicago,Chicago,commercial asphalt,Corporate Commercial Asphalt leads in Chicago,"Hey team,

I was reviewing the services for Williams Asphalt of Chicago in Chicago.

We recently launched The Reliant Network, a closed B2B commercial directory. Right now, we are routing all the incoming corporate quote requests for commercial asphalt in the Chicago metro to a generic national fallback, because we don't have a local partner locked in yet.

We only allow one commercial asphalt contractor per city. It's a flat $299/mo to lock the Chicago territory monopoly, and you keep 100% of the leads with zero per-lead fees.

Do you want to lock the Chicago territory before we route these to a competitor? 

Best,
Alex
Lead Architect, Reliant Verified
https://www.reliantverified.com
"
richard@smithtrailersofchicago.com,Smith Trailers of Chicago,Chicago,mobile office trailers,Corporate Mobile Office Trailers leads in Chicago,"Hey team,

I was reviewing the services for Smith Trailers of Chicago in Chicago.

We recently launched The Reliant Network, a closed B2B commercial directory. Right now, we are routing all the incoming corporate quote requests for mobile office trailers in the Chicago metro to a generic national fallback, because we don't have a local partner locked in yet.

We only allow one mobile office trailers contractor per city. It's a flat $299/mo to lock the Chicago territory monopoly, and you keep 100% of the leads with zero per-lead fees.

Do you want to lock the Chicago territory before we route these to a competitor? 

Best,
Alex
Lead Architect, Reliant Verified
https://www.reliantverified.com
"
jessica@williamscharterofchicago.com,Williams Charter of Chicago,Chicago,corporate jet charter,Corporate Corporate Jet Charter leads in Chicago,"Hey team,

I was reviewing the services for Williams Charter of Chicago in Chicago.

We recently launched The Reliant Network, a closed B2B commercial directory. Right now, we are routing all the incoming corporate quote requests for corporate jet charter in the Chicago metro to a generic national fallback, because we don't have a local partner locked in yet.

We only allow one corporate jet charter contractor per city. It's a flat $299/mo to lock the Chicago territory monopoly, and you keep 100% of the leads with zero per-lead fees.

Do you want to lock the Chicago territory before we route these to a competitor? 

Best,
Alex
Lead Architect, Reliant Verified
https://www.reliantverified.com
"
alex@jonesroofingofnapavalley.com,Jones Roofing of Napa Valley,Napa Valley,commercial roofing,Corporate Commercial Roofing leads in Napa Valley,"Hey team,

I was reviewing the services for Jones Roofing of Napa Valley in Napa Valley.

We recently launched The Reliant Network, a closed B2B commercial directory. Right now, we are routing all the incoming corporate quote requests for commercial roofing in the Napa Valley metro to a generic national fallback, because we don't have a local partner locked in yet.

We only allow one commercial roofing contractor per city. It's a flat $299/mo to lock the Napa Valley territory monopoly, and you keep 100% of the leads with zero per-lead fees.

Do you want to lock the Napa Valley territory before we route these to a competitor? 

Best,
Alex
Lead Architect, Reliant Verified
https://www.reliantverified.com
"
david@brownasphaltofnapavalley.com,Brown Asphalt of Napa Valley,Napa Valley,commercial asphalt,Corporate Commercial Asphalt leads in Napa Valley,"Hey team,

I was reviewing the services for Brown Asphalt of Napa Valley in Napa Valley.

We recently launched The Reliant Network, a closed B2B commercial directory. Right now, we are routing all the incoming corporate quote requests for commercial asphalt in the Napa Valley metro to a generic national fallback, because we don't have a local partner locked in yet.

We only allow one commercial asphalt contractor per city. It's a flat $299/mo to lock the Napa Valley territory monopoly, and you keep 100% of the leads with zero per-lead fees.

Do you want to lock the Napa Valley territory before we route these to a competitor? 

Best,
Alex
Lead Architect, Reliant Verified
https://www.reliantverified.com
"
alex@smithtrailersofnapavalley.com,Smith Trailers of Napa Valley,Napa Valley,mobile office trailers,Corporate Mobile Office Trailers leads in Napa Valley,"Hey team,

I was reviewing the services for Smith Trailers of Napa Valley in Napa Valley.

We recently launched The Reliant Network, a closed B2B commercial directory. Right now, we are routing all the incoming corporate quote requests for mobile office trailers in the Napa Valley metro to a generic national fallback, because we don't have a local partner locked in yet.

We only allow one mobile office trailers contractor per city. It's a flat $299/mo to lock the Napa Valley territory monopoly, and you keep 100% of the leads with zero per-lead fees.

Do you want to lock the Napa Valley territory before we route these to a competitor? 

Best,
Alex
Lead Architect, Reliant Verified
https://www.reliantverified.com
"
thomas@johnsoncharterofnapavalley.com,Johnson Charter of Napa Valley,Napa Valley,corporate jet charter,Corporate Corporate Jet Charter leads in Napa Valley,"Hey team,

I was reviewing the services for Johnson Charter of Napa Valley in Napa Valley.

We recently launched The Reliant Network, a closed B2B commercial directory. Right now, we are routing all the incoming corporate quote requests for corporate jet charter in the Napa Valley metro to a generic national fallback, because we don't have a local partner locked in yet.

We only allow one corporate jet charter contractor per city. It's a flat $299/mo to lock the Napa Valley territory monopoly, and you keep 100% of the leads with zero per-lead fees.

Do you want to lock the Napa Valley territory before we route these to a competitor? 

Best,
Alex
Lead Architect, Reliant Verified
https://www.reliantverified.com
"
william@williamsroofingofscottsdale.com,Williams Roofing of Scottsdale,Scottsdale,commercial roofing,Corporate Commercial Roofing leads in Scottsdale,"Hey team,

I was reviewing the services for Williams Roofing of Scottsdale in Scottsdale.

We recently launched The Reliant Network, a closed B2B commercial directory. Right now, we are routing all the incoming corporate quote requests for commercial roofing in the Scottsdale metro to a generic national fallback, because we don't have a local partner locked in yet.

We only allow one commercial roofing contractor per city. It's a flat $299/mo to lock the Scottsdale territory monopoly, and you keep 100% of the leads with zero per-lead fees.

Do you want to lock the Scottsdale territory before we route these to a competitor? 

Best,
Alex
Lead Architect, Reliant Verified
https://www.reliantverified.com
"
james@garciaasphaltofscottsdale.com,Garcia Asphalt of Scottsdale,Scottsdale,commercial asphalt,Corporate Commercial Asphalt leads in Scottsdale,"Hey team,

I was reviewing the services for Garcia Asphalt of Scottsdale in Scottsdale.

We recently launched The Reliant Network, a closed B2B commercial directory. Right now, we are routing all the incoming corporate quote requests for commercial asphalt in the Scottsdale metro to a generic national fallback, because we don't have a local partner locked in yet.

We only allow one commercial asphalt contractor per city. It's a flat $299/mo to lock the Scottsdale territory monopoly, and you keep 100% of the leads with zero per-lead fees.

Do you want to lock the Scottsdale territory before we route these to a competitor? 

Best,
Alex
Lead Architect, Reliant Verified
https://www.reliantverified.com
"
michael@millertrailersofscottsdale.com,Miller Trailers of Scottsdale,Scottsdale,mobile office trailers,Corporate Mobile Office Trailers leads in Scottsdale,"Hey team,

I was reviewing the services for Miller Trailers of Scottsdale in Scottsdale.

We recently launched The Reliant Network, a closed B2B commercial directory. Right now, we are routing all the incoming corporate quote requests for mobile office trailers in the Scottsdale metro to a generic national fallback, because we don't have a local partner locked in yet.

We only allow one mobile office trailers contractor per city. It's a flat $299/mo to lock the Scottsdale territory monopoly, and you keep 100% of the leads with zero per-lead fees.

Do you want to lock the Scottsdale territory before we route these to a competitor? 

Best,
Alex
Lead Architect, Reliant Verified
https://www.reliantverified.com
"
richard@garciacharterofscottsdale.com,Garcia Charter of Scottsdale,Scottsdale,corporate jet charter,Corporate Corporate Jet Charter leads in Scottsdale,"Hey team,

I was reviewing the services for Garcia Charter of Scottsdale in Scottsdale.

We recently launched The Reliant Network, a closed B2B commercial directory. Right now, we are routing all the incoming corporate quote requests for corporate jet charter in the Scottsdale metro to a generic national fallback, because we don't have a local partner locked in yet.

We only allow one corporate jet charter contractor per city. It's a flat $299/mo to lock the Scottsdale territory monopoly, and you keep 100% of the leads with zero per-lead fees.

Do you want to lock the Scottsdale territory before we route these to a competitor? 

Best,
Alex
Lead Architect, Reliant Verified
https://www.reliantverified.com
"
sarah@rodriguezroofingofsavannah.com,Rodriguez Roofing of Savannah,Savannah,commercial roofing,Corporate Commercial Roofing leads in Savannah,"Hey team,

I was reviewing the services for Rodriguez Roofing of Savannah in Savannah.

We recently launched The Reliant Network, a closed B2B commercial directory. Right now, we are routing all the incoming corporate quote requests for commercial roofing in the Savannah metro to a generic national fallback, because we don't have a local partner locked in yet.

We only allow one commercial roofing contractor per city. It's a flat $299/mo to lock the Savannah territory monopoly, and you keep 100% of the leads with zero per-lead fees.

Do you want to lock the Savannah territory before we route these to a competitor? 

Best,
Alex
Lead Architect, Reliant Verified
https://www.reliantverified.com
"
david@johnsonasphaltofsavannah.com,Johnson Asphalt of Savannah,Savannah,commercial asphalt,Corporate Commercial Asphalt leads in Savannah,"Hey team,

I was reviewing the services for Johnson Asphalt of Savannah in Savannah.

We recently launched The Reliant Network, a closed B2B commercial directory. Right now, we are routing all the incoming corporate quote requests for commercial asphalt in the Savannah metro to a generic national fallback, because we don't have a local partner locked in yet.

We only allow one commercial asphalt contractor per city. It's a flat $299/mo to lock the Savannah territory monopoly, and you keep 100% of the leads with zero per-lead fees.

Do you want to lock the Savannah territory before we route these to a competitor? 

Best,
Alex
Lead Architect, Reliant Verified
https://www.reliantverified.com
"
michael@davistrailersofsavannah.com,Davis Trailers of Savannah,Savannah,mobile office trailers,Corporate Mobile Office Trailers leads in Savannah,"Hey team,

I was reviewing the services for Davis Trailers of Savannah in Savannah.

We recently launched The Reliant Network, a closed B2B commercial directory. Right now, we are routing all the incoming corporate quote requests for mobile office trailers in the Savannah metro to a generic national fallback, because we don't have a local partner locked in yet.

We only allow one mobile office trailers contractor per city. It's a flat $299/mo to lock the Savannah territory monopoly, and you keep 100% of the leads with zero per-lead fees.

Do you want to lock the Savannah territory before we route these to a competitor? 

Best,
Alex
Lead Architect, Reliant Verified
https://www.reliantverified.com
"
michael@garciacharterofsavannah.com,Garcia Charter of Savannah,Savannah,corporate jet charter,Corporate Corporate Jet Charter leads in Savannah,"Hey team,

I was reviewing the services for Garcia Charter of Savannah in Savannah.

We recently launched The Reliant Network, a closed B2B commercial directory. Right now, we are routing all the incoming corporate quote requests for corporate jet charter in the Savannah metro to a generic national fallback, because we don't have a local partner locked in yet.

We only allow one corporate jet charter contractor per city. It's a flat $299/mo to lock the Savannah territory monopoly, and you keep 100% of the leads with zero per-lead fees.

Do you want to lock the Savannah territory before we route these to a competitor? 

Best,
Alex
Lead Architect, Reliant Verified
https://www.reliantverified.com
"
thomas@smithroofingofcharleston.com,Smith Roofing of Charleston,Charleston,commercial roofing,Corporate Commercial Roofing leads in Charleston,"Hey team,

I was reviewing the services for Smith Roofing of Charleston in Charleston.

We recently launched The Reliant Network, a closed B2B commercial directory. Right now, we are routing all the incoming corporate quote requests for commercial roofing in the Charleston metro to a generic national fallback, because we don't have a local partner locked in yet.

We only allow one commercial roofing contractor per city. It's a flat $299/mo to lock the Charleston territory monopoly, and you keep 100% of the leads with zero per-lead fees.

Do you want to lock the Charleston territory before we route these to a competitor? 

Best,
Alex
Lead Architect, Reliant Verified
https://www.reliantverified.com
"
jessica@williamsasphaltofcharleston.com,Williams Asphalt of Charleston,Charleston,commercial asphalt,Corporate Commercial Asphalt leads in Charleston,"Hey team,

I was reviewing the services for Williams Asphalt of Charleston in Charleston.

We recently launched The Reliant Network, a closed B2B commercial directory. Right now, we are routing all the incoming corporate quote requests for commercial asphalt in the Charleston metro to a generic national fallback, because we don't have a local partner locked in yet.

We only allow one commercial asphalt contractor per city. It's a flat $299/mo to lock the Charleston territory monopoly, and you keep 100% of the leads with zero per-lead fees.

Do you want to lock the Charleston territory before we route these to a competitor? 

Best,
Alex
Lead Architect, Reliant Verified
https://www.reliantverified.com
"
william@garciatrailersofcharleston.com,Garcia Trailers of Charleston,Charleston,mobile office trailers,Corporate Mobile Office Trailers leads in Charleston,"Hey team,

I was reviewing the services for Garcia Trailers of Charleston in Charleston.

We recently launched The Reliant Network, a closed B2B commercial directory. Right now, we are routing all the incoming corporate quote requests for mobile office trailers in the Charleston metro to a generic national fallback, because we don't have a local partner locked in yet.

We only allow one mobile office trailers contractor per city. It's a flat $299/mo to lock the Charleston territory monopoly, and you keep 100% of the leads with zero per-lead fees.

Do you want to lock the Charleston territory before we route these to a competitor? 

Best,
Alex
Lead Architect, Reliant Verified
https://www.reliantverified.com
"
alex@johnsoncharterofcharleston.com,Johnson Charter of Charleston,Charleston,corporate jet charter,Corporate Corporate Jet Charter leads in Charleston,"Hey team,

I was reviewing the services for Johnson Charter of Charleston in Charleston.

We recently launched The Reliant Network, a closed B2B commercial directory. Right now, we are routing all the incoming corporate quote requests for corporate jet charter in the Charleston metro to a generic national fallback, because we don't have a local partner locked in yet.

We only allow one corporate jet charter contractor per city. It's a flat $299/mo to lock the Charleston territory monopoly, and you keep 100% of the leads with zero per-lead fees.

Do you want to lock the Charleston territory before we route these to a competitor? 

Best,
Alex
Lead Architect, Reliant Verified
https://www.reliantverified.com
"
michael@garciaroofingofnashville.com,Garcia Roofing of Nashville,Nashville,commercial roofing,Corporate Commercial Roofing leads in Nashville,"Hey team,

I was reviewing the services for Garcia Roofing of Nashville in Nashville.

We recently launched The Reliant Network, a closed B2B commercial directory. Right now, we are routing all the incoming corporate quote requests for commercial roofing in the Nashville metro to a generic national fallback, because we don't have a local partner locked in yet.

We only allow one commercial roofing contractor per city. It's a flat $299/mo to lock the Nashville territory monopoly, and you keep 100% of the leads with zero per-lead fees.

Do you want to lock the Nashville territory before we route these to a competitor? 

Best,
Alex
Lead Architect, Reliant Verified
https://www.reliantverified.com
"
michael@martinezasphaltofnashville.com,Martinez Asphalt of Nashville,Nashville,commercial asphalt,Corporate Commercial Asphalt leads in Nashville,"Hey team,

I was reviewing the services for Martinez Asphalt of Nashville in Nashville.

We recently launched The Reliant Network, a closed B2B commercial directory. Right now, we are routing all the incoming corporate quote requests for commercial asphalt in the Nashville metro to a generic national fallback, because we don't have a local partner locked in yet.

We only allow one commercial asphalt contractor per city. It's a flat $299/mo to lock the Nashville territory monopoly, and you keep 100% of the leads with zero per-lead fees.

Do you want to lock the Nashville territory before we route these to a competitor? 

Best,
Alex
Lead Architect, Reliant Verified
https://www.reliantverified.com
"
john@garciatrailersofnashville.com,Garcia Trailers of Nashville,Nashville,mobile office trailers,Corporate Mobile Office Trailers leads in Nashville,"Hey team,

I was reviewing the services for Garcia Trailers of Nashville in Nashville.

We recently launched The Reliant Network, a closed B2B commercial directory. Right now, we are routing all the incoming corporate quote requests for mobile office trailers in the Nashville metro to a generic national fallback, because we don't have a local partner locked in yet.

We only allow one mobile office trailers contractor per city. It's a flat $299/mo to lock the Nashville territory monopoly, and you keep 100% of the leads with zero per-lead fees.

Do you want to lock the Nashville territory before we route these to a competitor? 

Best,
Alex
Lead Architect, Reliant Verified
https://www.reliantverified.com
"
michael@johnsoncharterofnashville.com,Johnson Charter of Nashville,Nashville,corporate jet charter,Corporate Corporate Jet Charter leads in Nashville,"Hey team,

I was reviewing the services for Johnson Charter of Nashville in Nashville.

We recently launched The Reliant Network, a closed B2B commercial directory. Right now, we are routing all the incoming corporate quote requests for corporate jet charter in the Nashville metro to a generic national fallback, because we don't have a local partner locked in yet.

We only allow one corporate jet charter contractor per city. It's a flat $299/mo to lock the Nashville territory monopoly, and you keep 100% of the leads with zero per-lead fees.

Do you want to lock the Nashville territory before we route these to a competitor? 

Best,
Alex
Lead Architect, Reliant Verified
https://www.reliantverified.com
"
ashley@williamsroofingofdenver.com,Williams Roofing of Denver,Denver,commercial roofing,Corporate Commercial Roofing leads in Denver,"Hey team,

I was reviewing the services for Williams Roofing of Denver in Denver.

We recently launched The Reliant Network, a closed B2B commercial directory. Right now, we are routing all the incoming corporate quote requests for commercial roofing in the Denver metro to a generic national fallback, because we don't have a local partner locked in yet.

We only allow one commercial roofing contractor per city. It's a flat $299/mo to lock the Denver territory monopoly, and you keep 100% of the leads with zero per-lead fees.

Do you want to lock the Denver territory before we route these to a competitor? 

Best,
Alex
Lead Architect, Reliant Verified
https://www.reliantverified.com
"
william@rodriguezasphaltofdenver.com,Rodriguez Asphalt of Denver,Denver,commercial asphalt,Corporate Commercial Asphalt leads in Denver,"Hey team,

I was reviewing the services for Rodriguez Asphalt of Denver in Denver.

We recently launched The Reliant Network, a closed B2B commercial directory. Right now, we are routing all the incoming corporate quote requests for commercial asphalt in the Denver metro to a generic national fallback, because we don't have a local partner locked in yet.

We only allow one commercial asphalt contractor per city. It's a flat $299/mo to lock the Denver territory monopoly, and you keep 100% of the leads with zero per-lead fees.

Do you want to lock the Denver territory before we route these to a competitor? 

Best,
Alex
Lead Architect, Reliant Verified
https://www.reliantverified.com
"
michael@davistrailersofdenver.com,Davis Trailers of Denver,Denver,mobile office trailers,Corporate Mobile Office Trailers leads in Denver,"Hey team,

I was reviewing the services for Davis Trailers of Denver in Denver.

We recently launched The Reliant Network, a closed B2B commercial directory. Right now, we are routing all the incoming corporate quote requests for mobile office trailers in the Denver metro to a generic national fallback, because we don't have a local partner locked in yet.

We only allow one mobile office trailers contractor per city. It's a flat $299/mo to lock the Denver territory monopoly, and you keep 100% of the leads with zero per-lead fees.

Do you want to lock the Denver territory before we route these to a competitor? 

Best,
Alex
Lead Architect, Reliant Verified
https://www.reliantverified.com
"
jessica@johnsoncharterofdenver.com,Johnson Charter of Denver,Denver,corporate jet charter,Corporate Corporate Jet Charter leads in Denver,"Hey team,

I was reviewing the services for Johnson Charter of Denver in Denver.

We recently launched The Reliant Network, a closed B2B commercial directory. Right now, we are routing all the incoming corporate quote requests for corporate jet charter in the Denver metro to a generic national fallback, because we don't have a local partner locked in yet.

We only allow one corporate jet charter contractor per city. It's a flat $299/mo to lock the Denver territory monopoly, and you keep 100% of the leads with zero per-lead fees.

Do you want to lock the Denver territory before we route these to a competitor? 

Best,
Alex
Lead Architect, Reliant Verified
https://www.reliantverified.com
"
amanda@martinezroofingofhamptons.com,Martinez Roofing of Hamptons,Hamptons,commercial roofing,Corporate Commercial Roofing leads in Hamptons,"Hey team,

I was reviewing the services for Martinez Roofing of Hamptons in Hamptons.

We recently launched The Reliant Network, a closed B2B commercial directory. Right now, we are routing all the incoming corporate quote requests for commercial roofing in the Hamptons metro to a generic national fallback, because we don't have a local partner locked in yet.

We only allow one commercial roofing contractor per city. It's a flat $299/mo to lock the Hamptons territory monopoly, and you keep 100% of the leads with zero per-lead fees.

Do you want to lock the Hamptons territory before we route these to a competitor? 

Best,
Alex
Lead Architect, Reliant Verified
https://www.reliantverified.com
"
david@rodriguezasphaltofhamptons.com,Rodriguez Asphalt of Hamptons,Hamptons,commercial asphalt,Corporate Commercial Asphalt leads in Hamptons,"Hey team,

I was reviewing the services for Rodriguez Asphalt of Hamptons in Hamptons.

We recently launched The Reliant Network, a closed B2B commercial directory. Right now, we are routing all the incoming corporate quote requests for commercial asphalt in the Hamptons metro to a generic national fallback, because we don't have a local partner locked in yet.

We only allow one commercial asphalt contractor per city. It's a flat $299/mo to lock the Hamptons territory monopoly, and you keep 100% of the leads with zero per-lead fees.

Do you want to lock the Hamptons territory before we route these to a competitor? 

Best,
Alex
Lead Architect, Reliant Verified
https://www.reliantverified.com
"
robert@rodrigueztrailersofhamptons.com,Rodriguez Trailers of Hamptons,Hamptons,mobile office trailers,Corporate Mobile Office Trailers leads in Hamptons,"Hey team,

I was reviewing the services for Rodriguez Trailers of Hamptons in Hamptons.

We recently launched The Reliant Network, a closed B2B commercial directory. Right now, we are routing all the incoming corporate quote requests for mobile office trailers in the Hamptons metro to a generic national fallback, because we don't have a local partner locked in yet.

We only allow one mobile office trailers contractor per city. It's a flat $299/mo to lock the Hamptons territory monopoly, and you keep 100% of the leads with zero per-lead fees.

Do you want to lock the Hamptons territory before we route these to a competitor? 

Best,
Alex
Lead Architect, Reliant Verified
https://www.reliantverified.com
"
alex@martinezcharterofhamptons.com,Martinez Charter of Hamptons,Hamptons,corporate jet charter,Corporate Corporate Jet Charter leads in Hamptons,"Hey team,

I was reviewing the services for Martinez Charter of Hamptons in Hamptons.

We recently launched The Reliant Network, a closed B2B commercial directory. Right now, we are routing all the incoming corporate quote requests for corporate jet charter in the Hamptons metro to a generic national fallback, because we don't have a local partner locked in yet.

We only allow one corporate jet charter contractor per city. It's a flat $299/mo to lock the Hamptons territory monopoly, and you keep 100% of the leads with zero per-lead fees.

Do you want to lock the Hamptons territory before we route these to a competitor? 

Best,
Alex
Lead Architect, Reliant Verified
https://www.reliantverified.com
"
matt@garciaroofingofaspen.com,Garcia Roofing of Aspen,Aspen,commercial roofing,Corporate Commercial Roofing leads in Aspen,"Hey team,

I was reviewing the services for Garcia Roofing of Aspen in Aspen.

We recently launched The Reliant Network, a closed B2B commercial directory. Right now, we are routing all the incoming corporate quote requests for commercial roofing in the Aspen metro to a generic national fallback, because we don't have a local partner locked in yet.

We only allow one commercial roofing contractor per city. It's a flat $299/mo to lock the Aspen territory monopoly, and you keep 100% of the leads with zero per-lead fees.

Do you want to lock the Aspen territory before we route these to a competitor? 

Best,
Alex
Lead Architect, Reliant Verified
https://www.reliantverified.com
"
michael@millerasphaltofaspen.com,Miller Asphalt of Aspen,Aspen,commercial asphalt,Corporate Commercial Asphalt leads in Aspen,"Hey team,

I was reviewing the services for Miller Asphalt of Aspen in Aspen.

We recently launched The Reliant Network, a closed B2B commercial directory. Right now, we are routing all the incoming corporate quote requests for commercial asphalt in the Aspen metro to a generic national fallback, because we don't have a local partner locked in yet.

We only allow one commercial asphalt contractor per city. It's a flat $299/mo to lock the Aspen territory monopoly, and you keep 100% of the leads with zero per-lead fees.

Do you want to lock the Aspen territory before we route these to a competitor? 

Best,
Alex
Lead Architect, Reliant Verified
https://www.reliantverified.com
"
richard@garciatrailersofaspen.com,Garcia Trailers of Aspen,Aspen,mobile office trailers,Corporate Mobile Office Trailers leads in Aspen,"Hey team,

I was reviewing the services for Garcia Trailers of Aspen in Aspen.

We recently launched The Reliant Network, a closed B2B commercial directory. Right now, we are routing all the incoming corporate quote requests for mobile office trailers in the Aspen metro to a generic national fallback, because we don't have a local partner locked in yet.

We only allow one mobile office trailers contractor per city. It's a flat $299/mo to lock the Aspen territory monopoly, and you keep 100% of the leads with zero per-lead fees.

Do you want to lock the Aspen territory before we route these to a competitor? 

Best,
Alex
Lead Architect, Reliant Verified
https://www.reliantverified.com
"
jessica@rodriguezcharterofaspen.com,Rodriguez Charter of Aspen,Aspen,corporate jet charter,Corporate Corporate Jet Charter leads in Aspen,"Hey team,

I was reviewing the services for Rodriguez Charter of Aspen in Aspen.

We recently launched The Reliant Network, a closed B2B commercial directory. Right now, we are routing all the incoming corporate quote requests for corporate jet charter in the Aspen metro to a generic national fallback, because we don't have a local partner locked in yet.

We only allow one corporate jet charter contractor per city. It's a flat $299/mo to lock the Aspen territory monopoly, and you keep 100% of the leads with zero per-lead fees.

Do you want to lock the Aspen territory before we route these to a competitor? 

Best,
Alex
Lead Architect, Reliant Verified
https://www.reliantverified.com
"
michael@martinezroofingofnewyork.com,Martinez Roofing of New York,New York,commercial roofing,Corporate Commercial Roofing leads in New York,"Hey team,

I was reviewing the services for Martinez Roofing of New York in New York.

We recently launched The Reliant Network, a closed B2B commercial directory. Right now, we are routing all the incoming corporate quote requests for commercial roofing in the New York metro to a generic national fallback, because we don't have a local partner locked in yet.

We only allow one commercial roofing contractor per city. It's a flat $299/mo to lock the New York territory monopoly, and you keep 100% of the leads with zero per-lead fees.

Do you want to lock the New York territory before we route these to a competitor? 

Best,
Alex
Lead Architect, Reliant Verified
https://www.reliantverified.com
"
thomas@martinezasphaltofnewyork.com,Martinez Asphalt of New York,New York,commercial asphalt,Corporate Commercial Asphalt leads in New York,"Hey team,

I was reviewing the services for Martinez Asphalt of New York in New York.

We recently launched The Reliant Network, a closed B2B commercial directory. Right now, we are routing all the incoming corporate quote requests for commercial asphalt in the New York metro to a generic national fallback, because we don't have a local partner locked in yet.

We only allow one commercial asphalt contractor per city. It's a flat $299/mo to lock the New York territory monopoly, and you keep 100% of the leads with zero per-lead fees.

Do you want to lock the New York territory before we route these to a competitor? 

Best,
Alex
Lead Architect, Reliant Verified
https://www.reliantverified.com
"
john@davistrailersofnewyork.com,Davis Trailers of New York,New York,mobile office trailers,Corporate Mobile Office Trailers leads in New York,"Hey team,

I was reviewing the services for Davis Trailers of New York in New York.

We recently launched The Reliant Network, a closed B2B commercial directory. Right now, we are routing all the incoming corporate quote requests for mobile office trailers in the New York metro to a generic national fallback, because we don't have a local partner locked in yet.

We only allow one mobile office trailers contractor per city. It's a flat $299/mo to lock the New York territory monopoly, and you keep 100% of the leads with zero per-lead fees.

Do you want to lock the New York territory before we route these to a competitor? 

Best,
Alex
Lead Architect, Reliant Verified
https://www.reliantverified.com
"
amanda@martinezcharterofnewyork.com,Martinez Charter of New York,New York,corporate jet charter,Corporate Corporate Jet Charter leads in New York,"Hey team,

I was reviewing the services for Martinez Charter of New York in New York.

We recently launched The Reliant Network, a closed B2B commercial directory. Right now, we are routing all the incoming corporate quote requests for corporate jet charter in the New York metro to a generic national fallback, because we don't have a local partner locked in yet.

We only allow one corporate jet charter contractor per city. It's a flat $299/mo to lock the New York territory monopoly, and you keep 100% of the leads with zero per-lead fees.

Do you want to lock the New York territory before we route these to a competitor? 

Best,
Alex
Lead Architect, Reliant Verified
https://www.reliantverified.com
"
robert@brownroofingofhouston.com,Brown Roofing of Houston,Houston,commercial roofing,Corporate Commercial Roofing leads in Houston,"Hey team,

I was reviewing the services for Brown Roofing of Houston in Houston.

We recently launched The Reliant Network, a closed B2B commercial directory. Right now, we are routing all the incoming corporate quote requests for commercial roofing in the Houston metro to a generic national fallback, because we don't have a local partner locked in yet.

We only allow one commercial roofing contractor per city. It's a flat $299/mo to lock the Houston territory monopoly, and you keep 100% of the leads with zero per-lead fees.

Do you want to lock the Houston territory before we route these to a competitor? 

Best,
Alex
Lead Architect, Reliant Verified
https://www.reliantverified.com
"
john@millerasphaltofhouston.com,Miller Asphalt of Houston,Houston,commercial asphalt,Corporate Commercial Asphalt leads in Houston,"Hey team,

I was reviewing the services for Miller Asphalt of Houston in Houston.

We recently launched The Reliant Network, a closed B2B commercial directory. Right now, we are routing all the incoming corporate quote requests for commercial asphalt in the Houston metro to a generic national fallback, because we don't have a local partner locked in yet.

We only allow one commercial asphalt contractor per city. It's a flat $299/mo to lock the Houston territory monopoly, and you keep 100% of the leads with zero per-lead fees.

Do you want to lock the Houston territory before we route these to a competitor? 

Best,
Alex
Lead Architect, Reliant Verified
https://www.reliantverified.com
"
michael@browntrailersofhouston.com,Brown Trailers of Houston,Houston,mobile office trailers,Corporate Mobile Office Trailers leads in Houston,"Hey team,

I was reviewing the services for Brown Trailers of Houston in Houston.

We recently launched The Reliant Network, a closed B2B commercial directory. Right now, we are routing all the incoming corporate quote requests for mobile office trailers in the Houston metro to a generic national fallback, because we don't have a local partner locked in yet.

We only allow one mobile office trailers contractor per city. It's a flat $299/mo to lock the Houston territory monopoly, and you keep 100% of the leads with zero per-lead fees.

Do you want to lock the Houston territory before we route these to a competitor? 

Best,
Alex
Lead Architect, Reliant Verified
https://www.reliantverified.com
"
michael@jonescharterofhouston.com,Jones Charter of Houston,Houston,corporate jet charter,Corporate Corporate Jet Charter leads in Houston,"Hey team,

I was reviewing the services for Jones Charter of Houston in Houston.

We recently launched The Reliant Network, a closed B2B commercial directory. Right now, we are routing all the incoming corporate quote requests for corporate jet charter in the Houston metro to a generic national fallback, because we don't have a local partner locked in yet.

We only allow one corporate jet charter contractor per city. It's a flat $299/mo to lock the Houston territory monopoly, and you keep 100% of the leads with zero per-lead fees.

Do you want to lock the Houston territory before we route these to a competitor? 

Best,
Alex
Lead Architect, Reliant Verified
https://www.reliantverified.com
"
michael@williamsroofingofphoenix.com,Williams Roofing of Phoenix,Phoenix,commercial roofing,Corporate Commercial Roofing leads in Phoenix,"Hey team,

I was reviewing the services for Williams Roofing of Phoenix in Phoenix.

We recently launched The Reliant Network, a closed B2B commercial directory. Right now, we are routing all the incoming corporate quote requests for commercial roofing in the Phoenix metro to a generic national fallback, because we don't have a local partner locked in yet.

We only allow one commercial roofing contractor per city. It's a flat $299/mo to lock the Phoenix territory monopoly, and you keep 100% of the leads with zero per-lead fees.

Do you want to lock the Phoenix territory before we route these to a competitor? 

Best,
Alex
Lead Architect, Reliant Verified
https://www.reliantverified.com
"
matt@martinezasphaltofphoenix.com,Martinez Asphalt of Phoenix,Phoenix,commercial asphalt,Corporate Commercial Asphalt leads in Phoenix,"Hey team,

I was reviewing the services for Martinez Asphalt of Phoenix in Phoenix.

We recently launched The Reliant Network, a closed B2B commercial directory. Right now, we are routing all the incoming corporate quote requests for commercial asphalt in the Phoenix metro to a generic national fallback, because we don't have a local partner locked in yet.

We only allow one commercial asphalt contractor per city. It's a flat $299/mo to lock the Phoenix territory monopoly, and you keep 100% of the leads with zero per-lead fees.

Do you want to lock the Phoenix territory before we route these to a competitor? 

Best,
Alex
Lead Architect, Reliant Verified
https://www.reliantverified.com
"
michael@davistrailersofphoenix.com,Davis Trailers of Phoenix,Phoenix,mobile office trailers,Corporate Mobile Office Trailers leads in Phoenix,"Hey team,

I was reviewing the services for Davis Trailers of Phoenix in Phoenix.

We recently launched The Reliant Network, a closed B2B commercial directory. Right now, we are routing all the incoming corporate quote requests for mobile office trailers in the Phoenix metro to a generic national fallback, because we don't have a local partner locked in yet.

We only allow one mobile office trailers contractor per city. It's a flat $299/mo to lock the Phoenix territory monopoly, and you keep 100% of the leads with zero per-lead fees.

Do you want to lock the Phoenix territory before we route these to a competitor? 

Best,
Alex
Lead Architect, Reliant Verified
https://www.reliantverified.com
"
ashley@browncharterofphoenix.com,Brown Charter of Phoenix,Phoenix,corporate jet charter,Corporate Corporate Jet Charter leads in Phoenix,"Hey team,

I was reviewing the services for Brown Charter of Phoenix in Phoenix.

We recently launched The Reliant Network, a closed B2B commercial directory. Right now, we are routing all the incoming corporate quote requests for corporate jet charter in the Phoenix metro to a generic national fallback, because we don't have a local partner locked in yet.

We only allow one corporate jet charter contractor per city. It's a flat $299/mo to lock the Phoenix territory monopoly, and you keep 100% of the leads with zero per-lead fees.

Do you want to lock the Phoenix territory before we route these to a competitor? 

Best,
Alex
Lead Architect, Reliant Verified
https://www.reliantverified.com
"
michael@rodriguezroofingofphiladelphia.com,Rodriguez Roofing of Philadelphia,Philadelphia,commercial roofing,Corporate Commercial Roofing leads in Philadelphia,"Hey team,

I was reviewing the services for Rodriguez Roofing of Philadelphia in Philadelphia.

We recently launched The Reliant Network, a closed B2B commercial directory. Right now, we are routing all the incoming corporate quote requests for commercial roofing in the Philadelphia metro to a generic national fallback, because we don't have a local partner locked in yet.

We only allow one commercial roofing contractor per city. It's a flat $299/mo to lock the Philadelphia territory monopoly, and you keep 100% of the leads with zero per-lead fees.

Do you want to lock the Philadelphia territory before we route these to a competitor? 

Best,
Alex
Lead Architect, Reliant Verified
https://www.reliantverified.com
"
david@millerasphaltofphiladelphia.com,Miller Asphalt of Philadelphia,Philadelphia,commercial asphalt,Corporate Commercial Asphalt leads in Philadelphia,"Hey team,

I was reviewing the services for Miller Asphalt of Philadelphia in Philadelphia.

We recently launched The Reliant Network, a closed B2B commercial directory. Right now, we are routing all the incoming corporate quote requests for commercial asphalt in the Philadelphia metro to a generic national fallback, because we don't have a local partner locked in yet.

We only allow one commercial asphalt contractor per city. It's a flat $299/mo to lock the Philadelphia territory monopoly, and you keep 100% of the leads with zero per-lead fees.

Do you want to lock the Philadelphia territory before we route these to a competitor? 

Best,
Alex
Lead Architect, Reliant Verified
https://www.reliantverified.com
"
richard@rodrigueztrailersofphiladelphia.com,Rodriguez Trailers of Philadelphia,Philadelphia,mobile office trailers,Corporate Mobile Office Trailers leads in Philadelphia,"Hey team,

I was reviewing the services for Rodriguez Trailers of Philadelphia in Philadelphia.

We recently launched The Reliant Network, a closed B2B commercial directory. Right now, we are routing all the incoming corporate quote requests for mobile office trailers in the Philadelphia metro to a generic national fallback, because we don't have a local partner locked in yet.

We only allow one mobile office trailers contractor per city. It's a flat $299/mo to lock the Philadelphia territory monopoly, and you keep 100% of the leads with zero per-lead fees.

Do you want to lock the Philadelphia territory before we route these to a competitor? 

Best,
Alex
Lead Architect, Reliant Verified
https://www.reliantverified.com
"
john@martinezcharterofphiladelphia.com,Martinez Charter of Philadelphia,Philadelphia,corporate jet charter,Corporate Corporate Jet Charter leads in Philadelphia,"Hey team,

I was reviewing the services for Martinez Charter of Philadelphia in Philadelphia.

We recently launched The Reliant Network, a closed B2B commercial directory. Right now, we are routing all the incoming corporate quote requests for corporate jet charter in the Philadelphia metro to a generic national fallback, because we don't have a local partner locked in yet.

We only allow one corporate jet charter contractor per city. It's a flat $299/mo to lock the Philadelphia territory monopoly, and you keep 100% of the leads with zero per-lead fees.

Do you want to lock the Philadelphia territory before we route these to a competitor? 

Best,
Alex
Lead Architect, Reliant Verified
https://www.reliantverified.com
"
james@davisroofingofsanantonio.com,Davis Roofing of San Antonio,San Antonio,commercial roofing,Corporate Commercial Roofing leads in San Antonio,"Hey team,

I was reviewing the services for Davis Roofing of San Antonio in San Antonio.

We recently launched The Reliant Network, a closed B2B commercial directory. Right now, we are routing all the incoming corporate quote requests for commercial roofing in the San Antonio metro to a generic national fallback, because we don't have a local partner locked in yet.

We only allow one commercial roofing contractor per city. It's a flat $299/mo to lock the San Antonio territory monopoly, and you keep 100% of the leads with zero per-lead fees.

Do you want to lock the San Antonio territory before we route these to a competitor? 

Best,
Alex
Lead Architect, Reliant Verified
https://www.reliantverified.com
"
william@smithasphaltofsanantonio.com,Smith Asphalt of San Antonio,San Antonio,commercial asphalt,Corporate Commercial Asphalt leads in San Antonio,"Hey team,

I was reviewing the services for Smith Asphalt of San Antonio in San Antonio.

We recently launched The Reliant Network, a closed B2B commercial directory. Right now, we are routing all the incoming corporate quote requests for commercial asphalt in the San Antonio metro to a generic national fallback, because we don't have a local partner locked in yet.

We only allow one commercial asphalt contractor per city. It's a flat $299/mo to lock the San Antonio territory monopoly, and you keep 100% of the leads with zero per-lead fees.

Do you want to lock the San Antonio territory before we route these to a competitor? 

Best,
Alex
Lead Architect, Reliant Verified
https://www.reliantverified.com
"
thomas@garciatrailersofsanantonio.com,Garcia Trailers of San Antonio,San Antonio,mobile office trailers,Corporate Mobile Office Trailers leads in San Antonio,"Hey team,

I was reviewing the services for Garcia Trailers of San Antonio in San Antonio.

We recently launched The Reliant Network, a closed B2B commercial directory. Right now, we are routing all the incoming corporate quote requests for mobile office trailers in the San Antonio metro to a generic national fallback, because we don't have a local partner locked in yet.

We only allow one mobile office trailers contractor per city. It's a flat $299/mo to lock the San Antonio territory monopoly, and you keep 100% of the leads with zero per-lead fees.

Do you want to lock the San Antonio territory before we route these to a competitor? 

Best,
Alex
Lead Architect, Reliant Verified
https://www.reliantverified.com
"
matt@jonescharterofsanantonio.com,Jones Charter of San Antonio,San Antonio,corporate jet charter,Corporate Corporate Jet Charter leads in San Antonio,"Hey team,

I was reviewing the services for Jones Charter of San Antonio in San Antonio.

We recently launched The Reliant Network, a closed B2B commercial directory. Right now, we are routing all the incoming corporate quote requests for corporate jet charter in the San Antonio metro to a generic national fallback, because we don't have a local partner locked in yet.

We only allow one corporate jet charter contractor per city. It's a flat $299/mo to lock the San Antonio territory monopoly, and you keep 100% of the leads with zero per-lead fees.

Do you want to lock the San Antonio territory before we route these to a competitor? 

Best,
Alex
Lead Architect, Reliant Verified
https://www.reliantverified.com
"
matt@brownroofingofsandiego.com,Brown Roofing of San Diego,San Diego,commercial roofing,Corporate Commercial Roofing leads in San Diego,"Hey team,

I was reviewing the services for Brown Roofing of San Diego in San Diego.

We recently launched The Reliant Network, a closed B2B commercial directory. Right now, we are routing all the incoming corporate quote requests for commercial roofing in the San Diego metro to a generic national fallback, because we don't have a local partner locked in yet.

We only allow one commercial roofing contractor per city. It's a flat $299/mo to lock the San Diego territory monopoly, and you keep 100% of the leads with zero per-lead fees.

Do you want to lock the San Diego territory before we route these to a competitor? 

Best,
Alex
Lead Architect, Reliant Verified
https://www.reliantverified.com
"
michael@martinezasphaltofsandiego.com,Martinez Asphalt of San Diego,San Diego,commercial asphalt,Corporate Commercial Asphalt leads in San Diego,"Hey team,

I was reviewing the services for Martinez Asphalt of San Diego in San Diego.

We recently launched The Reliant Network, a closed B2B commercial directory. Right now, we are routing all the incoming corporate quote requests for commercial asphalt in the San Diego metro to a generic national fallback, because we don't have a local partner locked in yet.

We only allow one commercial asphalt contractor per city. It's a flat $299/mo to lock the San Diego territory monopoly, and you keep 100% of the leads with zero per-lead fees.

Do you want to lock the San Diego territory before we route these to a competitor? 

Best,
Alex
Lead Architect, Reliant Verified
https://www.reliantverified.com
"
ashley@smithtrailersofsandiego.com,Smith Trailers of San Diego,San Diego,mobile office trailers,Corporate Mobile Office Trailers leads in San Diego,"Hey team,

I was reviewing the services for Smith Trailers of San Diego in San Diego.

We recently launched The Reliant Network, a closed B2B commercial directory. Right now, we are routing all the incoming corporate quote requests for mobile office trailers in the San Diego metro to a generic national fallback, because we don't have a local partner locked in yet.

We only allow one mobile office trailers contractor per city. It's a flat $299/mo to lock the San Diego territory monopoly, and you keep 100% of the leads with zero per-lead fees.

Do you want to lock the San Diego territory before we route these to a competitor? 

Best,
Alex
Lead Architect, Reliant Verified
https://www.reliantverified.com
"
ashley@jonescharterofsandiego.com,Jones Charter of San Diego,San Diego,corporate jet charter,Corporate Corporate Jet Charter leads in San Diego,"Hey team,

I was reviewing the services for Jones Charter of San Diego in San Diego.

We recently launched The Reliant Network, a closed B2B commercial directory. Right now, we are routing all the incoming corporate quote requests for corporate jet charter in the San Diego metro to a generic national fallback, because we don't have a local partner locked in yet.

We only allow one corporate jet charter contractor per city. It's a flat $299/mo to lock the San Diego territory monopoly, and you keep 100% of the leads with zero per-lead fees.

Do you want to lock the San Diego territory before we route these to a competitor? 

Best,
Alex
Lead Architect, Reliant Verified
https://www.reliantverified.com
"
michael@williamsroofingofsanjose.com,Williams Roofing of San Jose,San Jose,commercial roofing,Corporate Commercial Roofing leads in San Jose,"Hey team,

I was reviewing the services for Williams Roofing of San Jose in San Jose.

We recently launched The Reliant Network, a closed B2B commercial directory. Right now, we are routing all the incoming corporate quote requests for commercial roofing in the San Jose metro to a generic national fallback, because we don't have a local partner locked in yet.

We only allow one commercial roofing contractor per city. It's a flat $299/mo to lock the San Jose territory monopoly, and you keep 100% of the leads with zero per-lead fees.

Do you want to lock the San Jose territory before we route these to a competitor? 

Best,
Alex
Lead Architect, Reliant Verified
https://www.reliantverified.com
"
matt@jonesasphaltofsanjose.com,Jones Asphalt of San Jose,San Jose,commercial asphalt,Corporate Commercial Asphalt leads in San Jose,"Hey team,

I was reviewing the services for Jones Asphalt of San Jose in San Jose.

We recently launched The Reliant Network, a closed B2B commercial directory. Right now, we are routing all the incoming corporate quote requests for commercial asphalt in the San Jose metro to a generic national fallback, because we don't have a local partner locked in yet.

We only allow one commercial asphalt contractor per city. It's a flat $299/mo to lock the San Jose territory monopoly, and you keep 100% of the leads with zero per-lead fees.

Do you want to lock the San Jose territory before we route these to a competitor? 

Best,
Alex
Lead Architect, Reliant Verified
https://www.reliantverified.com
"
jessica@williamstrailersofsanjose.com,Williams Trailers of San Jose,San Jose,mobile office trailers,Corporate Mobile Office Trailers leads in San Jose,"Hey team,

I was reviewing the services for Williams Trailers of San Jose in San Jose.

We recently launched The Reliant Network, a closed B2B commercial directory. Right now, we are routing all the incoming corporate quote requests for mobile office trailers in the San Jose metro to a generic national fallback, because we don't have a local partner locked in yet.

We only allow one mobile office trailers contractor per city. It's a flat $299/mo to lock the San Jose territory monopoly, and you keep 100% of the leads with zero per-lead fees.

Do you want to lock the San Jose territory before we route these to a competitor? 

Best,
Alex
Lead Architect, Reliant Verified
https://www.reliantverified.com
"
sarah@millercharterofsanjose.com,Miller Charter of San Jose,San Jose,corporate jet charter,Corporate Corporate Jet Charter leads in San Jose,"Hey team,

I was reviewing the services for Miller Charter of San Jose in San Jose.

We recently launched The Reliant Network, a closed B2B commercial directory. Right now, we are routing all the incoming corporate quote requests for corporate jet charter in the San Jose metro to a generic national fallback, because we don't have a local partner locked in yet.

We only allow one corporate jet charter contractor per city. It's a flat $299/mo to lock the San Jose territory monopoly, and you keep 100% of the leads with zero per-lead fees.

Do you want to lock the San Jose territory before we route these to a competitor? 

Best,
Alex
Lead Architect, Reliant Verified
https://www.reliantverified.com
"
john@millerroofingoffortworth.com,Miller Roofing of Fort Worth,Fort Worth,commercial roofing,Corporate Commercial Roofing leads in Fort Worth,"Hey team,

I was reviewing the services for Miller Roofing of Fort Worth in Fort Worth.

We recently launched The Reliant Network, a closed B2B commercial directory. Right now, we are routing all the incoming corporate quote requests for commercial roofing in the Fort Worth metro to a generic national fallback, because we don't have a local partner locked in yet.

We only allow one commercial roofing contractor per city. It's a flat $299/mo to lock the Fort Worth territory monopoly, and you keep 100% of the leads with zero per-lead fees.

Do you want to lock the Fort Worth territory before we route these to a competitor? 

Best,
Alex
Lead Architect, Reliant Verified
https://www.reliantverified.com
"
james@johnsonasphaltoffortworth.com,Johnson Asphalt of Fort Worth,Fort Worth,commercial asphalt,Corporate Commercial Asphalt leads in Fort Worth,"Hey team,

I was reviewing the services for Johnson Asphalt of Fort Worth in Fort Worth.

We recently launched The Reliant Network, a closed B2B commercial directory. Right now, we are routing all the incoming corporate quote requests for commercial asphalt in the Fort Worth metro to a generic national fallback, because we don't have a local partner locked in yet.

We only allow one commercial asphalt contractor per city. It's a flat $299/mo to lock the Fort Worth territory monopoly, and you keep 100% of the leads with zero per-lead fees.

Do you want to lock the Fort Worth territory before we route these to a competitor? 

Best,
Alex
Lead Architect, Reliant Verified
https://www.reliantverified.com
"
richard@garciatrailersoffortworth.com,Garcia Trailers of Fort Worth,Fort Worth,mobile office trailers,Corporate Mobile Office Trailers leads in Fort Worth,"Hey team,

I was reviewing the services for Garcia Trailers of Fort Worth in Fort Worth.

We recently launched The Reliant Network, a closed B2B commercial directory. Right now, we are routing all the incoming corporate quote requests for mobile office trailers in the Fort Worth metro to a generic national fallback, because we don't have a local partner locked in yet.

We only allow one mobile office trailers contractor per city. It's a flat $299/mo to lock the Fort Worth territory monopoly, and you keep 100% of the leads with zero per-lead fees.

Do you want to lock the Fort Worth territory before we route these to a competitor? 

Best,
Alex
Lead Architect, Reliant Verified
https://www.reliantverified.com
"
thomas@johnsoncharteroffortworth.com,Johnson Charter of Fort Worth,Fort Worth,corporate jet charter,Corporate Corporate Jet Charter leads in Fort Worth,"Hey team,

I was reviewing the services for Johnson Charter of Fort Worth in Fort Worth.

We recently launched The Reliant Network, a closed B2B commercial directory. Right now, we are routing all the incoming corporate quote requests for corporate jet charter in the Fort Worth metro to a generic national fallback, because we don't have a local partner locked in yet.

We only allow one corporate jet charter contractor per city. It's a flat $299/mo to lock the Fort Worth territory monopoly, and you keep 100% of the leads with zero per-lead fees.

Do you want to lock the Fort Worth territory before we route these to a competitor? 

Best,
Alex
Lead Architect, Reliant Verified
https://www.reliantverified.com
"
william@millerroofingofjacksonville.com,Miller Roofing of Jacksonville,Jacksonville,commercial roofing,Corporate Commercial Roofing leads in Jacksonville,"Hey team,

I was reviewing the services for Miller Roofing of Jacksonville in Jacksonville.

We recently launched The Reliant Network, a closed B2B commercial directory. Right now, we are routing all the incoming corporate quote requests for commercial roofing in the Jacksonville metro to a generic national fallback, because we don't have a local partner locked in yet.

We only allow one commercial roofing contractor per city. It's a flat $299/mo to lock the Jacksonville territory monopoly, and you keep 100% of the leads with zero per-lead fees.

Do you want to lock the Jacksonville territory before we route these to a competitor? 

Best,
Alex
Lead Architect, Reliant Verified
https://www.reliantverified.com
"
alex@rodriguezasphaltofjacksonville.com,Rodriguez Asphalt of Jacksonville,Jacksonville,commercial asphalt,Corporate Commercial Asphalt leads in Jacksonville,"Hey team,

I was reviewing the services for Rodriguez Asphalt of Jacksonville in Jacksonville.

We recently launched The Reliant Network, a closed B2B commercial directory. Right now, we are routing all the incoming corporate quote requests for commercial asphalt in the Jacksonville metro to a generic national fallback, because we don't have a local partner locked in yet.

We only allow one commercial asphalt contractor per city. It's a flat $299/mo to lock the Jacksonville territory monopoly, and you keep 100% of the leads with zero per-lead fees.

Do you want to lock the Jacksonville territory before we route these to a competitor? 

Best,
Alex
Lead Architect, Reliant Verified
https://www.reliantverified.com
"
sarah@browntrailersofjacksonville.com,Brown Trailers of Jacksonville,Jacksonville,mobile office trailers,Corporate Mobile Office Trailers leads in Jacksonville,"Hey team,

I was reviewing the services for Brown Trailers of Jacksonville in Jacksonville.

We recently launched The Reliant Network, a closed B2B commercial directory. Right now, we are routing all the incoming corporate quote requests for mobile office trailers in the Jacksonville metro to a generic national fallback, because we don't have a local partner locked in yet.

We only allow one mobile office trailers contractor per city. It's a flat $299/mo to lock the Jacksonville territory monopoly, and you keep 100% of the leads with zero per-lead fees.

Do you want to lock the Jacksonville territory before we route these to a competitor? 

Best,
Alex
Lead Architect, Reliant Verified
https://www.reliantverified.com
"
ashley@garciacharterofjacksonville.com,Garcia Charter of Jacksonville,Jacksonville,corporate jet charter,Corporate Corporate Jet Charter leads in Jacksonville,"Hey team,

I was reviewing the services for Garcia Charter of Jacksonville in Jacksonville.

We recently launched The Reliant Network, a closed B2B commercial directory. Right now, we are routing all the incoming corporate quote requests for corporate jet charter in the Jacksonville metro to a generic national fallback, because we don't have a local partner locked in yet.

We only allow one corporate jet charter contractor per city. It's a flat $299/mo to lock the Jacksonville territory monopoly, and you keep 100% of the leads with zero per-lead fees.

Do you want to lock the Jacksonville territory before we route these to a competitor? 

Best,
Alex
Lead Architect, Reliant Verified
https://www.reliantverified.com
"
matt@brownroofingofcolumbus.com,Brown Roofing of Columbus,Columbus,commercial roofing,Corporate Commercial Roofing leads in Columbus,"Hey team,

I was reviewing the services for Brown Roofing of Columbus in Columbus.

We recently launched The Reliant Network, a closed B2B commercial directory. Right now, we are routing all the incoming corporate quote requests for commercial roofing in the Columbus metro to a generic national fallback, because we don't have a local partner locked in yet.

We only allow one commercial roofing contractor per city. It's a flat $299/mo to lock the Columbus territory monopoly, and you keep 100% of the leads with zero per-lead fees.

Do you want to lock the Columbus territory before we route these to a competitor? 

Best,
Alex
Lead Architect, Reliant Verified
https://www.reliantverified.com
"
matt@jonesasphaltofcolumbus.com,Jones Asphalt of Columbus,Columbus,commercial asphalt,Corporate Commercial Asphalt leads in Columbus,"Hey team,

I was reviewing the services for Jones Asphalt of Columbus in Columbus.

We recently launched The Reliant Network, a closed B2B commercial directory. Right now, we are routing all the incoming corporate quote requests for commercial asphalt in the Columbus metro to a generic national fallback, because we don't have a local partner locked in yet.

We only allow one commercial asphalt contractor per city. It's a flat $299/mo to lock the Columbus territory monopoly, and you keep 100% of the leads with zero per-lead fees.

Do you want to lock the Columbus territory before we route these to a competitor? 

Best,
Alex
Lead Architect, Reliant Verified
https://www.reliantverified.com
"
david@davistrailersofcolumbus.com,Davis Trailers of Columbus,Columbus,mobile office trailers,Corporate Mobile Office Trailers leads in Columbus,"Hey team,

I was reviewing the services for Davis Trailers of Columbus in Columbus.

We recently launched The Reliant Network, a closed B2B commercial directory. Right now, we are routing all the incoming corporate quote requests for mobile office trailers in the Columbus metro to a generic national fallback, because we don't have a local partner locked in yet.

We only allow one mobile office trailers contractor per city. It's a flat $299/mo to lock the Columbus territory monopoly, and you keep 100% of the leads with zero per-lead fees.

Do you want to lock the Columbus territory before we route these to a competitor? 

Best,
Alex
Lead Architect, Reliant Verified
https://www.reliantverified.com
"
michael@davischarterofcolumbus.com,Davis Charter of Columbus,Columbus,corporate jet charter,Corporate Corporate Jet Charter leads in Columbus,"Hey team,

I was reviewing the services for Davis Charter of Columbus in Columbus.

We recently launched The Reliant Network, a closed B2B commercial directory. Right now, we are routing all the incoming corporate quote requests for corporate jet charter in the Columbus metro to a generic national fallback, because we don't have a local partner locked in yet.

We only allow one corporate jet charter contractor per city. It's a flat $299/mo to lock the Columbus territory monopoly, and you keep 100% of the leads with zero per-lead fees.

Do you want to lock the Columbus territory before we route these to a competitor? 

Best,
Alex
Lead Architect, Reliant Verified
https://www.reliantverified.com
"
richard@davisroofingofcharlotte.com,Davis Roofing of Charlotte,Charlotte,commercial roofing,Corporate Commercial Roofing leads in Charlotte,"Hey team,

I was reviewing the services for Davis Roofing of Charlotte in Charlotte.

We recently launched The Reliant Network, a closed B2B commercial directory. Right now, we are routing all the incoming corporate quote requests for commercial roofing in the Charlotte metro to a generic national fallback, because we don't have a local partner locked in yet.

We only allow one commercial roofing contractor per city. It's a flat $299/mo to lock the Charlotte territory monopoly, and you keep 100% of the leads with zero per-lead fees.

Do you want to lock the Charlotte territory before we route these to a competitor? 

Best,
Alex
Lead Architect, Reliant Verified
https://www.reliantverified.com
"
james@rodriguezasphaltofcharlotte.com,Rodriguez Asphalt of Charlotte,Charlotte,commercial asphalt,Corporate Commercial Asphalt leads in Charlotte,"Hey team,

I was reviewing the services for Rodriguez Asphalt of Charlotte in Charlotte.

We recently launched The Reliant Network, a closed B2B commercial directory. Right now, we are routing all the incoming corporate quote requests for commercial asphalt in the Charlotte metro to a generic national fallback, because we don't have a local partner locked in yet.

We only allow one commercial asphalt contractor per city. It's a flat $299/mo to lock the Charlotte territory monopoly, and you keep 100% of the leads with zero per-lead fees.

Do you want to lock the Charlotte territory before we route these to a competitor? 

Best,
Alex
Lead Architect, Reliant Verified
https://www.reliantverified.com
"
chris@garciatrailersofcharlotte.com,Garcia Trailers of Charlotte,Charlotte,mobile office trailers,Corporate Mobile Office Trailers leads in Charlotte,"Hey team,

I was reviewing the services for Garcia Trailers of Charlotte in Charlotte.

We recently launched The Reliant Network, a closed B2B commercial directory. Right now, we are routing all the incoming corporate quote requests for mobile office trailers in the Charlotte metro to a generic national fallback, because we don't have a local partner locked in yet.

We only allow one mobile office trailers contractor per city. It's a flat $299/mo to lock the Charlotte territory monopoly, and you keep 100% of the leads with zero per-lead fees.

Do you want to lock the Charlotte territory before we route these to a competitor? 

Best,
Alex
Lead Architect, Reliant Verified
https://www.reliantverified.com
"
chris@browncharterofcharlotte.com,Brown Charter of Charlotte,Charlotte,corporate jet charter,Corporate Corporate Jet Charter leads in Charlotte,"Hey team,

I was reviewing the services for Brown Charter of Charlotte in Charlotte.

We recently launched The Reliant Network, a closed B2B commercial directory. Right now, we are routing all the incoming corporate quote requests for corporate jet charter in the Charlotte metro to a generic national fallback, because we don't have a local partner locked in yet.

We only allow one corporate jet charter contractor per city. It's a flat $299/mo to lock the Charlotte territory monopoly, and you keep 100% of the leads with zero per-lead fees.

Do you want to lock the Charlotte territory before we route these to a competitor? 

Best,
Alex
Lead Architect, Reliant Verified
https://www.reliantverified.com
"
john@martinezroofingofindianapolis.com,Martinez Roofing of Indianapolis,Indianapolis,commercial roofing,Corporate Commercial Roofing leads in Indianapolis,"Hey team,

I was reviewing the services for Martinez Roofing of Indianapolis in Indianapolis.

We recently launched The Reliant Network, a closed B2B commercial directory. Right now, we are routing all the incoming corporate quote requests for commercial roofing in the Indianapolis metro to a generic national fallback, because we don't have a local partner locked in yet.

We only allow one commercial roofing contractor per city. It's a flat $299/mo to lock the Indianapolis territory monopoly, and you keep 100% of the leads with zero per-lead fees.

Do you want to lock the Indianapolis territory before we route these to a competitor? 

Best,
Alex
Lead Architect, Reliant Verified
https://www.reliantverified.com
"
matt@millerasphaltofindianapolis.com,Miller Asphalt of Indianapolis,Indianapolis,commercial asphalt,Corporate Commercial Asphalt leads in Indianapolis,"Hey team,

I was reviewing the services for Miller Asphalt of Indianapolis in Indianapolis.

We recently launched The Reliant Network, a closed B2B commercial directory. Right now, we are routing all the incoming corporate quote requests for commercial asphalt in the Indianapolis metro to a generic national fallback, because we don't have a local partner locked in yet.

We only allow one commercial asphalt contractor per city. It's a flat $299/mo to lock the Indianapolis territory monopoly, and you keep 100% of the leads with zero per-lead fees.

Do you want to lock the Indianapolis territory before we route these to a competitor? 

Best,
Alex
Lead Architect, Reliant Verified
https://www.reliantverified.com
"
richard@smithtrailersofindianapolis.com,Smith Trailers of Indianapolis,Indianapolis,mobile office trailers,Corporate Mobile Office Trailers leads in Indianapolis,"Hey team,

I was reviewing the services for Smith Trailers of Indianapolis in Indianapolis.

We recently launched The Reliant Network, a closed B2B commercial directory. Right now, we are routing all the incoming corporate quote requests for mobile office trailers in the Indianapolis metro to a generic national fallback, because we don't have a local partner locked in yet.

We only allow one mobile office trailers contractor per city. It's a flat $299/mo to lock the Indianapolis territory monopoly, and you keep 100% of the leads with zero per-lead fees.

Do you want to lock the Indianapolis territory before we route these to a competitor? 

Best,
Alex
Lead Architect, Reliant Verified
https://www.reliantverified.com
"
michael@millercharterofindianapolis.com,Miller Charter of Indianapolis,Indianapolis,corporate jet charter,Corporate Corporate Jet Charter leads in Indianapolis,"Hey team,

I was reviewing the services for Miller Charter of Indianapolis in Indianapolis.

We recently launched The Reliant Network, a closed B2B commercial directory. Right now, we are routing all the incoming corporate quote requests for corporate jet charter in the Indianapolis metro to a generic national fallback, because we don't have a local partner locked in yet.

We only allow one corporate jet charter contractor per city. It's a flat $299/mo to lock the Indianapolis territory monopoly, and you keep 100% of the leads with zero per-lead fees.

Do you want to lock the Indianapolis territory before we route these to a competitor? 

Best,
Alex
Lead Architect, Reliant Verified
https://www.reliantverified.com
"
john@millerroofingofsanfrancisco.com,Miller Roofing of San Francisco,San Francisco,commercial roofing,Corporate Commercial Roofing leads in San Francisco,"Hey team,

I was reviewing the services for Miller Roofing of San Francisco in San Francisco.

We recently launched The Reliant Network, a closed B2B commercial directory. Right now, we are routing all the incoming corporate quote requests for commercial roofing in the San Francisco metro to a generic national fallback, because we don't have a local partner locked in yet.

We only allow one commercial roofing contractor per city. It's a flat $299/mo to lock the San Francisco territory monopoly, and you keep 100% of the leads with zero per-lead fees.

Do you want to lock the San Francisco territory before we route these to a competitor? 

Best,
Alex
Lead Architect, Reliant Verified
https://www.reliantverified.com
"
john@smithasphaltofsanfrancisco.com,Smith Asphalt of San Francisco,San Francisco,commercial asphalt,Corporate Commercial Asphalt leads in San Francisco,"Hey team,

I was reviewing the services for Smith Asphalt of San Francisco in San Francisco.

We recently launched The Reliant Network, a closed B2B commercial directory. Right now, we are routing all the incoming corporate quote requests for commercial asphalt in the San Francisco metro to a generic national fallback, because we don't have a local partner locked in yet.

We only allow one commercial asphalt contractor per city. It's a flat $299/mo to lock the San Francisco territory monopoly, and you keep 100% of the leads with zero per-lead fees.

Do you want to lock the San Francisco territory before we route these to a competitor? 

Best,
Alex
Lead Architect, Reliant Verified
https://www.reliantverified.com
"
david@browntrailersofsanfrancisco.com,Brown Trailers of San Francisco,San Francisco,mobile office trailers,Corporate Mobile Office Trailers leads in San Francisco,"Hey team,

I was reviewing the services for Brown Trailers of San Francisco in San Francisco.

We recently launched The Reliant Network, a closed B2B commercial directory. Right now, we are routing all the incoming corporate quote requests for mobile office trailers in the San Francisco metro to a generic national fallback, because we don't have a local partner locked in yet.

We only allow one mobile office trailers contractor per city. It's a flat $299/mo to lock the San Francisco territory monopoly, and you keep 100% of the leads with zero per-lead fees.

Do you want to lock the San Francisco territory before we route these to a competitor? 

Best,
Alex
Lead Architect, Reliant Verified
https://www.reliantverified.com
"
sarah@martinezcharterofsanfrancisco.com,Martinez Charter of San Francisco,San Francisco,corporate jet charter,Corporate Corporate Jet Charter leads in San Francisco,"Hey team,

I was reviewing the services for Martinez Charter of San Francisco in San Francisco.

We recently launched The Reliant Network, a closed B2B commercial directory. Right now, we are routing all the incoming corporate quote requests for corporate jet charter in the San Francisco metro to a generic national fallback, because we don't have a local partner locked in yet.

We only allow one corporate jet charter contractor per city. It's a flat $299/mo to lock the San Francisco territory monopoly, and you keep 100% of the leads with zero per-lead fees.

Do you want to lock the San Francisco territory before we route these to a competitor? 

Best,
Alex
Lead Architect, Reliant Verified
https://www.reliantverified.com
"
chris@johnsonroofingofseattle.com,Johnson Roofing of Seattle,Seattle,commercial roofing,Corporate Commercial Roofing leads in Seattle,"Hey team,

I was reviewing the services for Johnson Roofing of Seattle in Seattle.

We recently launched The Reliant Network, a closed B2B commercial directory. Right now, we are routing all the incoming corporate quote requests for commercial roofing in the Seattle metro to a generic national fallback, because we don't have a local partner locked in yet.

We only allow one commercial roofing contractor per city. It's a flat $299/mo to lock the Seattle territory monopoly, and you keep 100% of the leads with zero per-lead fees.

Do you want to lock the Seattle territory before we route these to a competitor? 

Best,
Alex
Lead Architect, Reliant Verified
https://www.reliantverified.com
"
david@millerasphaltofseattle.com,Miller Asphalt of Seattle,Seattle,commercial asphalt,Corporate Commercial Asphalt leads in Seattle,"Hey team,

I was reviewing the services for Miller Asphalt of Seattle in Seattle.

We recently launched The Reliant Network, a closed B2B commercial directory. Right now, we are routing all the incoming corporate quote requests for commercial asphalt in the Seattle metro to a generic national fallback, because we don't have a local partner locked in yet.

We only allow one commercial asphalt contractor per city. It's a flat $299/mo to lock the Seattle territory monopoly, and you keep 100% of the leads with zero per-lead fees.

Do you want to lock the Seattle territory before we route these to a competitor? 

Best,
Alex
Lead Architect, Reliant Verified
https://www.reliantverified.com
"
amanda@browntrailersofseattle.com,Brown Trailers of Seattle,Seattle,mobile office trailers,Corporate Mobile Office Trailers leads in Seattle,"Hey team,

I was reviewing the services for Brown Trailers of Seattle in Seattle.

We recently launched The Reliant Network, a closed B2B commercial directory. Right now, we are routing all the incoming corporate quote requests for mobile office trailers in the Seattle metro to a generic national fallback, because we don't have a local partner locked in yet.

We only allow one mobile office trailers contractor per city. It's a flat $299/mo to lock the Seattle territory monopoly, and you keep 100% of the leads with zero per-lead fees.

Do you want to lock the Seattle territory before we route these to a competitor? 

Best,
Alex
Lead Architect, Reliant Verified
https://www.reliantverified.com
"
michael@millercharterofseattle.com,Miller Charter of Seattle,Seattle,corporate jet charter,Corporate Corporate Jet Charter leads in Seattle,"Hey team,

I was reviewing the services for Miller Charter of Seattle in Seattle.

We recently launched The Reliant Network, a closed B2B commercial directory. Right now, we are routing all the incoming corporate quote requests for corporate jet charter in the Seattle metro to a generic national fallback, because we don't have a local partner locked in yet.

We only allow one corporate jet charter contractor per city. It's a flat $299/mo to lock the Seattle territory monopoly, and you keep 100% of the leads with zero per-lead fees.

Do you want to lock the Seattle territory before we route these to a competitor? 

Best,
Alex
Lead Architect, Reliant Verified
https://www.reliantverified.com
"
jessica@williamsroofingofwashington.com,Williams Roofing of Washington,Washington,commercial roofing,Corporate Commercial Roofing leads in Washington,"Hey team,

I was reviewing the services for Williams Roofing of Washington in Washington.

We recently launched The Reliant Network, a closed B2B commercial directory. Right now, we are routing all the incoming corporate quote requests for commercial roofing in the Washington metro to a generic national fallback, because we don't have a local partner locked in yet.

We only allow one commercial roofing contractor per city. It's a flat $299/mo to lock the Washington territory monopoly, and you keep 100% of the leads with zero per-lead fees.

Do you want to lock the Washington territory before we route these to a competitor? 

Best,
Alex
Lead Architect, Reliant Verified
https://www.reliantverified.com
"
david@smithasphaltofwashington.com,Smith Asphalt of Washington,Washington,commercial asphalt,Corporate Commercial Asphalt leads in Washington,"Hey team,

I was reviewing the services for Smith Asphalt of Washington in Washington.

We recently launched The Reliant Network, a closed B2B commercial directory. Right now, we are routing all the incoming corporate quote requests for commercial asphalt in the Washington metro to a generic national fallback, because we don't have a local partner locked in yet.

We only allow one commercial asphalt contractor per city. It's a flat $299/mo to lock the Washington territory monopoly, and you keep 100% of the leads with zero per-lead fees.

Do you want to lock the Washington territory before we route these to a competitor? 

Best,
Alex
Lead Architect, Reliant Verified
https://www.reliantverified.com
"
richard@davistrailersofwashington.com,Davis Trailers of Washington,Washington,mobile office trailers,Corporate Mobile Office Trailers leads in Washington,"Hey team,

I was reviewing the services for Davis Trailers of Washington in Washington.

We recently launched The Reliant Network, a closed B2B commercial directory. Right now, we are routing all the incoming corporate quote requests for mobile office trailers in the Washington metro to a generic national fallback, because we don't have a local partner locked in yet.

We only allow one mobile office trailers contractor per city. It's a flat $299/mo to lock the Washington territory monopoly, and you keep 100% of the leads with zero per-lead fees.

Do you want to lock the Washington territory before we route these to a competitor? 

Best,
Alex
Lead Architect, Reliant Verified
https://www.reliantverified.com
"
william@davischarterofwashington.com,Davis Charter of Washington,Washington,corporate jet charter,Corporate Corporate Jet Charter leads in Washington,"Hey team,

I was reviewing the services for Davis Charter of Washington in Washington.

We recently launched The Reliant Network, a closed B2B commercial directory. Right now, we are routing all the incoming corporate quote requests for corporate jet charter in the Washington metro to a generic national fallback, because we don't have a local partner locked in yet.

We only allow one corporate jet charter contractor per city. It's a flat $299/mo to lock the Washington territory monopoly, and you keep 100% of the leads with zero per-lead fees.

Do you want to lock the Washington territory before we route these to a competitor? 

Best,
Alex
Lead Architect, Reliant Verified
https://www.reliantverified.com
"
michael@davisroofingofboston.com,Davis Roofing of Boston,Boston,commercial roofing,Corporate Commercial Roofing leads in Boston,"Hey team,

I was reviewing the services for Davis Roofing of Boston in Boston.

We recently launched The Reliant Network, a closed B2B commercial directory. Right now, we are routing all the incoming corporate quote requests for commercial roofing in the Boston metro to a generic national fallback, because we don't have a local partner locked in yet.

We only allow one commercial roofing contractor per city. It's a flat $299/mo to lock the Boston territory monopoly, and you keep 100% of the leads with zero per-lead fees.

Do you want to lock the Boston territory before we route these to a competitor? 

Best,
Alex
Lead Architect, Reliant Verified
https://www.reliantverified.com
"
robert@martinezasphaltofboston.com,Martinez Asphalt of Boston,Boston,commercial asphalt,Corporate Commercial Asphalt leads in Boston,"Hey team,

I was reviewing the services for Martinez Asphalt of Boston in Boston.

We recently launched The Reliant Network, a closed B2B commercial directory. Right now, we are routing all the incoming corporate quote requests for commercial asphalt in the Boston metro to a generic national fallback, because we don't have a local partner locked in yet.

We only allow one commercial asphalt contractor per city. It's a flat $299/mo to lock the Boston territory monopoly, and you keep 100% of the leads with zero per-lead fees.

Do you want to lock the Boston territory before we route these to a competitor? 

Best,
Alex
Lead Architect, Reliant Verified
https://www.reliantverified.com
"
alex@millertrailersofboston.com,Miller Trailers of Boston,Boston,mobile office trailers,Corporate Mobile Office Trailers leads in Boston,"Hey team,

I was reviewing the services for Miller Trailers of Boston in Boston.

We recently launched The Reliant Network, a closed B2B commercial directory. Right now, we are routing all the incoming corporate quote requests for mobile office trailers in the Boston metro to a generic national fallback, because we don't have a local partner locked in yet.

We only allow one mobile office trailers contractor per city. It's a flat $299/mo to lock the Boston territory monopoly, and you keep 100% of the leads with zero per-lead fees.

Do you want to lock the Boston territory before we route these to a competitor? 

Best,
Alex
Lead Architect, Reliant Verified
https://www.reliantverified.com
"
alex@smithcharterofboston.com,Smith Charter of Boston,Boston,corporate jet charter,Corporate Corporate Jet Charter leads in Boston,"Hey team,

I was reviewing the services for Smith Charter of Boston in Boston.

We recently launched The Reliant Network, a closed B2B commercial directory. Right now, we are routing all the incoming corporate quote requests for corporate jet charter in the Boston metro to a generic national fallback, because we don't have a local partner locked in yet.

We only allow one corporate jet charter contractor per city. It's a flat $299/mo to lock the Boston territory monopoly, and you keep 100% of the leads with zero per-lead fees.

Do you want to lock the Boston territory before we route these to a competitor? 

Best,
Alex
Lead Architect, Reliant Verified
https://www.reliantverified.com
"
richard@davisroofingoflasvegas.com,Davis Roofing of Las Vegas,Las Vegas,commercial roofing,Corporate Commercial Roofing leads in Las Vegas,"Hey team,

I was reviewing the services for Davis Roofing of Las Vegas in Las Vegas.

We recently launched The Reliant Network, a closed B2B commercial directory. Right now, we are routing all the incoming corporate quote requests for commercial roofing in the Las Vegas metro to a generic national fallback, because we don't have a local partner locked in yet.

We only allow one commercial roofing contractor per city. It's a flat $299/mo to lock the Las Vegas territory monopoly, and you keep 100% of the leads with zero per-lead fees.

Do you want to lock the Las Vegas territory before we route these to a competitor? 

Best,
Alex
Lead Architect, Reliant Verified
https://www.reliantverified.com
"
william@brownasphaltoflasvegas.com,Brown Asphalt of Las Vegas,Las Vegas,commercial asphalt,Corporate Commercial Asphalt leads in Las Vegas,"Hey team,

I was reviewing the services for Brown Asphalt of Las Vegas in Las Vegas.

We recently launched The Reliant Network, a closed B2B commercial directory. Right now, we are routing all the incoming corporate quote requests for commercial asphalt in the Las Vegas metro to a generic national fallback, because we don't have a local partner locked in yet.

We only allow one commercial asphalt contractor per city. It's a flat $299/mo to lock the Las Vegas territory monopoly, and you keep 100% of the leads with zero per-lead fees.

Do you want to lock the Las Vegas territory before we route these to a competitor? 

Best,
Alex
Lead Architect, Reliant Verified
https://www.reliantverified.com
"
john@smithtrailersoflasvegas.com,Smith Trailers of Las Vegas,Las Vegas,mobile office trailers,Corporate Mobile Office Trailers leads in Las Vegas,"Hey team,

I was reviewing the services for Smith Trailers of Las Vegas in Las Vegas.

We recently launched The Reliant Network, a closed B2B commercial directory. Right now, we are routing all the incoming corporate quote requests for mobile office trailers in the Las Vegas metro to a generic national fallback, because we don't have a local partner locked in yet.

We only allow one mobile office trailers contractor per city. It's a flat $299/mo to lock the Las Vegas territory monopoly, and you keep 100% of the leads with zero per-lead fees.

Do you want to lock the Las Vegas territory before we route these to a competitor? 

Best,
Alex
Lead Architect, Reliant Verified
https://www.reliantverified.com
"
thomas@davischarteroflasvegas.com,Davis Charter of Las Vegas,Las Vegas,corporate jet charter,Corporate Corporate Jet Charter leads in Las Vegas,"Hey team,

I was reviewing the services for Davis Charter of Las Vegas in Las Vegas.

We recently launched The Reliant Network, a closed B2B commercial directory. Right now, we are routing all the incoming corporate quote requests for corporate jet charter in the Las Vegas metro to a generic national fallback, because we don't have a local partner locked in yet.

We only allow one corporate jet charter contractor per city. It's a flat $299/mo to lock the Las Vegas territory monopoly, and you keep 100% of the leads with zero per-lead fees.

Do you want to lock the Las Vegas territory before we route these to a competitor? 

Best,
Alex
Lead Architect, Reliant Verified
https://www.reliantverified.com
"
james@brownroofingofportland.com,Brown Roofing of Portland,Portland,commercial roofing,Corporate Commercial Roofing leads in Portland,"Hey team,

I was reviewing the services for Brown Roofing of Portland in Portland.

We recently launched The Reliant Network, a closed B2B commercial directory. Right now, we are routing all the incoming corporate quote requests for commercial roofing in the Portland metro to a generic national fallback, because we don't have a local partner locked in yet.

We only allow one commercial roofing contractor per city. It's a flat $299/mo to lock the Portland territory monopoly, and you keep 100% of the leads with zero per-lead fees.

Do you want to lock the Portland territory before we route these to a competitor? 

Best,
Alex
Lead Architect, Reliant Verified
https://www.reliantverified.com
"
jessica@millerasphaltofportland.com,Miller Asphalt of Portland,Portland,commercial asphalt,Corporate Commercial Asphalt leads in Portland,"Hey team,

I was reviewing the services for Miller Asphalt of Portland in Portland.

We recently launched The Reliant Network, a closed B2B commercial directory. Right now, we are routing all the incoming corporate quote requests for commercial asphalt in the Portland metro to a generic national fallback, because we don't have a local partner locked in yet.

We only allow one commercial asphalt contractor per city. It's a flat $299/mo to lock the Portland territory monopoly, and you keep 100% of the leads with zero per-lead fees.

Do you want to lock the Portland territory before we route these to a competitor? 

Best,
Alex
Lead Architect, Reliant Verified
https://www.reliantverified.com
"
richard@smithtrailersofportland.com,Smith Trailers of Portland,Portland,mobile office trailers,Corporate Mobile Office Trailers leads in Portland,"Hey team,

I was reviewing the services for Smith Trailers of Portland in Portland.

We recently launched The Reliant Network, a closed B2B commercial directory. Right now, we are routing all the incoming corporate quote requests for mobile office trailers in the Portland metro to a generic national fallback, because we don't have a local partner locked in yet.

We only allow one mobile office trailers contractor per city. It's a flat $299/mo to lock the Portland territory monopoly, and you keep 100% of the leads with zero per-lead fees.

Do you want to lock the Portland territory before we route these to a competitor? 

Best,
Alex
Lead Architect, Reliant Verified
https://www.reliantverified.com
"
james@rodriguezcharterofportland.com,Rodriguez Charter of Portland,Portland,corporate jet charter,Corporate Corporate Jet Charter leads in Portland,"Hey team,

I was reviewing the services for Rodriguez Charter of Portland in Portland.

We recently launched The Reliant Network, a closed B2B commercial directory. Right now, we are routing all the incoming corporate quote requests for corporate jet charter in the Portland metro to a generic national fallback, because we don't have a local partner locked in yet.

We only allow one corporate jet charter contractor per city. It's a flat $299/mo to lock the Portland territory monopoly, and you keep 100% of the leads with zero per-lead fees.

Do you want to lock the Portland territory before we route these to a competitor? 

Best,
Alex
Lead Architect, Reliant Verified
https://www.reliantverified.com
"
alex@brownroofingofdetroit.com,Brown Roofing of Detroit,Detroit,commercial roofing,Corporate Commercial Roofing leads in Detroit,"Hey team,

I was reviewing the services for Brown Roofing of Detroit in Detroit.

We recently launched The Reliant Network, a closed B2B commercial directory. Right now, we are routing all the incoming corporate quote requests for commercial roofing in the Detroit metro to a generic national fallback, because we don't have a local partner locked in yet.

We only allow one commercial roofing contractor per city. It's a flat $299/mo to lock the Detroit territory monopoly, and you keep 100% of the leads with zero per-lead fees.

Do you want to lock the Detroit territory before we route these to a competitor? 

Best,
Alex
Lead Architect, Reliant Verified
https://www.reliantverified.com
"
thomas@johnsonasphaltofdetroit.com,Johnson Asphalt of Detroit,Detroit,commercial asphalt,Corporate Commercial Asphalt leads in Detroit,"Hey team,

I was reviewing the services for Johnson Asphalt of Detroit in Detroit.

We recently launched The Reliant Network, a closed B2B commercial directory. Right now, we are routing all the incoming corporate quote requests for commercial asphalt in the Detroit metro to a generic national fallback, because we don't have a local partner locked in yet.

We only allow one commercial asphalt contractor per city. It's a flat $299/mo to lock the Detroit territory monopoly, and you keep 100% of the leads with zero per-lead fees.

Do you want to lock the Detroit territory before we route these to a competitor? 

Best,
Alex
Lead Architect, Reliant Verified
https://www.reliantverified.com
"
james@martineztrailersofdetroit.com,Martinez Trailers of Detroit,Detroit,mobile office trailers,Corporate Mobile Office Trailers leads in Detroit,"Hey team,

I was reviewing the services for Martinez Trailers of Detroit in Detroit.

We recently launched The Reliant Network, a closed B2B commercial directory. Right now, we are routing all the incoming corporate quote requests for mobile office trailers in the Detroit metro to a generic national fallback, because we don't have a local partner locked in yet.

We only allow one mobile office trailers contractor per city. It's a flat $299/mo to lock the Detroit territory monopoly, and you keep 100% of the leads with zero per-lead fees.

Do you want to lock the Detroit territory before we route these to a competitor? 

Best,
Alex
Lead Architect, Reliant Verified
https://www.reliantverified.com
"
david@smithcharterofdetroit.com,Smith Charter of Detroit,Detroit,corporate jet charter,Corporate Corporate Jet Charter leads in Detroit,"Hey team,

I was reviewing the services for Smith Charter of Detroit in Detroit.

We recently launched The Reliant Network, a closed B2B commercial directory. Right now, we are routing all the incoming corporate quote requests for corporate jet charter in the Detroit metro to a generic national fallback, because we don't have a local partner locked in yet.

We only allow one corporate jet charter contractor per city. It's a flat $299/mo to lock the Detroit territory monopoly, and you keep 100% of the leads with zero per-lead fees.

Do you want to lock the Detroit territory before we route these to a competitor? 

Best,
Alex
Lead Architect, Reliant Verified
https://www.reliantverified.com
"
ashley@johnsonroofingoflouisville.com,Johnson Roofing of Louisville,Louisville,commercial roofing,Corporate Commercial Roofing leads in Louisville,"Hey team,

I was reviewing the services for Johnson Roofing of Louisville in Louisville.

We recently launched The Reliant Network, a closed B2B commercial directory. Right now, we are routing all the incoming corporate quote requests for commercial roofing in the Louisville metro to a generic national fallback, because we don't have a local partner locked in yet.

We only allow one commercial roofing contractor per city. It's a flat $299/mo to lock the Louisville territory monopoly, and you keep 100% of the leads with zero per-lead fees.

Do you want to lock the Louisville territory before we route these to a competitor? 

Best,
Alex
Lead Architect, Reliant Verified
https://www.reliantverified.com
"
michael@martinezasphaltoflouisville.com,Martinez Asphalt of Louisville,Louisville,commercial asphalt,Corporate Commercial Asphalt leads in Louisville,"Hey team,

I was reviewing the services for Martinez Asphalt of Louisville in Louisville.

We recently launched The Reliant Network, a closed B2B commercial directory. Right now, we are routing all the incoming corporate quote requests for commercial asphalt in the Louisville metro to a generic national fallback, because we don't have a local partner locked in yet.

We only allow one commercial asphalt contractor per city. It's a flat $299/mo to lock the Louisville territory monopoly, and you keep 100% of the leads with zero per-lead fees.

Do you want to lock the Louisville territory before we route these to a competitor? 

Best,
Alex
Lead Architect, Reliant Verified
https://www.reliantverified.com
"
michael@browntrailersoflouisville.com,Brown Trailers of Louisville,Louisville,mobile office trailers,Corporate Mobile Office Trailers leads in Louisville,"Hey team,

I was reviewing the services for Brown Trailers of Louisville in Louisville.

We recently launched The Reliant Network, a closed B2B commercial directory. Right now, we are routing all the incoming corporate quote requests for mobile office trailers in the Louisville metro to a generic national fallback, because we don't have a local partner locked in yet.

We only allow one mobile office trailers contractor per city. It's a flat $299/mo to lock the Louisville territory monopoly, and you keep 100% of the leads with zero per-lead fees.

Do you want to lock the Louisville territory before we route these to a competitor? 

Best,
Alex
Lead Architect, Reliant Verified
https://www.reliantverified.com
"
david@johnsoncharteroflouisville.com,Johnson Charter of Louisville,Louisville,corporate jet charter,Corporate Corporate Jet Charter leads in Louisville,"Hey team,

I was reviewing the services for Johnson Charter of Louisville in Louisville.

We recently launched The Reliant Network, a closed B2B commercial directory. Right now, we are routing all the incoming corporate quote requests for corporate jet charter in the Louisville metro to a generic national fallback, because we don't have a local partner locked in yet.

We only allow one corporate jet charter contractor per city. It's a flat $299/mo to lock the Louisville territory monopoly, and you keep 100% of the leads with zero per-lead fees.

Do you want to lock the Louisville territory before we route these to a competitor? 

Best,
Alex
Lead Architect, Reliant Verified
https://www.reliantverified.com
"
sarah@martinezroofingofbaltimore.com,Martinez Roofing of Baltimore,Baltimore,commercial roofing,Corporate Commercial Roofing leads in Baltimore,"Hey team,

I was reviewing the services for Martinez Roofing of Baltimore in Baltimore.

We recently launched The Reliant Network, a closed B2B commercial directory. Right now, we are routing all the incoming corporate quote requests for commercial roofing in the Baltimore metro to a generic national fallback, because we don't have a local partner locked in yet.

We only allow one commercial roofing contractor per city. It's a flat $299/mo to lock the Baltimore territory monopoly, and you keep 100% of the leads with zero per-lead fees.

Do you want to lock the Baltimore territory before we route these to a competitor? 

Best,
Alex
Lead Architect, Reliant Verified
https://www.reliantverified.com
"
michael@jonesasphaltofbaltimore.com,Jones Asphalt of Baltimore,Baltimore,commercial asphalt,Corporate Commercial Asphalt leads in Baltimore,"Hey team,

I was reviewing the services for Jones Asphalt of Baltimore in Baltimore.

We recently launched The Reliant Network, a closed B2B commercial directory. Right now, we are routing all the incoming corporate quote requests for commercial asphalt in the Baltimore metro to a generic national fallback, because we don't have a local partner locked in yet.

We only allow one commercial asphalt contractor per city. It's a flat $299/mo to lock the Baltimore territory monopoly, and you keep 100% of the leads with zero per-lead fees.

Do you want to lock the Baltimore territory before we route these to a competitor? 

Best,
Alex
Lead Architect, Reliant Verified
https://www.reliantverified.com
"
richard@davistrailersofbaltimore.com,Davis Trailers of Baltimore,Baltimore,mobile office trailers,Corporate Mobile Office Trailers leads in Baltimore,"Hey team,

I was reviewing the services for Davis Trailers of Baltimore in Baltimore.

We recently launched The Reliant Network, a closed B2B commercial directory. Right now, we are routing all the incoming corporate quote requests for mobile office trailers in the Baltimore metro to a generic national fallback, because we don't have a local partner locked in yet.

We only allow one mobile office trailers contractor per city. It's a flat $299/mo to lock the Baltimore territory monopoly, and you keep 100% of the leads with zero per-lead fees.

Do you want to lock the Baltimore territory before we route these to a competitor? 

Best,
Alex
Lead Architect, Reliant Verified
https://www.reliantverified.com
"
david@smithcharterofbaltimore.com,Smith Charter of Baltimore,Baltimore,corporate jet charter,Corporate Corporate Jet Charter leads in Baltimore,"Hey team,

I was reviewing the services for Smith Charter of Baltimore in Baltimore.

We recently launched The Reliant Network, a closed B2B commercial directory. Right now, we are routing all the incoming corporate quote requests for corporate jet charter in the Baltimore metro to a generic national fallback, because we don't have a local partner locked in yet.

We only allow one corporate jet charter contractor per city. It's a flat $299/mo to lock the Baltimore territory monopoly, and you keep 100% of the leads with zero per-lead fees.

Do you want to lock the Baltimore territory before we route these to a competitor? 

Best,
Alex
Lead Architect, Reliant Verified
https://www.reliantverified.com
"
thomas@williamsroofingofmilwaukee.com,Williams Roofing of Milwaukee,Milwaukee,commercial roofing,Corporate Commercial Roofing leads in Milwaukee,"Hey team,

I was reviewing the services for Williams Roofing of Milwaukee in Milwaukee.

We recently launched The Reliant Network, a closed B2B commercial directory. Right now, we are routing all the incoming corporate quote requests for commercial roofing in the Milwaukee metro to a generic national fallback, because we don't have a local partner locked in yet.

We only allow one commercial roofing contractor per city. It's a flat $299/mo to lock the Milwaukee territory monopoly, and you keep 100% of the leads with zero per-lead fees.

Do you want to lock the Milwaukee territory before we route these to a competitor? 

Best,
Alex
Lead Architect, Reliant Verified
https://www.reliantverified.com
"
michael@johnsonasphaltofmilwaukee.com,Johnson Asphalt of Milwaukee,Milwaukee,commercial asphalt,Corporate Commercial Asphalt leads in Milwaukee,"Hey team,

I was reviewing the services for Johnson Asphalt of Milwaukee in Milwaukee.

We recently launched The Reliant Network, a closed B2B commercial directory. Right now, we are routing all the incoming corporate quote requests for commercial asphalt in the Milwaukee metro to a generic national fallback, because we don't have a local partner locked in yet.

We only allow one commercial asphalt contractor per city. It's a flat $299/mo to lock the Milwaukee territory monopoly, and you keep 100% of the leads with zero per-lead fees.

Do you want to lock the Milwaukee territory before we route these to a competitor? 

Best,
Alex
Lead Architect, Reliant Verified
https://www.reliantverified.com
"
chris@garciatrailersofmilwaukee.com,Garcia Trailers of Milwaukee,Milwaukee,mobile office trailers,Corporate Mobile Office Trailers leads in Milwaukee,"Hey team,

I was reviewing the services for Garcia Trailers of Milwaukee in Milwaukee.

We recently launched The Reliant Network, a closed B2B commercial directory. Right now, we are routing all the incoming corporate quote requests for mobile office trailers in the Milwaukee metro to a generic national fallback, because we don't have a local partner locked in yet.

We only allow one mobile office trailers contractor per city. It's a flat $299/mo to lock the Milwaukee territory monopoly, and you keep 100% of the leads with zero per-lead fees.

Do you want to lock the Milwaukee territory before we route these to a competitor? 

Best,
Alex
Lead Architect, Reliant Verified
https://www.reliantverified.com
"
michael@rodriguezcharterofmilwaukee.com,Rodriguez Charter of Milwaukee,Milwaukee,corporate jet charter,Corporate Corporate Jet Charter leads in Milwaukee,"Hey team,

I was reviewing the services for Rodriguez Charter of Milwaukee in Milwaukee.

We recently launched The Reliant Network, a closed B2B commercial directory. Right now, we are routing all the incoming corporate quote requests for corporate jet charter in the Milwaukee metro to a generic national fallback, because we don't have a local partner locked in yet.

We only allow one corporate jet charter contractor per city. It's a flat $299/mo to lock the Milwaukee territory monopoly, and you keep 100% of the leads with zero per-lead fees.

Do you want to lock the Milwaukee territory before we route these to a competitor? 

Best,
Alex
Lead Architect, Reliant Verified
https://www.reliantverified.com
"
richard@williamsroofingofalbuquerque.com,Williams Roofing of Albuquerque,Albuquerque,commercial roofing,Corporate Commercial Roofing leads in Albuquerque,"Hey team,

I was reviewing the services for Williams Roofing of Albuquerque in Albuquerque.

We recently launched The Reliant Network, a closed B2B commercial directory. Right now, we are routing all the incoming corporate quote requests for commercial roofing in the Albuquerque metro to a generic national fallback, because we don't have a local partner locked in yet.

We only allow one commercial roofing contractor per city. It's a flat $299/mo to lock the Albuquerque territory monopoly, and you keep 100% of the leads with zero per-lead fees.

Do you want to lock the Albuquerque territory before we route these to a competitor? 

Best,
Alex
Lead Architect, Reliant Verified
https://www.reliantverified.com
"
alex@smithasphaltofalbuquerque.com,Smith Asphalt of Albuquerque,Albuquerque,commercial asphalt,Corporate Commercial Asphalt leads in Albuquerque,"Hey team,

I was reviewing the services for Smith Asphalt of Albuquerque in Albuquerque.

We recently launched The Reliant Network, a closed B2B commercial directory. Right now, we are routing all the incoming corporate quote requests for commercial asphalt in the Albuquerque metro to a generic national fallback, because we don't have a local partner locked in yet.

We only allow one commercial asphalt contractor per city. It's a flat $299/mo to lock the Albuquerque territory monopoly, and you keep 100% of the leads with zero per-lead fees.

Do you want to lock the Albuquerque territory before we route these to a competitor? 

Best,
Alex
Lead Architect, Reliant Verified
https://www.reliantverified.com
"
william@rodrigueztrailersofalbuquerque.com,Rodriguez Trailers of Albuquerque,Albuquerque,mobile office trailers,Corporate Mobile Office Trailers leads in Albuquerque,"Hey team,

I was reviewing the services for Rodriguez Trailers of Albuquerque in Albuquerque.

We recently launched The Reliant Network, a closed B2B commercial directory. Right now, we are routing all the incoming corporate quote requests for mobile office trailers in the Albuquerque metro to a generic national fallback, because we don't have a local partner locked in yet.

We only allow one mobile office trailers contractor per city. It's a flat $299/mo to lock the Albuquerque territory monopoly, and you keep 100% of the leads with zero per-lead fees.

Do you want to lock the Albuquerque territory before we route these to a competitor? 

Best,
Alex
Lead Architect, Reliant Verified
https://www.reliantverified.com
"
james@martinezcharterofalbuquerque.com,Martinez Charter of Albuquerque,Albuquerque,corporate jet charter,Corporate Corporate Jet Charter leads in Albuquerque,"Hey team,

I was reviewing the services for Martinez Charter of Albuquerque in Albuquerque.

We recently launched The Reliant Network, a closed B2B commercial directory. Right now, we are routing all the incoming corporate quote requests for corporate jet charter in the Albuquerque metro to a generic national fallback, because we don't have a local partner locked in yet.

We only allow one corporate jet charter contractor per city. It's a flat $299/mo to lock the Albuquerque territory monopoly, and you keep 100% of the leads with zero per-lead fees.

Do you want to lock the Albuquerque territory before we route these to a competitor? 

Best,
Alex
Lead Architect, Reliant Verified
https://www.reliantverified.com
"
john@millerroofingoftucson.com,Miller Roofing of Tucson,Tucson,commercial roofing,Corporate Commercial Roofing leads in Tucson,"Hey team,

I was reviewing the services for Miller Roofing of Tucson in Tucson.

We recently launched The Reliant Network, a closed B2B commercial directory. Right now, we are routing all the incoming corporate quote requests for commercial roofing in the Tucson metro to a generic national fallback, because we don't have a local partner locked in yet.

We only allow one commercial roofing contractor per city. It's a flat $299/mo to lock the Tucson territory monopoly, and you keep 100% of the leads with zero per-lead fees.

Do you want to lock the Tucson territory before we route these to a competitor? 

Best,
Alex
Lead Architect, Reliant Verified
https://www.reliantverified.com
"
richard@johnsonasphaltoftucson.com,Johnson Asphalt of Tucson,Tucson,commercial asphalt,Corporate Commercial Asphalt leads in Tucson,"Hey team,

I was reviewing the services for Johnson Asphalt of Tucson in Tucson.

We recently launched The Reliant Network, a closed B2B commercial directory. Right now, we are routing all the incoming corporate quote requests for commercial asphalt in the Tucson metro to a generic national fallback, because we don't have a local partner locked in yet.

We only allow one commercial asphalt contractor per city. It's a flat $299/mo to lock the Tucson territory monopoly, and you keep 100% of the leads with zero per-lead fees.

Do you want to lock the Tucson territory before we route these to a competitor? 

Best,
Alex
Lead Architect, Reliant Verified
https://www.reliantverified.com
"
alex@davistrailersoftucson.com,Davis Trailers of Tucson,Tucson,mobile office trailers,Corporate Mobile Office Trailers leads in Tucson,"Hey team,

I was reviewing the services for Davis Trailers of Tucson in Tucson.

We recently launched The Reliant Network, a closed B2B commercial directory. Right now, we are routing all the incoming corporate quote requests for mobile office trailers in the Tucson metro to a generic national fallback, because we don't have a local partner locked in yet.

We only allow one mobile office trailers contractor per city. It's a flat $299/mo to lock the Tucson territory monopoly, and you keep 100% of the leads with zero per-lead fees.

Do you want to lock the Tucson territory before we route these to a competitor? 

Best,
Alex
Lead Architect, Reliant Verified
https://www.reliantverified.com
"
richard@millercharteroftucson.com,Miller Charter of Tucson,Tucson,corporate jet charter,Corporate Corporate Jet Charter leads in Tucson,"Hey team,

I was reviewing the services for Miller Charter of Tucson in Tucson.

We recently launched The Reliant Network, a closed B2B commercial directory. Right now, we are routing all the incoming corporate quote requests for corporate jet charter in the Tucson metro to a generic national fallback, because we don't have a local partner locked in yet.

We only allow one corporate jet charter contractor per city. It's a flat $299/mo to lock the Tucson territory monopoly, and you keep 100% of the leads with zero per-lead fees.

Do you want to lock the Tucson territory before we route these to a competitor? 

Best,
Alex
Lead Architect, Reliant Verified
https://www.reliantverified.com
"
michael@martinezroofingofsacramento.com,Martinez Roofing of Sacramento,Sacramento,commercial roofing,Corporate Commercial Roofing leads in Sacramento,"Hey team,

I was reviewing the services for Martinez Roofing of Sacramento in Sacramento.

We recently launched The Reliant Network, a closed B2B commercial directory. Right now, we are routing all the incoming corporate quote requests for commercial roofing in the Sacramento metro to a generic national fallback, because we don't have a local partner locked in yet.

We only allow one commercial roofing contractor per city. It's a flat $299/mo to lock the Sacramento territory monopoly, and you keep 100% of the leads with zero per-lead fees.

Do you want to lock the Sacramento territory before we route these to a competitor? 

Best,
Alex
Lead Architect, Reliant Verified
https://www.reliantverified.com
"
james@garciaasphaltofsacramento.com,Garcia Asphalt of Sacramento,Sacramento,commercial asphalt,Corporate Commercial Asphalt leads in Sacramento,"Hey team,

I was reviewing the services for Garcia Asphalt of Sacramento in Sacramento.

We recently launched The Reliant Network, a closed B2B commercial directory. Right now, we are routing all the incoming corporate quote requests for commercial asphalt in the Sacramento metro to a generic national fallback, because we don't have a local partner locked in yet.

We only allow one commercial asphalt contractor per city. It's a flat $299/mo to lock the Sacramento territory monopoly, and you keep 100% of the leads with zero per-lead fees.

Do you want to lock the Sacramento territory before we route these to a competitor? 

Best,
Alex
Lead Architect, Reliant Verified
https://www.reliantverified.com
"
michael@williamstrailersofsacramento.com,Williams Trailers of Sacramento,Sacramento,mobile office trailers,Corporate Mobile Office Trailers leads in Sacramento,"Hey team,

I was reviewing the services for Williams Trailers of Sacramento in Sacramento.

We recently launched The Reliant Network, a closed B2B commercial directory. Right now, we are routing all the incoming corporate quote requests for mobile office trailers in the Sacramento metro to a generic national fallback, because we don't have a local partner locked in yet.

We only allow one mobile office trailers contractor per city. It's a flat $299/mo to lock the Sacramento territory monopoly, and you keep 100% of the leads with zero per-lead fees.

Do you want to lock the Sacramento territory before we route these to a competitor? 

Best,
Alex
Lead Architect, Reliant Verified
https://www.reliantverified.com
"
david@martinezcharterofsacramento.com,Martinez Charter of Sacramento,Sacramento,corporate jet charter,Corporate Corporate Jet Charter leads in Sacramento,"Hey team,

I was reviewing the services for Martinez Charter of Sacramento in Sacramento.

We recently launched The Reliant Network, a closed B2B commercial directory. Right now, we are routing all the incoming corporate quote requests for corporate jet charter in the Sacramento metro to a generic national fallback, because we don't have a local partner locked in yet.

We only allow one corporate jet charter contractor per city. It's a flat $299/mo to lock the Sacramento territory monopoly, and you keep 100% of the leads with zero per-lead fees.

Do you want to lock the Sacramento territory before we route these to a competitor? 

Best,
Alex
Lead Architect, Reliant Verified
https://www.reliantverified.com
"
john@jonesroofingofkansascity.com,Jones Roofing of Kansas City,Kansas City,commercial roofing,Corporate Commercial Roofing leads in Kansas City,"Hey team,

I was reviewing the services for Jones Roofing of Kansas City in Kansas City.

We recently launched The Reliant Network, a closed B2B commercial directory. Right now, we are routing all the incoming corporate quote requests for commercial roofing in the Kansas City metro to a generic national fallback, because we don't have a local partner locked in yet.

We only allow one commercial roofing contractor per city. It's a flat $299/mo to lock the Kansas City territory monopoly, and you keep 100% of the leads with zero per-lead fees.

Do you want to lock the Kansas City territory before we route these to a competitor? 

Best,
Alex
Lead Architect, Reliant Verified
https://www.reliantverified.com
"
john@martinezasphaltofkansascity.com,Martinez Asphalt of Kansas City,Kansas City,commercial asphalt,Corporate Commercial Asphalt leads in Kansas City,"Hey team,

I was reviewing the services for Martinez Asphalt of Kansas City in Kansas City.

We recently launched The Reliant Network, a closed B2B commercial directory. Right now, we are routing all the incoming corporate quote requests for commercial asphalt in the Kansas City metro to a generic national fallback, because we don't have a local partner locked in yet.

We only allow one commercial asphalt contractor per city. It's a flat $299/mo to lock the Kansas City territory monopoly, and you keep 100% of the leads with zero per-lead fees.

Do you want to lock the Kansas City territory before we route these to a competitor? 

Best,
Alex
Lead Architect, Reliant Verified
https://www.reliantverified.com
"
chris@garciatrailersofkansascity.com,Garcia Trailers of Kansas City,Kansas City,mobile office trailers,Corporate Mobile Office Trailers leads in Kansas City,"Hey team,

I was reviewing the services for Garcia Trailers of Kansas City in Kansas City.

We recently launched The Reliant Network, a closed B2B commercial directory. Right now, we are routing all the incoming corporate quote requests for mobile office trailers in the Kansas City metro to a generic national fallback, because we don't have a local partner locked in yet.

We only allow one mobile office trailers contractor per city. It's a flat $299/mo to lock the Kansas City territory monopoly, and you keep 100% of the leads with zero per-lead fees.

Do you want to lock the Kansas City territory before we route these to a competitor? 

Best,
Alex
Lead Architect, Reliant Verified
https://www.reliantverified.com
"
robert@garciacharterofkansascity.com,Garcia Charter of Kansas City,Kansas City,corporate jet charter,Corporate Corporate Jet Charter leads in Kansas City,"Hey team,

I was reviewing the services for Garcia Charter of Kansas City in Kansas City.

We recently launched The Reliant Network, a closed B2B commercial directory. Right now, we are routing all the incoming corporate quote requests for corporate jet charter in the Kansas City metro to a generic national fallback, because we don't have a local partner locked in yet.

We only allow one corporate jet charter contractor per city. It's a flat $299/mo to lock the Kansas City territory monopoly, and you keep 100% of the leads with zero per-lead fees.

Do you want to lock the Kansas City territory before we route these to a competitor? 

Best,
Alex
Lead Architect, Reliant Verified
https://www.reliantverified.com
"
david@davisroofingofomaha.com,Davis Roofing of Omaha,Omaha,commercial roofing,Corporate Commercial Roofing leads in Omaha,"Hey team,

I was reviewing the services for Davis Roofing of Omaha in Omaha.

We recently launched The Reliant Network, a closed B2B commercial directory. Right now, we are routing all the incoming corporate quote requests for commercial roofing in the Omaha metro to a generic national fallback, because we don't have a local partner locked in yet.

We only allow one commercial roofing contractor per city. It's a flat $299/mo to lock the Omaha territory monopoly, and you keep 100% of the leads with zero per-lead fees.

Do you want to lock the Omaha territory before we route these to a competitor? 

Best,
Alex
Lead Architect, Reliant Verified
https://www.reliantverified.com
"
michael@martinezasphaltofomaha.com,Martinez Asphalt of Omaha,Omaha,commercial asphalt,Corporate Commercial Asphalt leads in Omaha,"Hey team,

I was reviewing the services for Martinez Asphalt of Omaha in Omaha.

We recently launched The Reliant Network, a closed B2B commercial directory. Right now, we are routing all the incoming corporate quote requests for commercial asphalt in the Omaha metro to a generic national fallback, because we don't have a local partner locked in yet.

We only allow one commercial asphalt contractor per city. It's a flat $299/mo to lock the Omaha territory monopoly, and you keep 100% of the leads with zero per-lead fees.

Do you want to lock the Omaha territory before we route these to a competitor? 

Best,
Alex
Lead Architect, Reliant Verified
https://www.reliantverified.com
"
michael@browntrailersofomaha.com,Brown Trailers of Omaha,Omaha,mobile office trailers,Corporate Mobile Office Trailers leads in Omaha,"Hey team,

I was reviewing the services for Brown Trailers of Omaha in Omaha.

We recently launched The Reliant Network, a closed B2B commercial directory. Right now, we are routing all the incoming corporate quote requests for mobile office trailers in the Omaha metro to a generic national fallback, because we don't have a local partner locked in yet.

We only allow one mobile office trailers contractor per city. It's a flat $299/mo to lock the Omaha territory monopoly, and you keep 100% of the leads with zero per-lead fees.

Do you want to lock the Omaha territory before we route these to a competitor? 

Best,
Alex
Lead Architect, Reliant Verified
https://www.reliantverified.com
"
sarah@rodriguezcharterofomaha.com,Rodriguez Charter of Omaha,Omaha,corporate jet charter,Corporate Corporate Jet Charter leads in Omaha,"Hey team,

I was reviewing the services for Rodriguez Charter of Omaha in Omaha.

We recently launched The Reliant Network, a closed B2B commercial directory. Right now, we are routing all the incoming corporate quote requests for corporate jet charter in the Omaha metro to a generic national fallback, because we don't have a local partner locked in yet.

We only allow one corporate jet charter contractor per city. It's a flat $299/mo to lock the Omaha territory monopoly, and you keep 100% of the leads with zero per-lead fees.

Do you want to lock the Omaha territory before we route these to a competitor? 

Best,
Alex
Lead Architect, Reliant Verified
https://www.reliantverified.com
"
michael@smithroofingofcoloradosprings.com,Smith Roofing of Colorado Springs,Colorado Springs,commercial roofing,Corporate Commercial Roofing leads in Colorado Springs,"Hey team,

I was reviewing the services for Smith Roofing of Colorado Springs in Colorado Springs.

We recently launched The Reliant Network, a closed B2B commercial directory. Right now, we are routing all the incoming corporate quote requests for commercial roofing in the Colorado Springs metro to a generic national fallback, because we don't have a local partner locked in yet.

We only allow one commercial roofing contractor per city. It's a flat $299/mo to lock the Colorado Springs territory monopoly, and you keep 100% of the leads with zero per-lead fees.

Do you want to lock the Colorado Springs territory before we route these to a competitor? 

Best,
Alex
Lead Architect, Reliant Verified
https://www.reliantverified.com
"
thomas@millerasphaltofcoloradosprings.com,Miller Asphalt of Colorado Springs,Colorado Springs,commercial asphalt,Corporate Commercial Asphalt leads in Colorado Springs,"Hey team,

I was reviewing the services for Miller Asphalt of Colorado Springs in Colorado Springs.

We recently launched The Reliant Network, a closed B2B commercial directory. Right now, we are routing all the incoming corporate quote requests for commercial asphalt in the Colorado Springs metro to a generic national fallback, because we don't have a local partner locked in yet.

We only allow one commercial asphalt contractor per city. It's a flat $299/mo to lock the Colorado Springs territory monopoly, and you keep 100% of the leads with zero per-lead fees.

Do you want to lock the Colorado Springs territory before we route these to a competitor? 

Best,
Alex
Lead Architect, Reliant Verified
https://www.reliantverified.com
"
michael@browntrailersofcoloradosprings.com,Brown Trailers of Colorado Springs,Colorado Springs,mobile office trailers,Corporate Mobile Office Trailers leads in Colorado Springs,"Hey team,

I was reviewing the services for Brown Trailers of Colorado Springs in Colorado Springs.

We recently launched The Reliant Network, a closed B2B commercial directory. Right now, we are routing all the incoming corporate quote requests for mobile office trailers in the Colorado Springs metro to a generic national fallback, because we don't have a local partner locked in yet.

We only allow one mobile office trailers contractor per city. It's a flat $299/mo to lock the Colorado Springs territory monopoly, and you keep 100% of the leads with zero per-lead fees.

Do you want to lock the Colorado Springs territory before we route these to a competitor? 

Best,
Alex
Lead Architect, Reliant Verified
https://www.reliantverified.com
"
william@martinezcharterofcoloradosprings.com,Martinez Charter of Colorado Springs,Colorado Springs,corporate jet charter,Corporate Corporate Jet Charter leads in Colorado Springs,"Hey team,

I was reviewing the services for Martinez Charter of Colorado Springs in Colorado Springs.

We recently launched The Reliant Network, a closed B2B commercial directory. Right now, we are routing all the incoming corporate quote requests for corporate jet charter in the Colorado Springs metro to a generic national fallback, because we don't have a local partner locked in yet.

We only allow one corporate jet charter contractor per city. It's a flat $299/mo to lock the Colorado Springs territory monopoly, and you keep 100% of the leads with zero per-lead fees.

Do you want to lock the Colorado Springs territory before we route these to a competitor? 

Best,
Alex
Lead Architect, Reliant Verified
https://www.reliantverified.com
"
jessica@jonesroofingofraleigh.com,Jones Roofing of Raleigh,Raleigh,commercial roofing,Corporate Commercial Roofing leads in Raleigh,"Hey team,

I was reviewing the services for Jones Roofing of Raleigh in Raleigh.

We recently launched The Reliant Network, a closed B2B commercial directory. Right now, we are routing all the incoming corporate quote requests for commercial roofing in the Raleigh metro to a generic national fallback, because we don't have a local partner locked in yet.

We only allow one commercial roofing contractor per city. It's a flat $299/mo to lock the Raleigh territory monopoly, and you keep 100% of the leads with zero per-lead fees.

Do you want to lock the Raleigh territory before we route these to a competitor? 

Best,
Alex
Lead Architect, Reliant Verified
https://www.reliantverified.com
"
jessica@brownasphaltofraleigh.com,Brown Asphalt of Raleigh,Raleigh,commercial asphalt,Corporate Commercial Asphalt leads in Raleigh,"Hey team,

I was reviewing the services for Brown Asphalt of Raleigh in Raleigh.

We recently launched The Reliant Network, a closed B2B commercial directory. Right now, we are routing all the incoming corporate quote requests for commercial asphalt in the Raleigh metro to a generic national fallback, because we don't have a local partner locked in yet.

We only allow one commercial asphalt contractor per city. It's a flat $299/mo to lock the Raleigh territory monopoly, and you keep 100% of the leads with zero per-lead fees.

Do you want to lock the Raleigh territory before we route these to a competitor? 

Best,
Alex
Lead Architect, Reliant Verified
https://www.reliantverified.com
"
chris@davistrailersofraleigh.com,Davis Trailers of Raleigh,Raleigh,mobile office trailers,Corporate Mobile Office Trailers leads in Raleigh,"Hey team,

I was reviewing the services for Davis Trailers of Raleigh in Raleigh.

We recently launched The Reliant Network, a closed B2B commercial directory. Right now, we are routing all the incoming corporate quote requests for mobile office trailers in the Raleigh metro to a generic national fallback, because we don't have a local partner locked in yet.

We only allow one mobile office trailers contractor per city. It's a flat $299/mo to lock the Raleigh territory monopoly, and you keep 100% of the leads with zero per-lead fees.

Do you want to lock the Raleigh territory before we route these to a competitor? 

Best,
Alex
Lead Architect, Reliant Verified
https://www.reliantverified.com
"
michael@johnsoncharterofraleigh.com,Johnson Charter of Raleigh,Raleigh,corporate jet charter,Corporate Corporate Jet Charter leads in Raleigh,"Hey team,

I was reviewing the services for Johnson Charter of Raleigh in Raleigh.

We recently launched The Reliant Network, a closed B2B commercial directory. Right now, we are routing all the incoming corporate quote requests for corporate jet charter in the Raleigh metro to a generic national fallback, because we don't have a local partner locked in yet.

We only allow one corporate jet charter contractor per city. It's a flat $299/mo to lock the Raleigh territory monopoly, and you keep 100% of the leads with zero per-lead fees.

Do you want to lock the Raleigh territory before we route these to a competitor? 

Best,
Alex
Lead Architect, Reliant Verified
https://www.reliantverified.com
"
sarah@rodriguezroofingofvirginiabeach.com,Rodriguez Roofing of Virginia Beach,Virginia Beach,commercial roofing,Corporate Commercial Roofing leads in Virginia Beach,"Hey team,

I was reviewing the services for Rodriguez Roofing of Virginia Beach in Virginia Beach.

We recently launched The Reliant Network, a closed B2B commercial directory. Right now, we are routing all the incoming corporate quote requests for commercial roofing in the Virginia Beach metro to a generic national fallback, because we don't have a local partner locked in yet.

We only allow one commercial roofing contractor per city. It's a flat $299/mo to lock the Virginia Beach territory monopoly, and you keep 100% of the leads with zero per-lead fees.

Do you want to lock the Virginia Beach territory before we route these to a competitor? 

Best,
Alex
Lead Architect, Reliant Verified
https://www.reliantverified.com
"
william@williamsasphaltofvirginiabeach.com,Williams Asphalt of Virginia Beach,Virginia Beach,commercial asphalt,Corporate Commercial Asphalt leads in Virginia Beach,"Hey team,

I was reviewing the services for Williams Asphalt of Virginia Beach in Virginia Beach.

We recently launched The Reliant Network, a closed B2B commercial directory. Right now, we are routing all the incoming corporate quote requests for commercial asphalt in the Virginia Beach metro to a generic national fallback, because we don't have a local partner locked in yet.

We only allow one commercial asphalt contractor per city. It's a flat $299/mo to lock the Virginia Beach territory monopoly, and you keep 100% of the leads with zero per-lead fees.

Do you want to lock the Virginia Beach territory before we route these to a competitor? 

Best,
Alex
Lead Architect, Reliant Verified
https://www.reliantverified.com
"
robert@williamstrailersofvirginiabeach.com,Williams Trailers of Virginia Beach,Virginia Beach,mobile office trailers,Corporate Mobile Office Trailers leads in Virginia Beach,"Hey team,

I was reviewing the services for Williams Trailers of Virginia Beach in Virginia Beach.

We recently launched The Reliant Network, a closed B2B commercial directory. Right now, we are routing all the incoming corporate quote requests for mobile office trailers in the Virginia Beach metro to a generic national fallback, because we don't have a local partner locked in yet.

We only allow one mobile office trailers contractor per city. It's a flat $299/mo to lock the Virginia Beach territory monopoly, and you keep 100% of the leads with zero per-lead fees.

Do you want to lock the Virginia Beach territory before we route these to a competitor? 

Best,
Alex
Lead Architect, Reliant Verified
https://www.reliantverified.com
"
jessica@martinezcharterofvirginiabeach.com,Martinez Charter of Virginia Beach,Virginia Beach,corporate jet charter,Corporate Corporate Jet Charter leads in Virginia Beach,"Hey team,

I was reviewing the services for Martinez Charter of Virginia Beach in Virginia Beach.

We recently launched The Reliant Network, a closed B2B commercial directory. Right now, we are routing all the incoming corporate quote requests for corporate jet charter in the Virginia Beach metro to a generic national fallback, because we don't have a local partner locked in yet.

We only allow one corporate jet charter contractor per city. It's a flat $299/mo to lock the Virginia Beach territory monopoly, and you keep 100% of the leads with zero per-lead fees.

Do you want to lock the Virginia Beach territory before we route these to a competitor? 

Best,
Alex
Lead Architect, Reliant Verified
https://www.reliantverified.com
"
chris@johnsonroofingoftampa.com,Johnson Roofing of Tampa,Tampa,commercial roofing,Corporate Commercial Roofing leads in Tampa,"Hey team,

I was reviewing the services for Johnson Roofing of Tampa in Tampa.

We recently launched The Reliant Network, a closed B2B commercial directory. Right now, we are routing all the incoming corporate quote requests for commercial roofing in the Tampa metro to a generic national fallback, because we don't have a local partner locked in yet.

We only allow one commercial roofing contractor per city. It's a flat $299/mo to lock the Tampa territory monopoly, and you keep 100% of the leads with zero per-lead fees.

Do you want to lock the Tampa territory before we route these to a competitor? 

Best,
Alex
Lead Architect, Reliant Verified
https://www.reliantverified.com
"
michael@johnsonasphaltoftampa.com,Johnson Asphalt of Tampa,Tampa,commercial asphalt,Corporate Commercial Asphalt leads in Tampa,"Hey team,

I was reviewing the services for Johnson Asphalt of Tampa in Tampa.

We recently launched The Reliant Network, a closed B2B commercial directory. Right now, we are routing all the incoming corporate quote requests for commercial asphalt in the Tampa metro to a generic national fallback, because we don't have a local partner locked in yet.

We only allow one commercial asphalt contractor per city. It's a flat $299/mo to lock the Tampa territory monopoly, and you keep 100% of the leads with zero per-lead fees.

Do you want to lock the Tampa territory before we route these to a competitor? 

Best,
Alex
Lead Architect, Reliant Verified
https://www.reliantverified.com
"
david@martineztrailersoftampa.com,Martinez Trailers of Tampa,Tampa,mobile office trailers,Corporate Mobile Office Trailers leads in Tampa,"Hey team,

I was reviewing the services for Martinez Trailers of Tampa in Tampa.

We recently launched The Reliant Network, a closed B2B commercial directory. Right now, we are routing all the incoming corporate quote requests for mobile office trailers in the Tampa metro to a generic national fallback, because we don't have a local partner locked in yet.

We only allow one mobile office trailers contractor per city. It's a flat $299/mo to lock the Tampa territory monopoly, and you keep 100% of the leads with zero per-lead fees.

Do you want to lock the Tampa territory before we route these to a competitor? 

Best,
Alex
Lead Architect, Reliant Verified
https://www.reliantverified.com
"
sarah@jonescharteroftampa.com,Jones Charter of Tampa,Tampa,corporate jet charter,Corporate Corporate Jet Charter leads in Tampa,"Hey team,

I was reviewing the services for Jones Charter of Tampa in Tampa.

We recently launched The Reliant Network, a closed B2B commercial directory. Right now, we are routing all the incoming corporate quote requests for corporate jet charter in the Tampa metro to a generic national fallback, because we don't have a local partner locked in yet.

We only allow one corporate jet charter contractor per city. It's a flat $299/mo to lock the Tampa territory monopoly, and you keep 100% of the leads with zero per-lead fees.

Do you want to lock the Tampa territory before we route these to a competitor? 

Best,
Alex
Lead Architect, Reliant Verified
https://www.reliantverified.com
"
amanda@garciaroofingoforlando.com,Garcia Roofing of Orlando,Orlando,commercial roofing,Corporate Commercial Roofing leads in Orlando,"Hey team,

I was reviewing the services for Garcia Roofing of Orlando in Orlando.

We recently launched The Reliant Network, a closed B2B commercial directory. Right now, we are routing all the incoming corporate quote requests for commercial roofing in the Orlando metro to a generic national fallback, because we don't have a local partner locked in yet.

We only allow one commercial roofing contractor per city. It's a flat $299/mo to lock the Orlando territory monopoly, and you keep 100% of the leads with zero per-lead fees.

Do you want to lock the Orlando territory before we route these to a competitor? 

Best,
Alex
Lead Architect, Reliant Verified
https://www.reliantverified.com
"
john@jonesasphaltoforlando.com,Jones Asphalt of Orlando,Orlando,commercial asphalt,Corporate Commercial Asphalt leads in Orlando,"Hey team,

I was reviewing the services for Jones Asphalt of Orlando in Orlando.

We recently launched The Reliant Network, a closed B2B commercial directory. Right now, we are routing all the incoming corporate quote requests for commercial asphalt in the Orlando metro to a generic national fallback, because we don't have a local partner locked in yet.

We only allow one commercial asphalt contractor per city. It's a flat $299/mo to lock the Orlando territory monopoly, and you keep 100% of the leads with zero per-lead fees.

Do you want to lock the Orlando territory before we route these to a competitor? 

Best,
Alex
Lead Architect, Reliant Verified
https://www.reliantverified.com
"
james@browntrailersoforlando.com,Brown Trailers of Orlando,Orlando,mobile office trailers,Corporate Mobile Office Trailers leads in Orlando,"Hey team,

I was reviewing the services for Brown Trailers of Orlando in Orlando.

We recently launched The Reliant Network, a closed B2B commercial directory. Right now, we are routing all the incoming corporate quote requests for mobile office trailers in the Orlando metro to a generic national fallback, because we don't have a local partner locked in yet.

We only allow one mobile office trailers contractor per city. It's a flat $299/mo to lock the Orlando territory monopoly, and you keep 100% of the leads with zero per-lead fees.

Do you want to lock the Orlando territory before we route these to a competitor? 

Best,
Alex
Lead Architect, Reliant Verified
https://www.reliantverified.com
"
richard@rodriguezcharteroforlando.com,Rodriguez Charter of Orlando,Orlando,corporate jet charter,Corporate Corporate Jet Charter leads in Orlando,"Hey team,

I was reviewing the services for Rodriguez Charter of Orlando in Orlando.

We recently launched The Reliant Network, a closed B2B commercial directory. Right now, we are routing all the incoming corporate quote requests for corporate jet charter in the Orlando metro to a generic national fallback, because we don't have a local partner locked in yet.

We only allow one corporate jet charter contractor per city. It's a flat $299/mo to lock the Orlando territory monopoly, and you keep 100% of the leads with zero per-lead fees.

Do you want to lock the Orlando territory before we route these to a competitor? 

Best,
Alex
Lead Architect, Reliant Verified
https://www.reliantverified.com
"
william@smithroofingofminneapolis.com,Smith Roofing of Minneapolis,Minneapolis,commercial roofing,Corporate Commercial Roofing leads in Minneapolis,"Hey team,

I was reviewing the services for Smith Roofing of Minneapolis in Minneapolis.

We recently launched The Reliant Network, a closed B2B commercial directory. Right now, we are routing all the incoming corporate quote requests for commercial roofing in the Minneapolis metro to a generic national fallback, because we don't have a local partner locked in yet.

We only allow one commercial roofing contractor per city. It's a flat $299/mo to lock the Minneapolis territory monopoly, and you keep 100% of the leads with zero per-lead fees.

Do you want to lock the Minneapolis territory before we route these to a competitor? 

Best,
Alex
Lead Architect, Reliant Verified
https://www.reliantverified.com
"
james@rodriguezasphaltofminneapolis.com,Rodriguez Asphalt of Minneapolis,Minneapolis,commercial asphalt,Corporate Commercial Asphalt leads in Minneapolis,"Hey team,

I was reviewing the services for Rodriguez Asphalt of Minneapolis in Minneapolis.

We recently launched The Reliant Network, a closed B2B commercial directory. Right now, we are routing all the incoming corporate quote requests for commercial asphalt in the Minneapolis metro to a generic national fallback, because we don't have a local partner locked in yet.

We only allow one commercial asphalt contractor per city. It's a flat $299/mo to lock the Minneapolis territory monopoly, and you keep 100% of the leads with zero per-lead fees.

Do you want to lock the Minneapolis territory before we route these to a competitor? 

Best,
Alex
Lead Architect, Reliant Verified
https://www.reliantverified.com
"
robert@martineztrailersofminneapolis.com,Martinez Trailers of Minneapolis,Minneapolis,mobile office trailers,Corporate Mobile Office Trailers leads in Minneapolis,"Hey team,

I was reviewing the services for Martinez Trailers of Minneapolis in Minneapolis.

We recently launched The Reliant Network, a closed B2B commercial directory. Right now, we are routing all the incoming corporate quote requests for mobile office trailers in the Minneapolis metro to a generic national fallback, because we don't have a local partner locked in yet.

We only allow one mobile office trailers contractor per city. It's a flat $299/mo to lock the Minneapolis territory monopoly, and you keep 100% of the leads with zero per-lead fees.

Do you want to lock the Minneapolis territory before we route these to a competitor? 

Best,
Alex
Lead Architect, Reliant Verified
https://www.reliantverified.com
"
chris@garciacharterofminneapolis.com,Garcia Charter of Minneapolis,Minneapolis,corporate jet charter,Corporate Corporate Jet Charter leads in Minneapolis,"Hey team,

I was reviewing the services for Garcia Charter of Minneapolis in Minneapolis.

We recently launched The Reliant Network, a closed B2B commercial directory. Right now, we are routing all the incoming corporate quote requests for corporate jet charter in the Minneapolis metro to a generic national fallback, because we don't have a local partner locked in yet.

We only allow one corporate jet charter contractor per city. It's a flat $299/mo to lock the Minneapolis territory monopoly, and you keep 100% of the leads with zero per-lead fees.

Do you want to lock the Minneapolis territory before we route these to a competitor? 

Best,
Alex
Lead Architect, Reliant Verified
https://www.reliantverified.com
"
alex@garciaroofingofneworleans.com,Garcia Roofing of New Orleans,New Orleans,commercial roofing,Corporate Commercial Roofing leads in New Orleans,"Hey team,

I was reviewing the services for Garcia Roofing of New Orleans in New Orleans.

We recently launched The Reliant Network, a closed B2B commercial directory. Right now, we are routing all the incoming corporate quote requests for commercial roofing in the New Orleans metro to a generic national fallback, because we don't have a local partner locked in yet.

We only allow one commercial roofing contractor per city. It's a flat $299/mo to lock the New Orleans territory monopoly, and you keep 100% of the leads with zero per-lead fees.

Do you want to lock the New Orleans territory before we route these to a competitor? 

Best,
Alex
Lead Architect, Reliant Verified
https://www.reliantverified.com
"
chris@millerasphaltofneworleans.com,Miller Asphalt of New Orleans,New Orleans,commercial asphalt,Corporate Commercial Asphalt leads in New Orleans,"Hey team,

I was reviewing the services for Miller Asphalt of New Orleans in New Orleans.

We recently launched The Reliant Network, a closed B2B commercial directory. Right now, we are routing all the incoming corporate quote requests for commercial asphalt in the New Orleans metro to a generic national fallback, because we don't have a local partner locked in yet.

We only allow one commercial asphalt contractor per city. It's a flat $299/mo to lock the New Orleans territory monopoly, and you keep 100% of the leads with zero per-lead fees.

Do you want to lock the New Orleans territory before we route these to a competitor? 

Best,
Alex
Lead Architect, Reliant Verified
https://www.reliantverified.com
"
david@smithtrailersofneworleans.com,Smith Trailers of New Orleans,New Orleans,mobile office trailers,Corporate Mobile Office Trailers leads in New Orleans,"Hey team,

I was reviewing the services for Smith Trailers of New Orleans in New Orleans.

We recently launched The Reliant Network, a closed B2B commercial directory. Right now, we are routing all the incoming corporate quote requests for mobile office trailers in the New Orleans metro to a generic national fallback, because we don't have a local partner locked in yet.

We only allow one mobile office trailers contractor per city. It's a flat $299/mo to lock the New Orleans territory monopoly, and you keep 100% of the leads with zero per-lead fees.

Do you want to lock the New Orleans territory before we route these to a competitor? 

Best,
Alex
Lead Architect, Reliant Verified
https://www.reliantverified.com
"
john@smithcharterofneworleans.com,Smith Charter of New Orleans,New Orleans,corporate jet charter,Corporate Corporate Jet Charter leads in New Orleans,"Hey team,

I was reviewing the services for Smith Charter of New Orleans in New Orleans.

We recently launched The Reliant Network, a closed B2B commercial directory. Right now, we are routing all the incoming corporate quote requests for corporate jet charter in the New Orleans metro to a generic national fallback, because we don't have a local partner locked in yet.

We only allow one corporate jet charter contractor per city. It's a flat $299/mo to lock the New Orleans territory monopoly, and you keep 100% of the leads with zero per-lead fees.

Do you want to lock the New Orleans territory before we route these to a competitor? 

Best,
Alex
Lead Architect, Reliant Verified
https://www.reliantverified.com
"
alex@garciaroofingofcleveland.com,Garcia Roofing of Cleveland,Cleveland,commercial roofing,Corporate Commercial Roofing leads in Cleveland,"Hey team,

I was reviewing the services for Garcia Roofing of Cleveland in Cleveland.

We recently launched The Reliant Network, a closed B2B commercial directory. Right now, we are routing all the incoming corporate quote requests for commercial roofing in the Cleveland metro to a generic national fallback, because we don't have a local partner locked in yet.

We only allow one commercial roofing contractor per city. It's a flat $299/mo to lock the Cleveland territory monopoly, and you keep 100% of the leads with zero per-lead fees.

Do you want to lock the Cleveland territory before we route these to a competitor? 

Best,
Alex
Lead Architect, Reliant Verified
https://www.reliantverified.com
"
alex@johnsonasphaltofcleveland.com,Johnson Asphalt of Cleveland,Cleveland,commercial asphalt,Corporate Commercial Asphalt leads in Cleveland,"Hey team,

I was reviewing the services for Johnson Asphalt of Cleveland in Cleveland.

We recently launched The Reliant Network, a closed B2B commercial directory. Right now, we are routing all the incoming corporate quote requests for commercial asphalt in the Cleveland metro to a generic national fallback, because we don't have a local partner locked in yet.

We only allow one commercial asphalt contractor per city. It's a flat $299/mo to lock the Cleveland territory monopoly, and you keep 100% of the leads with zero per-lead fees.

Do you want to lock the Cleveland territory before we route these to a competitor? 

Best,
Alex
Lead Architect, Reliant Verified
https://www.reliantverified.com
"
michael@rodrigueztrailersofcleveland.com,Rodriguez Trailers of Cleveland,Cleveland,mobile office trailers,Corporate Mobile Office Trailers leads in Cleveland,"Hey team,

I was reviewing the services for Rodriguez Trailers of Cleveland in Cleveland.

We recently launched The Reliant Network, a closed B2B commercial directory. Right now, we are routing all the incoming corporate quote requests for mobile office trailers in the Cleveland metro to a generic national fallback, because we don't have a local partner locked in yet.

We only allow one mobile office trailers contractor per city. It's a flat $299/mo to lock the Cleveland territory monopoly, and you keep 100% of the leads with zero per-lead fees.

Do you want to lock the Cleveland territory before we route these to a competitor? 

Best,
Alex
Lead Architect, Reliant Verified
https://www.reliantverified.com
"
david@garciacharterofcleveland.com,Garcia Charter of Cleveland,Cleveland,corporate jet charter,Corporate Corporate Jet Charter leads in Cleveland,"Hey team,

I was reviewing the services for Garcia Charter of Cleveland in Cleveland.

We recently launched The Reliant Network, a closed B2B commercial directory. Right now, we are routing all the incoming corporate quote requests for corporate jet charter in the Cleveland metro to a generic national fallback, because we don't have a local partner locked in yet.

We only allow one corporate jet charter contractor per city. It's a flat $299/mo to lock the Cleveland territory monopoly, and you keep 100% of the leads with zero per-lead fees.

Do you want to lock the Cleveland territory before we route these to a competitor? 

Best,
Alex
Lead Architect, Reliant Verified
https://www.reliantverified.com
"
michael@davisroofingofsaltlakecity.com,Davis Roofing of Salt Lake City,Salt Lake City,commercial roofing,Corporate Commercial Roofing leads in Salt Lake City,"Hey team,

I was reviewing the services for Davis Roofing of Salt Lake City in Salt Lake City.

We recently launched The Reliant Network, a closed B2B commercial directory. Right now, we are routing all the incoming corporate quote requests for commercial roofing in the Salt Lake City metro to a generic national fallback, because we don't have a local partner locked in yet.

We only allow one commercial roofing contractor per city. It's a flat $299/mo to lock the Salt Lake City territory monopoly, and you keep 100% of the leads with zero per-lead fees.

Do you want to lock the Salt Lake City territory before we route these to a competitor? 

Best,
Alex
Lead Architect, Reliant Verified
https://www.reliantverified.com
"
michael@williamsasphaltofsaltlakecity.com,Williams Asphalt of Salt Lake City,Salt Lake City,commercial asphalt,Corporate Commercial Asphalt leads in Salt Lake City,"Hey team,

I was reviewing the services for Williams Asphalt of Salt Lake City in Salt Lake City.

We recently launched The Reliant Network, a closed B2B commercial directory. Right now, we are routing all the incoming corporate quote requests for commercial asphalt in the Salt Lake City metro to a generic national fallback, because we don't have a local partner locked in yet.

We only allow one commercial asphalt contractor per city. It's a flat $299/mo to lock the Salt Lake City territory monopoly, and you keep 100% of the leads with zero per-lead fees.

Do you want to lock the Salt Lake City territory before we route these to a competitor? 

Best,
Alex
Lead Architect, Reliant Verified
https://www.reliantverified.com
"
robert@rodrigueztrailersofsaltlakecity.com,Rodriguez Trailers of Salt Lake City,Salt Lake City,mobile office trailers,Corporate Mobile Office Trailers leads in Salt Lake City,"Hey team,

I was reviewing the services for Rodriguez Trailers of Salt Lake City in Salt Lake City.

We recently launched The Reliant Network, a closed B2B commercial directory. Right now, we are routing all the incoming corporate quote requests for mobile office trailers in the Salt Lake City metro to a generic national fallback, because we don't have a local partner locked in yet.

We only allow one mobile office trailers contractor per city. It's a flat $299/mo to lock the Salt Lake City territory monopoly, and you keep 100% of the leads with zero per-lead fees.

Do you want to lock the Salt Lake City territory before we route these to a competitor? 

Best,
Alex
Lead Architect, Reliant Verified
https://www.reliantverified.com
"
ashley@johnsoncharterofsaltlakecity.com,Johnson Charter of Salt Lake City,Salt Lake City,corporate jet charter,Corporate Corporate Jet Charter leads in Salt Lake City,"Hey team,

I was reviewing the services for Johnson Charter of Salt Lake City in Salt Lake City.

We recently launched The Reliant Network, a closed B2B commercial directory. Right now, we are routing all the incoming corporate quote requests for corporate jet charter in the Salt Lake City metro to a generic national fallback, because we don't have a local partner locked in yet.

We only allow one corporate jet charter contractor per city. It's a flat $299/mo to lock the Salt Lake City territory monopoly, and you keep 100% of the leads with zero per-lead fees.

Do you want to lock the Salt Lake City territory before we route these to a competitor? 

Best,
Alex
Lead Architect, Reliant Verified
https://www.reliantverified.com
"
matt@williamsroofingofbirmingham.com,Williams Roofing of Birmingham,Birmingham,commercial roofing,Corporate Commercial Roofing leads in Birmingham,"Hey team,

I was reviewing the services for Williams Roofing of Birmingham in Birmingham.

We recently launched The Reliant Network, a closed B2B commercial directory. Right now, we are routing all the incoming corporate quote requests for commercial roofing in the Birmingham metro to a generic national fallback, because we don't have a local partner locked in yet.

We only allow one commercial roofing contractor per city. It's a flat $299/mo to lock the Birmingham territory monopoly, and you keep 100% of the leads with zero per-lead fees.

Do you want to lock the Birmingham territory before we route these to a competitor? 

Best,
Alex
Lead Architect, Reliant Verified
https://www.reliantverified.com
"
robert@brownasphaltofbirmingham.com,Brown Asphalt of Birmingham,Birmingham,commercial asphalt,Corporate Commercial Asphalt leads in Birmingham,"Hey team,

I was reviewing the services for Brown Asphalt of Birmingham in Birmingham.

We recently launched The Reliant Network, a closed B2B commercial directory. Right now, we are routing all the incoming corporate quote requests for commercial asphalt in the Birmingham metro to a generic national fallback, because we don't have a local partner locked in yet.

We only allow one commercial asphalt contractor per city. It's a flat $299/mo to lock the Birmingham territory monopoly, and you keep 100% of the leads with zero per-lead fees.

Do you want to lock the Birmingham territory before we route these to a competitor? 

Best,
Alex
Lead Architect, Reliant Verified
https://www.reliantverified.com
"
john@davistrailersofbirmingham.com,Davis Trailers of Birmingham,Birmingham,mobile office trailers,Corporate Mobile Office Trailers leads in Birmingham,"Hey team,

I was reviewing the services for Davis Trailers of Birmingham in Birmingham.

We recently launched The Reliant Network, a closed B2B commercial directory. Right now, we are routing all the incoming corporate quote requests for mobile office trailers in the Birmingham metro to a generic national fallback, because we don't have a local partner locked in yet.

We only allow one mobile office trailers contractor per city. It's a flat $299/mo to lock the Birmingham territory monopoly, and you keep 100% of the leads with zero per-lead fees.

Do you want to lock the Birmingham territory before we route these to a competitor? 

Best,
Alex
Lead Architect, Reliant Verified
https://www.reliantverified.com
"
william@smithcharterofbirmingham.com,Smith Charter of Birmingham,Birmingham,corporate jet charter,Corporate Corporate Jet Charter leads in Birmingham,"Hey team,

I was reviewing the services for Smith Charter of Birmingham in Birmingham.

We recently launched The Reliant Network, a closed B2B commercial directory. Right now, we are routing all the incoming corporate quote requests for corporate jet charter in the Birmingham metro to a generic national fallback, because we don't have a local partner locked in yet.

We only allow one corporate jet charter contractor per city. It's a flat $299/mo to lock the Birmingham territory monopoly, and you keep 100% of the leads with zero per-lead fees.

Do you want to lock the Birmingham territory before we route these to a competitor? 

Best,
Alex
Lead Architect, Reliant Verified
https://www.reliantverified.com
"
matt@martinezroofingofanchorage.com,Martinez Roofing of Anchorage,Anchorage,commercial roofing,Corporate Commercial Roofing leads in Anchorage,"Hey team,

I was reviewing the services for Martinez Roofing of Anchorage in Anchorage.

We recently launched The Reliant Network, a closed B2B commercial directory. Right now, we are routing all the incoming corporate quote requests for commercial roofing in the Anchorage metro to a generic national fallback, because we don't have a local partner locked in yet.

We only allow one commercial roofing contractor per city. It's a flat $299/mo to lock the Anchorage territory monopoly, and you keep 100% of the leads with zero per-lead fees.

Do you want to lock the Anchorage territory before we route these to a competitor? 

Best,
Alex
Lead Architect, Reliant Verified
https://www.reliantverified.com
"
richard@martinezasphaltofanchorage.com,Martinez Asphalt of Anchorage,Anchorage,commercial asphalt,Corporate Commercial Asphalt leads in Anchorage,"Hey team,

I was reviewing the services for Martinez Asphalt of Anchorage in Anchorage.

We recently launched The Reliant Network, a closed B2B commercial directory. Right now, we are routing all the incoming corporate quote requests for commercial asphalt in the Anchorage metro to a generic national fallback, because we don't have a local partner locked in yet.

We only allow one commercial asphalt contractor per city. It's a flat $299/mo to lock the Anchorage territory monopoly, and you keep 100% of the leads with zero per-lead fees.

Do you want to lock the Anchorage territory before we route these to a competitor? 

Best,
Alex
Lead Architect, Reliant Verified
https://www.reliantverified.com
"
ashley@garciatrailersofanchorage.com,Garcia Trailers of Anchorage,Anchorage,mobile office trailers,Corporate Mobile Office Trailers leads in Anchorage,"Hey team,

I was reviewing the services for Garcia Trailers of Anchorage in Anchorage.

We recently launched The Reliant Network, a closed B2B commercial directory. Right now, we are routing all the incoming corporate quote requests for mobile office trailers in the Anchorage metro to a generic national fallback, because we don't have a local partner locked in yet.

We only allow one mobile office trailers contractor per city. It's a flat $299/mo to lock the Anchorage territory monopoly, and you keep 100% of the leads with zero per-lead fees.

Do you want to lock the Anchorage territory before we route these to a competitor? 

Best,
Alex
Lead Architect, Reliant Verified
https://www.reliantverified.com
"
john@millercharterofanchorage.com,Miller Charter of Anchorage,Anchorage,corporate jet charter,Corporate Corporate Jet Charter leads in Anchorage,"Hey team,

I was reviewing the services for Miller Charter of Anchorage in Anchorage.

We recently launched The Reliant Network, a closed B2B commercial directory. Right now, we are routing all the incoming corporate quote requests for corporate jet charter in the Anchorage metro to a generic national fallback, because we don't have a local partner locked in yet.

We only allow one corporate jet charter contractor per city. It's a flat $299/mo to lock the Anchorage territory monopoly, and you keep 100% of the leads with zero per-lead fees.

Do you want to lock the Anchorage territory before we route these to a competitor? 

Best,
Alex
Lead Architect, Reliant Verified
https://www.reliantverified.com
"
matt@rodriguezroofingoflittlerock.com,Rodriguez Roofing of Little Rock,Little Rock,commercial roofing,Corporate Commercial Roofing leads in Little Rock,"Hey team,

I was reviewing the services for Rodriguez Roofing of Little Rock in Little Rock.

We recently launched The Reliant Network, a closed B2B commercial directory. Right now, we are routing all the incoming corporate quote requests for commercial roofing in the Little Rock metro to a generic national fallback, because we don't have a local partner locked in yet.

We only allow one commercial roofing contractor per city. It's a flat $299/mo to lock the Little Rock territory monopoly, and you keep 100% of the leads with zero per-lead fees.

Do you want to lock the Little Rock territory before we route these to a competitor? 

Best,
Alex
Lead Architect, Reliant Verified
https://www.reliantverified.com
"
ashley@millerasphaltoflittlerock.com,Miller Asphalt of Little Rock,Little Rock,commercial asphalt,Corporate Commercial Asphalt leads in Little Rock,"Hey team,

I was reviewing the services for Miller Asphalt of Little Rock in Little Rock.

We recently launched The Reliant Network, a closed B2B commercial directory. Right now, we are routing all the incoming corporate quote requests for commercial asphalt in the Little Rock metro to a generic national fallback, because we don't have a local partner locked in yet.

We only allow one commercial asphalt contractor per city. It's a flat $299/mo to lock the Little Rock territory monopoly, and you keep 100% of the leads with zero per-lead fees.

Do you want to lock the Little Rock territory before we route these to a competitor? 

Best,
Alex
Lead Architect, Reliant Verified
https://www.reliantverified.com
"
jessica@browntrailersoflittlerock.com,Brown Trailers of Little Rock,Little Rock,mobile office trailers,Corporate Mobile Office Trailers leads in Little Rock,"Hey team,

I was reviewing the services for Brown Trailers of Little Rock in Little Rock.

We recently launched The Reliant Network, a closed B2B commercial directory. Right now, we are routing all the incoming corporate quote requests for mobile office trailers in the Little Rock metro to a generic national fallback, because we don't have a local partner locked in yet.

We only allow one mobile office trailers contractor per city. It's a flat $299/mo to lock the Little Rock territory monopoly, and you keep 100% of the leads with zero per-lead fees.

Do you want to lock the Little Rock territory before we route these to a competitor? 

Best,
Alex
Lead Architect, Reliant Verified
https://www.reliantverified.com
"
james@johnsoncharteroflittlerock.com,Johnson Charter of Little Rock,Little Rock,corporate jet charter,Corporate Corporate Jet Charter leads in Little Rock,"Hey team,

I was reviewing the services for Johnson Charter of Little Rock in Little Rock.

We recently launched The Reliant Network, a closed B2B commercial directory. Right now, we are routing all the incoming corporate quote requests for corporate jet charter in the Little Rock metro to a generic national fallback, because we don't have a local partner locked in yet.

We only allow one corporate jet charter contractor per city. It's a flat $299/mo to lock the Little Rock territory monopoly, and you keep 100% of the leads with zero per-lead fees.

Do you want to lock the Little Rock territory before we route these to a competitor? 

Best,
Alex
Lead Architect, Reliant Verified
https://www.reliantverified.com
"
chris@rodriguezroofingofhartford.com,Rodriguez Roofing of Hartford,Hartford,commercial roofing,Corporate Commercial Roofing leads in Hartford,"Hey team,

I was reviewing the services for Rodriguez Roofing of Hartford in Hartford.

We recently launched The Reliant Network, a closed B2B commercial directory. Right now, we are routing all the incoming corporate quote requests for commercial roofing in the Hartford metro to a generic national fallback, because we don't have a local partner locked in yet.

We only allow one commercial roofing contractor per city. It's a flat $299/mo to lock the Hartford territory monopoly, and you keep 100% of the leads with zero per-lead fees.

Do you want to lock the Hartford territory before we route these to a competitor? 

Best,
Alex
Lead Architect, Reliant Verified
https://www.reliantverified.com
"
matt@brownasphaltofhartford.com,Brown Asphalt of Hartford,Hartford,commercial asphalt,Corporate Commercial Asphalt leads in Hartford,"Hey team,

I was reviewing the services for Brown Asphalt of Hartford in Hartford.

We recently launched The Reliant Network, a closed B2B commercial directory. Right now, we are routing all the incoming corporate quote requests for commercial asphalt in the Hartford metro to a generic national fallback, because we don't have a local partner locked in yet.

We only allow one commercial asphalt contractor per city. It's a flat $299/mo to lock the Hartford territory monopoly, and you keep 100% of the leads with zero per-lead fees.

Do you want to lock the Hartford territory before we route these to a competitor? 

Best,
Alex
Lead Architect, Reliant Verified
https://www.reliantverified.com
"
michael@williamstrailersofhartford.com,Williams Trailers of Hartford,Hartford,mobile office trailers,Corporate Mobile Office Trailers leads in Hartford,"Hey team,

I was reviewing the services for Williams Trailers of Hartford in Hartford.

We recently launched The Reliant Network, a closed B2B commercial directory. Right now, we are routing all the incoming corporate quote requests for mobile office trailers in the Hartford metro to a generic national fallback, because we don't have a local partner locked in yet.

We only allow one mobile office trailers contractor per city. It's a flat $299/mo to lock the Hartford territory monopoly, and you keep 100% of the leads with zero per-lead fees.

Do you want to lock the Hartford territory before we route these to a competitor? 

Best,
Alex
Lead Architect, Reliant Verified
https://www.reliantverified.com
"
chris@davischarterofhartford.com,Davis Charter of Hartford,Hartford,corporate jet charter,Corporate Corporate Jet Charter leads in Hartford,"Hey team,

I was reviewing the services for Davis Charter of Hartford in Hartford.

We recently launched The Reliant Network, a closed B2B commercial directory. Right now, we are routing all the incoming corporate quote requests for corporate jet charter in the Hartford metro to a generic national fallback, because we don't have a local partner locked in yet.

We only allow one corporate jet charter contractor per city. It's a flat $299/mo to lock the Hartford territory monopoly, and you keep 100% of the leads with zero per-lead fees.

Do you want to lock the Hartford territory before we route these to a competitor? 

Best,
Alex
Lead Architect, Reliant Verified
https://www.reliantverified.com
"
william@johnsonroofingofwilmington.com,Johnson Roofing of Wilmington,Wilmington,commercial roofing,Corporate Commercial Roofing leads in Wilmington,"Hey team,

I was reviewing the services for Johnson Roofing of Wilmington in Wilmington.

We recently launched The Reliant Network, a closed B2B commercial directory. Right now, we are routing all the incoming corporate quote requests for commercial roofing in the Wilmington metro to a generic national fallback, because we don't have a local partner locked in yet.

We only allow one commercial roofing contractor per city. It's a flat $299/mo to lock the Wilmington territory monopoly, and you keep 100% of the leads with zero per-lead fees.

Do you want to lock the Wilmington territory before we route these to a competitor? 

Best,
Alex
Lead Architect, Reliant Verified
https://www.reliantverified.com
"
sarah@smithasphaltofwilmington.com,Smith Asphalt of Wilmington,Wilmington,commercial asphalt,Corporate Commercial Asphalt leads in Wilmington,"Hey team,

I was reviewing the services for Smith Asphalt of Wilmington in Wilmington.

We recently launched The Reliant Network, a closed B2B commercial directory. Right now, we are routing all the incoming corporate quote requests for commercial asphalt in the Wilmington metro to a generic national fallback, because we don't have a local partner locked in yet.

We only allow one commercial asphalt contractor per city. It's a flat $299/mo to lock the Wilmington territory monopoly, and you keep 100% of the leads with zero per-lead fees.

Do you want to lock the Wilmington territory before we route these to a competitor? 

Best,
Alex
Lead Architect, Reliant Verified
https://www.reliantverified.com
"
sarah@martineztrailersofwilmington.com,Martinez Trailers of Wilmington,Wilmington,mobile office trailers,Corporate Mobile Office Trailers leads in Wilmington,"Hey team,

I was reviewing the services for Martinez Trailers of Wilmington in Wilmington.

We recently launched The Reliant Network, a closed B2B commercial directory. Right now, we are routing all the incoming corporate quote requests for mobile office trailers in the Wilmington metro to a generic national fallback, because we don't have a local partner locked in yet.

We only allow one mobile office trailers contractor per city. It's a flat $299/mo to lock the Wilmington territory monopoly, and you keep 100% of the leads with zero per-lead fees.

Do you want to lock the Wilmington territory before we route these to a competitor? 

Best,
Alex
Lead Architect, Reliant Verified
https://www.reliantverified.com
"
john@williamscharterofwilmington.com,Williams Charter of Wilmington,Wilmington,corporate jet charter,Corporate Corporate Jet Charter leads in Wilmington,"Hey team,

I was reviewing the services for Williams Charter of Wilmington in Wilmington.

We recently launched The Reliant Network, a closed B2B commercial directory. Right now, we are routing all the incoming corporate quote requests for corporate jet charter in the Wilmington metro to a generic national fallback, because we don't have a local partner locked in yet.

We only allow one corporate jet charter contractor per city. It's a flat $299/mo to lock the Wilmington territory monopoly, and you keep 100% of the leads with zero per-lead fees.

Do you want to lock the Wilmington territory before we route these to a competitor? 

Best,
Alex
Lead Architect, Reliant Verified
https://www.reliantverified.com
"
jessica@williamsroofingofhonolulu.com,Williams Roofing of Honolulu,Honolulu,commercial roofing,Corporate Commercial Roofing leads in Honolulu,"Hey team,

I was reviewing the services for Williams Roofing of Honolulu in Honolulu.

We recently launched The Reliant Network, a closed B2B commercial directory. Right now, we are routing all the incoming corporate quote requests for commercial roofing in the Honolulu metro to a generic national fallback, because we don't have a local partner locked in yet.

We only allow one commercial roofing contractor per city. It's a flat $299/mo to lock the Honolulu territory monopoly, and you keep 100% of the leads with zero per-lead fees.

Do you want to lock the Honolulu territory before we route these to a competitor? 

Best,
Alex
Lead Architect, Reliant Verified
https://www.reliantverified.com
"
thomas@garciaasphaltofhonolulu.com,Garcia Asphalt of Honolulu,Honolulu,commercial asphalt,Corporate Commercial Asphalt leads in Honolulu,"Hey team,

I was reviewing the services for Garcia Asphalt of Honolulu in Honolulu.

We recently launched The Reliant Network, a closed B2B commercial directory. Right now, we are routing all the incoming corporate quote requests for commercial asphalt in the Honolulu metro to a generic national fallback, because we don't have a local partner locked in yet.

We only allow one commercial asphalt contractor per city. It's a flat $299/mo to lock the Honolulu territory monopoly, and you keep 100% of the leads with zero per-lead fees.

Do you want to lock the Honolulu territory before we route these to a competitor? 

Best,
Alex
Lead Architect, Reliant Verified
https://www.reliantverified.com
"
jessica@williamstrailersofhonolulu.com,Williams Trailers of Honolulu,Honolulu,mobile office trailers,Corporate Mobile Office Trailers leads in Honolulu,"Hey team,

I was reviewing the services for Williams Trailers of Honolulu in Honolulu.

We recently launched The Reliant Network, a closed B2B commercial directory. Right now, we are routing all the incoming corporate quote requests for mobile office trailers in the Honolulu metro to a generic national fallback, because we don't have a local partner locked in yet.

We only allow one mobile office trailers contractor per city. It's a flat $299/mo to lock the Honolulu territory monopoly, and you keep 100% of the leads with zero per-lead fees.

Do you want to lock the Honolulu territory before we route these to a competitor? 

Best,
Alex
Lead Architect, Reliant Verified
https://www.reliantverified.com
"
robert@davischarterofhonolulu.com,Davis Charter of Honolulu,Honolulu,corporate jet charter,Corporate Corporate Jet Charter leads in Honolulu,"Hey team,

I was reviewing the services for Davis Charter of Honolulu in Honolulu.

We recently launched The Reliant Network, a closed B2B commercial directory. Right now, we are routing all the incoming corporate quote requests for corporate jet charter in the Honolulu metro to a generic national fallback, because we don't have a local partner locked in yet.

We only allow one corporate jet charter contractor per city. It's a flat $299/mo to lock the Honolulu territory monopoly, and you keep 100% of the leads with zero per-lead fees.

Do you want to lock the Honolulu territory before we route these to a competitor? 

Best,
Alex
Lead Architect, Reliant Verified
https://www.reliantverified.com
"
chris@rodriguezroofingofboise.com,Rodriguez Roofing of Boise,Boise,commercial roofing,Corporate Commercial Roofing leads in Boise,"Hey team,

I was reviewing the services for Rodriguez Roofing of Boise in Boise.

We recently launched The Reliant Network, a closed B2B commercial directory. Right now, we are routing all the incoming corporate quote requests for commercial roofing in the Boise metro to a generic national fallback, because we don't have a local partner locked in yet.

We only allow one commercial roofing contractor per city. It's a flat $299/mo to lock the Boise territory monopoly, and you keep 100% of the leads with zero per-lead fees.

Do you want to lock the Boise territory before we route these to a competitor? 

Best,
Alex
Lead Architect, Reliant Verified
https://www.reliantverified.com
"
richard@smithasphaltofboise.com,Smith Asphalt of Boise,Boise,commercial asphalt,Corporate Commercial Asphalt leads in Boise,"Hey team,

I was reviewing the services for Smith Asphalt of Boise in Boise.

We recently launched The Reliant Network, a closed B2B commercial directory. Right now, we are routing all the incoming corporate quote requests for commercial asphalt in the Boise metro to a generic national fallback, because we don't have a local partner locked in yet.

We only allow one commercial asphalt contractor per city. It's a flat $299/mo to lock the Boise territory monopoly, and you keep 100% of the leads with zero per-lead fees.

Do you want to lock the Boise territory before we route these to a competitor? 

Best,
Alex
Lead Architect, Reliant Verified
https://www.reliantverified.com
"
chris@smithtrailersofboise.com,Smith Trailers of Boise,Boise,mobile office trailers,Corporate Mobile Office Trailers leads in Boise,"Hey team,

I was reviewing the services for Smith Trailers of Boise in Boise.

We recently launched The Reliant Network, a closed B2B commercial directory. Right now, we are routing all the incoming corporate quote requests for mobile office trailers in the Boise metro to a generic national fallback, because we don't have a local partner locked in yet.

We only allow one mobile office trailers contractor per city. It's a flat $299/mo to lock the Boise territory monopoly, and you keep 100% of the leads with zero per-lead fees.

Do you want to lock the Boise territory before we route these to a competitor? 

Best,
Alex
Lead Architect, Reliant Verified
https://www.reliantverified.com
"
michael@williamscharterofboise.com,Williams Charter of Boise,Boise,corporate jet charter,Corporate Corporate Jet Charter leads in Boise,"Hey team,

I was reviewing the services for Williams Charter of Boise in Boise.

We recently launched The Reliant Network, a closed B2B commercial directory. Right now, we are routing all the incoming corporate quote requests for corporate jet charter in the Boise metro to a generic national fallback, because we don't have a local partner locked in yet.

We only allow one corporate jet charter contractor per city. It's a flat $299/mo to lock the Boise territory monopoly, and you keep 100% of the leads with zero per-lead fees.

Do you want to lock the Boise territory before we route these to a competitor? 

Best,
Alex
Lead Architect, Reliant Verified
https://www.reliantverified.com
"
richard@williamsroofingofdesmoines.com,Williams Roofing of Des Moines,Des Moines,commercial roofing,Corporate Commercial Roofing leads in Des Moines,"Hey team,

I was reviewing the services for Williams Roofing of Des Moines in Des Moines.

We recently launched The Reliant Network, a closed B2B commercial directory. Right now, we are routing all the incoming corporate quote requests for commercial roofing in the Des Moines metro to a generic national fallback, because we don't have a local partner locked in yet.

We only allow one commercial roofing contractor per city. It's a flat $299/mo to lock the Des Moines territory monopoly, and you keep 100% of the leads with zero per-lead fees.

Do you want to lock the Des Moines territory before we route these to a competitor? 

Best,
Alex
Lead Architect, Reliant Verified
https://www.reliantverified.com
"
david@brownasphaltofdesmoines.com,Brown Asphalt of Des Moines,Des Moines,commercial asphalt,Corporate Commercial Asphalt leads in Des Moines,"Hey team,

I was reviewing the services for Brown Asphalt of Des Moines in Des Moines.

We recently launched The Reliant Network, a closed B2B commercial directory. Right now, we are routing all the incoming corporate quote requests for commercial asphalt in the Des Moines metro to a generic national fallback, because we don't have a local partner locked in yet.

We only allow one commercial asphalt contractor per city. It's a flat $299/mo to lock the Des Moines territory monopoly, and you keep 100% of the leads with zero per-lead fees.

Do you want to lock the Des Moines territory before we route these to a competitor? 

Best,
Alex
Lead Architect, Reliant Verified
https://www.reliantverified.com
"
alex@garciatrailersofdesmoines.com,Garcia Trailers of Des Moines,Des Moines,mobile office trailers,Corporate Mobile Office Trailers leads in Des Moines,"Hey team,

I was reviewing the services for Garcia Trailers of Des Moines in Des Moines.

We recently launched The Reliant Network, a closed B2B commercial directory. Right now, we are routing all the incoming corporate quote requests for mobile office trailers in the Des Moines metro to a generic national fallback, because we don't have a local partner locked in yet.

We only allow one mobile office trailers contractor per city. It's a flat $299/mo to lock the Des Moines territory monopoly, and you keep 100% of the leads with zero per-lead fees.

Do you want to lock the Des Moines territory before we route these to a competitor? 

Best,
Alex
Lead Architect, Reliant Verified
https://www.reliantverified.com
"
john@rodriguezcharterofdesmoines.com,Rodriguez Charter of Des Moines,Des Moines,corporate jet charter,Corporate Corporate Jet Charter leads in Des Moines,"Hey team,

I was reviewing the services for Rodriguez Charter of Des Moines in Des Moines.

We recently launched The Reliant Network, a closed B2B commercial directory. Right now, we are routing all the incoming corporate quote requests for corporate jet charter in the Des Moines metro to a generic national fallback, because we don't have a local partner locked in yet.

We only allow one corporate jet charter contractor per city. It's a flat $299/mo to lock the Des Moines territory monopoly, and you keep 100% of the leads with zero per-lead fees.

Do you want to lock the Des Moines territory before we route these to a competitor? 

Best,
Alex
Lead Architect, Reliant Verified
https://www.reliantverified.com
"
richard@jonesroofingofwichita.com,Jones Roofing of Wichita,Wichita,commercial roofing,Corporate Commercial Roofing leads in Wichita,"Hey team,

I was reviewing the services for Jones Roofing of Wichita in Wichita.

We recently launched The Reliant Network, a closed B2B commercial directory. Right now, we are routing all the incoming corporate quote requests for commercial roofing in the Wichita metro to a generic national fallback, because we don't have a local partner locked in yet.

We only allow one commercial roofing contractor per city. It's a flat $299/mo to lock the Wichita territory monopoly, and you keep 100% of the leads with zero per-lead fees.

Do you want to lock the Wichita territory before we route these to a competitor? 

Best,
Alex
Lead Architect, Reliant Verified
https://www.reliantverified.com
"
richard@smithasphaltofwichita.com,Smith Asphalt of Wichita,Wichita,commercial asphalt,Corporate Commercial Asphalt leads in Wichita,"Hey team,

I was reviewing the services for Smith Asphalt of Wichita in Wichita.

We recently launched The Reliant Network, a closed B2B commercial directory. Right now, we are routing all the incoming corporate quote requests for commercial asphalt in the Wichita metro to a generic national fallback, because we don't have a local partner locked in yet.

We only allow one commercial asphalt contractor per city. It's a flat $299/mo to lock the Wichita territory monopoly, and you keep 100% of the leads with zero per-lead fees.

Do you want to lock the Wichita territory before we route these to a competitor? 

Best,
Alex
Lead Architect, Reliant Verified
https://www.reliantverified.com
"
sarah@smithtrailersofwichita.com,Smith Trailers of Wichita,Wichita,mobile office trailers,Corporate Mobile Office Trailers leads in Wichita,"Hey team,

I was reviewing the services for Smith Trailers of Wichita in Wichita.

We recently launched The Reliant Network, a closed B2B commercial directory. Right now, we are routing all the incoming corporate quote requests for mobile office trailers in the Wichita metro to a generic national fallback, because we don't have a local partner locked in yet.

We only allow one mobile office trailers contractor per city. It's a flat $299/mo to lock the Wichita territory monopoly, and you keep 100% of the leads with zero per-lead fees.

Do you want to lock the Wichita territory before we route these to a competitor? 

Best,
Alex
Lead Architect, Reliant Verified
https://www.reliantverified.com
"
matt@smithcharterofwichita.com,Smith Charter of Wichita,Wichita,corporate jet charter,Corporate Corporate Jet Charter leads in Wichita,"Hey team,

I was reviewing the services for Smith Charter of Wichita in Wichita.

We recently launched The Reliant Network, a closed B2B commercial directory. Right now, we are routing all the incoming corporate quote requests for corporate jet charter in the Wichita metro to a generic national fallback, because we don't have a local partner locked in yet.

We only allow one corporate jet charter contractor per city. It's a flat $299/mo to lock the Wichita territory monopoly, and you keep 100% of the leads with zero per-lead fees.

Do you want to lock the Wichita territory before we route these to a competitor? 

Best,
Alex
Lead Architect, Reliant Verified
https://www.reliantverified.com
"
david@johnsonroofingofportland.com,Johnson Roofing of Portland,Portland,commercial roofing,Corporate Commercial Roofing leads in Portland,"Hey team,

I was reviewing the services for Johnson Roofing of Portland in Portland.

We recently launched The Reliant Network, a closed B2B commercial directory. Right now, we are routing all the incoming corporate quote requests for commercial roofing in the Portland metro to a generic national fallback, because we don't have a local partner locked in yet.

We only allow one commercial roofing contractor per city. It's a flat $299/mo to lock the Portland territory monopoly, and you keep 100% of the leads with zero per-lead fees.

Do you want to lock the Portland territory before we route these to a competitor? 

Best,
Alex
Lead Architect, Reliant Verified
https://www.reliantverified.com
"
michael@millerasphaltofportland.com,Miller Asphalt of Portland,Portland,commercial asphalt,Corporate Commercial Asphalt leads in Portland,"Hey team,

I was reviewing the services for Miller Asphalt of Portland in Portland.

We recently launched The Reliant Network, a closed B2B commercial directory. Right now, we are routing all the incoming corporate quote requests for commercial asphalt in the Portland metro to a generic national fallback, because we don't have a local partner locked in yet.

We only allow one commercial asphalt contractor per city. It's a flat $299/mo to lock the Portland territory monopoly, and you keep 100% of the leads with zero per-lead fees.

Do you want to lock the Portland territory before we route these to a competitor? 

Best,
Alex
Lead Architect, Reliant Verified
https://www.reliantverified.com
"
james@williamstrailersofportland.com,Williams Trailers of Portland,Portland,mobile office trailers,Corporate Mobile Office Trailers leads in Portland,"Hey team,

I was reviewing the services for Williams Trailers of Portland in Portland.

We recently launched The Reliant Network, a closed B2B commercial directory. Right now, we are routing all the incoming corporate quote requests for mobile office trailers in the Portland metro to a generic national fallback, because we don't have a local partner locked in yet.

We only allow one mobile office trailers contractor per city. It's a flat $299/mo to lock the Portland territory monopoly, and you keep 100% of the leads with zero per-lead fees.

Do you want to lock the Portland territory before we route these to a competitor? 

Best,
Alex
Lead Architect, Reliant Verified
https://www.reliantverified.com
"
sarah@williamscharterofportland.com,Williams Charter of Portland,Portland,corporate jet charter,Corporate Corporate Jet Charter leads in Portland,"Hey team,

I was reviewing the services for Williams Charter of Portland in Portland.

We recently launched The Reliant Network, a closed B2B commercial directory. Right now, we are routing all the incoming corporate quote requests for corporate jet charter in the Portland metro to a generic national fallback, because we don't have a local partner locked in yet.

We only allow one corporate jet charter contractor per city. It's a flat $299/mo to lock the Portland territory monopoly, and you keep 100% of the leads with zero per-lead fees.

Do you want to lock the Portland territory before we route these to a competitor? 

Best,
Alex
Lead Architect, Reliant Verified
https://www.reliantverified.com
"
chris@jonesroofingofjackson.com,Jones Roofing of Jackson,Jackson,commercial roofing,Corporate Commercial Roofing leads in Jackson,"Hey team,

I was reviewing the services for Jones Roofing of Jackson in Jackson.

We recently launched The Reliant Network, a closed B2B commercial directory. Right now, we are routing all the incoming corporate quote requests for commercial roofing in the Jackson metro to a generic national fallback, because we don't have a local partner locked in yet.

We only allow one commercial roofing contractor per city. It's a flat $299/mo to lock the Jackson territory monopoly, and you keep 100% of the leads with zero per-lead fees.

Do you want to lock the Jackson territory before we route these to a competitor? 

Best,
Alex
Lead Architect, Reliant Verified
https://www.reliantverified.com
"
william@brownasphaltofjackson.com,Brown Asphalt of Jackson,Jackson,commercial asphalt,Corporate Commercial Asphalt leads in Jackson,"Hey team,

I was reviewing the services for Brown Asphalt of Jackson in Jackson.

We recently launched The Reliant Network, a closed B2B commercial directory. Right now, we are routing all the incoming corporate quote requests for commercial asphalt in the Jackson metro to a generic national fallback, because we don't have a local partner locked in yet.

We only allow one commercial asphalt contractor per city. It's a flat $299/mo to lock the Jackson territory monopoly, and you keep 100% of the leads with zero per-lead fees.

Do you want to lock the Jackson territory before we route these to a competitor? 

Best,
Alex
Lead Architect, Reliant Verified
https://www.reliantverified.com
"
amanda@millertrailersofjackson.com,Miller Trailers of Jackson,Jackson,mobile office trailers,Corporate Mobile Office Trailers leads in Jackson,"Hey team,

I was reviewing the services for Miller Trailers of Jackson in Jackson.

We recently launched The Reliant Network, a closed B2B commercial directory. Right now, we are routing all the incoming corporate quote requests for mobile office trailers in the Jackson metro to a generic national fallback, because we don't have a local partner locked in yet.

We only allow one mobile office trailers contractor per city. It's a flat $299/mo to lock the Jackson territory monopoly, and you keep 100% of the leads with zero per-lead fees.

Do you want to lock the Jackson territory before we route these to a competitor? 

Best,
Alex
Lead Architect, Reliant Verified
https://www.reliantverified.com
"
david@jonescharterofjackson.com,Jones Charter of Jackson,Jackson,corporate jet charter,Corporate Corporate Jet Charter leads in Jackson,"Hey team,

I was reviewing the services for Jones Charter of Jackson in Jackson.

We recently launched The Reliant Network, a closed B2B commercial directory. Right now, we are routing all the incoming corporate quote requests for corporate jet charter in the Jackson metro to a generic national fallback, because we don't have a local partner locked in yet.

We only allow one corporate jet charter contractor per city. It's a flat $299/mo to lock the Jackson territory monopoly, and you keep 100% of the leads with zero per-lead fees.

Do you want to lock the Jackson territory before we route these to a competitor? 

Best,
Alex
Lead Architect, Reliant Verified
https://www.reliantverified.com
"
ashley@davisroofingofbillings.com,Davis Roofing of Billings,Billings,commercial roofing,Corporate Commercial Roofing leads in Billings,"Hey team,

I was reviewing the services for Davis Roofing of Billings in Billings.

We recently launched The Reliant Network, a closed B2B commercial directory. Right now, we are routing all the incoming corporate quote requests for commercial roofing in the Billings metro to a generic national fallback, because we don't have a local partner locked in yet.

We only allow one commercial roofing contractor per city. It's a flat $299/mo to lock the Billings territory monopoly, and you keep 100% of the leads with zero per-lead fees.

Do you want to lock the Billings territory before we route these to a competitor? 

Best,
Alex
Lead Architect, Reliant Verified
https://www.reliantverified.com
"
alex@brownasphaltofbillings.com,Brown Asphalt of Billings,Billings,commercial asphalt,Corporate Commercial Asphalt leads in Billings,"Hey team,

I was reviewing the services for Brown Asphalt of Billings in Billings.

We recently launched The Reliant Network, a closed B2B commercial directory. Right now, we are routing all the incoming corporate quote requests for commercial asphalt in the Billings metro to a generic national fallback, because we don't have a local partner locked in yet.

We only allow one commercial asphalt contractor per city. It's a flat $299/mo to lock the Billings territory monopoly, and you keep 100% of the leads with zero per-lead fees.

Do you want to lock the Billings territory before we route these to a competitor? 

Best,
Alex
Lead Architect, Reliant Verified
https://www.reliantverified.com
"
amanda@williamstrailersofbillings.com,Williams Trailers of Billings,Billings,mobile office trailers,Corporate Mobile Office Trailers leads in Billings,"Hey team,

I was reviewing the services for Williams Trailers of Billings in Billings.

We recently launched The Reliant Network, a closed B2B commercial directory. Right now, we are routing all the incoming corporate quote requests for mobile office trailers in the Billings metro to a generic national fallback, because we don't have a local partner locked in yet.

We only allow one mobile office trailers contractor per city. It's a flat $299/mo to lock the Billings territory monopoly, and you keep 100% of the leads with zero per-lead fees.

Do you want to lock the Billings territory before we route these to a competitor? 

Best,
Alex
Lead Architect, Reliant Verified
https://www.reliantverified.com
"
chris@browncharterofbillings.com,Brown Charter of Billings,Billings,corporate jet charter,Corporate Corporate Jet Charter leads in Billings,"Hey team,

I was reviewing the services for Brown Charter of Billings in Billings.

We recently launched The Reliant Network, a closed B2B commercial directory. Right now, we are routing all the incoming corporate quote requests for corporate jet charter in the Billings metro to a generic national fallback, because we don't have a local partner locked in yet.

We only allow one corporate jet charter contractor per city. It's a flat $299/mo to lock the Billings territory monopoly, and you keep 100% of the leads with zero per-lead fees.

Do you want to lock the Billings territory before we route these to a competitor? 

Best,
Alex
Lead Architect, Reliant Verified
https://www.reliantverified.com
"
jessica@smithroofingofmanchester.com,Smith Roofing of Manchester,Manchester,commercial roofing,Corporate Commercial Roofing leads in Manchester,"Hey team,

I was reviewing the services for Smith Roofing of Manchester in Manchester.

We recently launched The Reliant Network, a closed B2B commercial directory. Right now, we are routing all the incoming corporate quote requests for commercial roofing in the Manchester metro to a generic national fallback, because we don't have a local partner locked in yet.

We only allow one commercial roofing contractor per city. It's a flat $299/mo to lock the Manchester territory monopoly, and you keep 100% of the leads with zero per-lead fees.

Do you want to lock the Manchester territory before we route these to a competitor? 

Best,
Alex
Lead Architect, Reliant Verified
https://www.reliantverified.com
"
thomas@rodriguezasphaltofmanchester.com,Rodriguez Asphalt of Manchester,Manchester,commercial asphalt,Corporate Commercial Asphalt leads in Manchester,"Hey team,

I was reviewing the services for Rodriguez Asphalt of Manchester in Manchester.

We recently launched The Reliant Network, a closed B2B commercial directory. Right now, we are routing all the incoming corporate quote requests for commercial asphalt in the Manchester metro to a generic national fallback, because we don't have a local partner locked in yet.

We only allow one commercial asphalt contractor per city. It's a flat $299/mo to lock the Manchester territory monopoly, and you keep 100% of the leads with zero per-lead fees.

Do you want to lock the Manchester territory before we route these to a competitor? 

Best,
Alex
Lead Architect, Reliant Verified
https://www.reliantverified.com
"
james@browntrailersofmanchester.com,Brown Trailers of Manchester,Manchester,mobile office trailers,Corporate Mobile Office Trailers leads in Manchester,"Hey team,

I was reviewing the services for Brown Trailers of Manchester in Manchester.

We recently launched The Reliant Network, a closed B2B commercial directory. Right now, we are routing all the incoming corporate quote requests for mobile office trailers in the Manchester metro to a generic national fallback, because we don't have a local partner locked in yet.

We only allow one mobile office trailers contractor per city. It's a flat $299/mo to lock the Manchester territory monopoly, and you keep 100% of the leads with zero per-lead fees.

Do you want to lock the Manchester territory before we route these to a competitor? 

Best,
Alex
Lead Architect, Reliant Verified
https://www.reliantverified.com
"
william@smithcharterofmanchester.com,Smith Charter of Manchester,Manchester,corporate jet charter,Corporate Corporate Jet Charter leads in Manchester,"Hey team,

I was reviewing the services for Smith Charter of Manchester in Manchester.

We recently launched The Reliant Network, a closed B2B commercial directory. Right now, we are routing all the incoming corporate quote requests for corporate jet charter in the Manchester metro to a generic national fallback, because we don't have a local partner locked in yet.

We only allow one corporate jet charter contractor per city. It's a flat $299/mo to lock the Manchester territory monopoly, and you keep 100% of the leads with zero per-lead fees.

Do you want to lock the Manchester territory before we route these to a competitor? 

Best,
Alex
Lead Architect, Reliant Verified
https://www.reliantverified.com
"
ashley@rodriguezroofingofnewark.com,Rodriguez Roofing of Newark,Newark,commercial roofing,Corporate Commercial Roofing leads in Newark,"Hey team,

I was reviewing the services for Rodriguez Roofing of Newark in Newark.

We recently launched The Reliant Network, a closed B2B commercial directory. Right now, we are routing all the incoming corporate quote requests for commercial roofing in the Newark metro to a generic national fallback, because we don't have a local partner locked in yet.

We only allow one commercial roofing contractor per city. It's a flat $299/mo to lock the Newark territory monopoly, and you keep 100% of the leads with zero per-lead fees.

Do you want to lock the Newark territory before we route these to a competitor? 

Best,
Alex
Lead Architect, Reliant Verified
https://www.reliantverified.com
"
alex@brownasphaltofnewark.com,Brown Asphalt of Newark,Newark,commercial asphalt,Corporate Commercial Asphalt leads in Newark,"Hey team,

I was reviewing the services for Brown Asphalt of Newark in Newark.

We recently launched The Reliant Network, a closed B2B commercial directory. Right now, we are routing all the incoming corporate quote requests for commercial asphalt in the Newark metro to a generic national fallback, because we don't have a local partner locked in yet.

We only allow one commercial asphalt contractor per city. It's a flat $299/mo to lock the Newark territory monopoly, and you keep 100% of the leads with zero per-lead fees.

Do you want to lock the Newark territory before we route these to a competitor? 

Best,
Alex
Lead Architect, Reliant Verified
https://www.reliantverified.com
"
richard@smithtrailersofnewark.com,Smith Trailers of Newark,Newark,mobile office trailers,Corporate Mobile Office Trailers leads in Newark,"Hey team,

I was reviewing the services for Smith Trailers of Newark in Newark.

We recently launched The Reliant Network, a closed B2B commercial directory. Right now, we are routing all the incoming corporate quote requests for mobile office trailers in the Newark metro to a generic national fallback, because we don't have a local partner locked in yet.

We only allow one mobile office trailers contractor per city. It's a flat $299/mo to lock the Newark territory monopoly, and you keep 100% of the leads with zero per-lead fees.

Do you want to lock the Newark territory before we route these to a competitor? 

Best,
Alex
Lead Architect, Reliant Verified
https://www.reliantverified.com
"
robert@rodriguezcharterofnewark.com,Rodriguez Charter of Newark,Newark,corporate jet charter,Corporate Corporate Jet Charter leads in Newark,"Hey team,

I was reviewing the services for Rodriguez Charter of Newark in Newark.

We recently launched The Reliant Network, a closed B2B commercial directory. Right now, we are routing all the incoming corporate quote requests for corporate jet charter in the Newark metro to a generic national fallback, because we don't have a local partner locked in yet.

We only allow one corporate jet charter contractor per city. It's a flat $299/mo to lock the Newark territory monopoly, and you keep 100% of the leads with zero per-lead fees.

Do you want to lock the Newark territory before we route these to a competitor? 

Best,
Alex
Lead Architect, Reliant Verified
https://www.reliantverified.com
"
michael@garciaroofingoffargo.com,Garcia Roofing of Fargo,Fargo,commercial roofing,Corporate Commercial Roofing leads in Fargo,"Hey team,

I was reviewing the services for Garcia Roofing of Fargo in Fargo.

We recently launched The Reliant Network, a closed B2B commercial directory. Right now, we are routing all the incoming corporate quote requests for commercial roofing in the Fargo metro to a generic national fallback, because we don't have a local partner locked in yet.

We only allow one commercial roofing contractor per city. It's a flat $299/mo to lock the Fargo territory monopoly, and you keep 100% of the leads with zero per-lead fees.

Do you want to lock the Fargo territory before we route these to a competitor? 

Best,
Alex
Lead Architect, Reliant Verified
https://www.reliantverified.com
"
richard@jonesasphaltoffargo.com,Jones Asphalt of Fargo,Fargo,commercial asphalt,Corporate Commercial Asphalt leads in Fargo,"Hey team,

I was reviewing the services for Jones Asphalt of Fargo in Fargo.

We recently launched The Reliant Network, a closed B2B commercial directory. Right now, we are routing all the incoming corporate quote requests for commercial asphalt in the Fargo metro to a generic national fallback, because we don't have a local partner locked in yet.

We only allow one commercial asphalt contractor per city. It's a flat $299/mo to lock the Fargo territory monopoly, and you keep 100% of the leads with zero per-lead fees.

Do you want to lock the Fargo territory before we route these to a competitor? 

Best,
Alex
Lead Architect, Reliant Verified
https://www.reliantverified.com
"
robert@smithtrailersoffargo.com,Smith Trailers of Fargo,Fargo,mobile office trailers,Corporate Mobile Office Trailers leads in Fargo,"Hey team,

I was reviewing the services for Smith Trailers of Fargo in Fargo.

We recently launched The Reliant Network, a closed B2B commercial directory. Right now, we are routing all the incoming corporate quote requests for mobile office trailers in the Fargo metro to a generic national fallback, because we don't have a local partner locked in yet.

We only allow one mobile office trailers contractor per city. It's a flat $299/mo to lock the Fargo territory monopoly, and you keep 100% of the leads with zero per-lead fees.

Do you want to lock the Fargo territory before we route these to a competitor? 

Best,
Alex
Lead Architect, Reliant Verified
https://www.reliantverified.com
"
thomas@rodriguezcharteroffargo.com,Rodriguez Charter of Fargo,Fargo,corporate jet charter,Corporate Corporate Jet Charter leads in Fargo,"Hey team,

I was reviewing the services for Rodriguez Charter of Fargo in Fargo.

We recently launched The Reliant Network, a closed B2B commercial directory. Right now, we are routing all the incoming corporate quote requests for corporate jet charter in the Fargo metro to a generic national fallback, because we don't have a local partner locked in yet.

We only allow one corporate jet charter contractor per city. It's a flat $299/mo to lock the Fargo territory monopoly, and you keep 100% of the leads with zero per-lead fees.

Do you want to lock the Fargo territory before we route these to a competitor? 

Best,
Alex
Lead Architect, Reliant Verified
https://www.reliantverified.com
"
ashley@rodriguezroofingofoklahomacity.com,Rodriguez Roofing of Oklahoma City,Oklahoma City,commercial roofing,Corporate Commercial Roofing leads in Oklahoma City,"Hey team,

I was reviewing the services for Rodriguez Roofing of Oklahoma City in Oklahoma City.

We recently launched The Reliant Network, a closed B2B commercial directory. Right now, we are routing all the incoming corporate quote requests for commercial roofing in the Oklahoma City metro to a generic national fallback, because we don't have a local partner locked in yet.

We only allow one commercial roofing contractor per city. It's a flat $299/mo to lock the Oklahoma City territory monopoly, and you keep 100% of the leads with zero per-lead fees.

Do you want to lock the Oklahoma City territory before we route these to a competitor? 

Best,
Alex
Lead Architect, Reliant Verified
https://www.reliantverified.com
"
ashley@smithasphaltofoklahomacity.com,Smith Asphalt of Oklahoma City,Oklahoma City,commercial asphalt,Corporate Commercial Asphalt leads in Oklahoma City,"Hey team,

I was reviewing the services for Smith Asphalt of Oklahoma City in Oklahoma City.

We recently launched The Reliant Network, a closed B2B commercial directory. Right now, we are routing all the incoming corporate quote requests for commercial asphalt in the Oklahoma City metro to a generic national fallback, because we don't have a local partner locked in yet.

We only allow one commercial asphalt contractor per city. It's a flat $299/mo to lock the Oklahoma City territory monopoly, and you keep 100% of the leads with zero per-lead fees.

Do you want to lock the Oklahoma City territory before we route these to a competitor? 

Best,
Alex
Lead Architect, Reliant Verified
https://www.reliantverified.com
"
john@browntrailersofoklahomacity.com,Brown Trailers of Oklahoma City,Oklahoma City,mobile office trailers,Corporate Mobile Office Trailers leads in Oklahoma City,"Hey team,

I was reviewing the services for Brown Trailers of Oklahoma City in Oklahoma City.

We recently launched The Reliant Network, a closed B2B commercial directory. Right now, we are routing all the incoming corporate quote requests for mobile office trailers in the Oklahoma City metro to a generic national fallback, because we don't have a local partner locked in yet.

We only allow one mobile office trailers contractor per city. It's a flat $299/mo to lock the Oklahoma City territory monopoly, and you keep 100% of the leads with zero per-lead fees.

Do you want to lock the Oklahoma City territory before we route these to a competitor? 

Best,
Alex
Lead Architect, Reliant Verified
https://www.reliantverified.com
"
william@browncharterofoklahomacity.com,Brown Charter of Oklahoma City,Oklahoma City,corporate jet charter,Corporate Corporate Jet Charter leads in Oklahoma City,"Hey team,

I was reviewing the services for Brown Charter of Oklahoma City in Oklahoma City.

We recently launched The Reliant Network, a closed B2B commercial directory. Right now, we are routing all the incoming corporate quote requests for corporate jet charter in the Oklahoma City metro to a generic national fallback, because we don't have a local partner locked in yet.

We only allow one corporate jet charter contractor per city. It's a flat $299/mo to lock the Oklahoma City territory monopoly, and you keep 100% of the leads with zero per-lead fees.

Do you want to lock the Oklahoma City territory before we route these to a competitor? 

Best,
Alex
Lead Architect, Reliant Verified
https://www.reliantverified.com
"
john@martinezroofingofprovidence.com,Martinez Roofing of Providence,Providence,commercial roofing,Corporate Commercial Roofing leads in Providence,"Hey team,

I was reviewing the services for Martinez Roofing of Providence in Providence.

We recently launched The Reliant Network, a closed B2B commercial directory. Right now, we are routing all the incoming corporate quote requests for commercial roofing in the Providence metro to a generic national fallback, because we don't have a local partner locked in yet.

We only allow one commercial roofing contractor per city. It's a flat $299/mo to lock the Providence territory monopoly, and you keep 100% of the leads with zero per-lead fees.

Do you want to lock the Providence territory before we route these to a competitor? 

Best,
Alex
Lead Architect, Reliant Verified
https://www.reliantverified.com
"
matt@smithasphaltofprovidence.com,Smith Asphalt of Providence,Providence,commercial asphalt,Corporate Commercial Asphalt leads in Providence,"Hey team,

I was reviewing the services for Smith Asphalt of Providence in Providence.

We recently launched The Reliant Network, a closed B2B commercial directory. Right now, we are routing all the incoming corporate quote requests for commercial asphalt in the Providence metro to a generic national fallback, because we don't have a local partner locked in yet.

We only allow one commercial asphalt contractor per city. It's a flat $299/mo to lock the Providence territory monopoly, and you keep 100% of the leads with zero per-lead fees.

Do you want to lock the Providence territory before we route these to a competitor? 

Best,
Alex
Lead Architect, Reliant Verified
https://www.reliantverified.com
"
jessica@browntrailersofprovidence.com,Brown Trailers of Providence,Providence,mobile office trailers,Corporate Mobile Office Trailers leads in Providence,"Hey team,

I was reviewing the services for Brown Trailers of Providence in Providence.

We recently launched The Reliant Network, a closed B2B commercial directory. Right now, we are routing all the incoming corporate quote requests for mobile office trailers in the Providence metro to a generic national fallback, because we don't have a local partner locked in yet.

We only allow one mobile office trailers contractor per city. It's a flat $299/mo to lock the Providence territory monopoly, and you keep 100% of the leads with zero per-lead fees.

Do you want to lock the Providence territory before we route these to a competitor? 

Best,
Alex
Lead Architect, Reliant Verified
https://www.reliantverified.com
"
alex@browncharterofprovidence.com,Brown Charter of Providence,Providence,corporate jet charter,Corporate Corporate Jet Charter leads in Providence,"Hey team,

I was reviewing the services for Brown Charter of Providence in Providence.

We recently launched The Reliant Network, a closed B2B commercial directory. Right now, we are routing all the incoming corporate quote requests for corporate jet charter in the Providence metro to a generic national fallback, because we don't have a local partner locked in yet.

We only allow one corporate jet charter contractor per city. It's a flat $299/mo to lock the Providence territory monopoly, and you keep 100% of the leads with zero per-lead fees.

Do you want to lock the Providence territory before we route these to a competitor? 

Best,
Alex
Lead Architect, Reliant Verified
https://www.reliantverified.com
"
alex@davisroofingofsiouxfalls.com,Davis Roofing of Sioux Falls,Sioux Falls,commercial roofing,Corporate Commercial Roofing leads in Sioux Falls,"Hey team,

I was reviewing the services for Davis Roofing of Sioux Falls in Sioux Falls.

We recently launched The Reliant Network, a closed B2B commercial directory. Right now, we are routing all the incoming corporate quote requests for commercial roofing in the Sioux Falls metro to a generic national fallback, because we don't have a local partner locked in yet.

We only allow one commercial roofing contractor per city. It's a flat $299/mo to lock the Sioux Falls territory monopoly, and you keep 100% of the leads with zero per-lead fees.

Do you want to lock the Sioux Falls territory before we route these to a competitor? 

Best,
Alex
Lead Architect, Reliant Verified
https://www.reliantverified.com
"
amanda@millerasphaltofsiouxfalls.com,Miller Asphalt of Sioux Falls,Sioux Falls,commercial asphalt,Corporate Commercial Asphalt leads in Sioux Falls,"Hey team,

I was reviewing the services for Miller Asphalt of Sioux Falls in Sioux Falls.

We recently launched The Reliant Network, a closed B2B commercial directory. Right now, we are routing all the incoming corporate quote requests for commercial asphalt in the Sioux Falls metro to a generic national fallback, because we don't have a local partner locked in yet.

We only allow one commercial asphalt contractor per city. It's a flat $299/mo to lock the Sioux Falls territory monopoly, and you keep 100% of the leads with zero per-lead fees.

Do you want to lock the Sioux Falls territory before we route these to a competitor? 

Best,
Alex
Lead Architect, Reliant Verified
https://www.reliantverified.com
"
chris@johnsontrailersofsiouxfalls.com,Johnson Trailers of Sioux Falls,Sioux Falls,mobile office trailers,Corporate Mobile Office Trailers leads in Sioux Falls,"Hey team,

I was reviewing the services for Johnson Trailers of Sioux Falls in Sioux Falls.

We recently launched The Reliant Network, a closed B2B commercial directory. Right now, we are routing all the incoming corporate quote requests for mobile office trailers in the Sioux Falls metro to a generic national fallback, because we don't have a local partner locked in yet.

We only allow one mobile office trailers contractor per city. It's a flat $299/mo to lock the Sioux Falls territory monopoly, and you keep 100% of the leads with zero per-lead fees.

Do you want to lock the Sioux Falls territory before we route these to a competitor? 

Best,
Alex
Lead Architect, Reliant Verified
https://www.reliantverified.com
"
matt@johnsoncharterofsiouxfalls.com,Johnson Charter of Sioux Falls,Sioux Falls,corporate jet charter,Corporate Corporate Jet Charter leads in Sioux Falls,"Hey team,

I was reviewing the services for Johnson Charter of Sioux Falls in Sioux Falls.

We recently launched The Reliant Network, a closed B2B commercial directory. Right now, we are routing all the incoming corporate quote requests for corporate jet charter in the Sioux Falls metro to a generic national fallback, because we don't have a local partner locked in yet.

We only allow one corporate jet charter contractor per city. It's a flat $299/mo to lock the Sioux Falls territory monopoly, and you keep 100% of the leads with zero per-lead fees.

Do you want to lock the Sioux Falls territory before we route these to a competitor? 

Best,
Alex
Lead Architect, Reliant Verified
https://www.reliantverified.com
"
ashley@brownroofingofburlington.com,Brown Roofing of Burlington,Burlington,commercial roofing,Corporate Commercial Roofing leads in Burlington,"Hey team,

I was reviewing the services for Brown Roofing of Burlington in Burlington.

We recently launched The Reliant Network, a closed B2B commercial directory. Right now, we are routing all the incoming corporate quote requests for commercial roofing in the Burlington metro to a generic national fallback, because we don't have a local partner locked in yet.

We only allow one commercial roofing contractor per city. It's a flat $299/mo to lock the Burlington territory monopoly, and you keep 100% of the leads with zero per-lead fees.

Do you want to lock the Burlington territory before we route these to a competitor? 

Best,
Alex
Lead Architect, Reliant Verified
https://www.reliantverified.com
"
robert@millerasphaltofburlington.com,Miller Asphalt of Burlington,Burlington,commercial asphalt,Corporate Commercial Asphalt leads in Burlington,"Hey team,

I was reviewing the services for Miller Asphalt of Burlington in Burlington.

We recently launched The Reliant Network, a closed B2B commercial directory. Right now, we are routing all the incoming corporate quote requests for commercial asphalt in the Burlington metro to a generic national fallback, because we don't have a local partner locked in yet.

We only allow one commercial asphalt contractor per city. It's a flat $299/mo to lock the Burlington territory monopoly, and you keep 100% of the leads with zero per-lead fees.

Do you want to lock the Burlington territory before we route these to a competitor? 

Best,
Alex
Lead Architect, Reliant Verified
https://www.reliantverified.com
"
matt@rodrigueztrailersofburlington.com,Rodriguez Trailers of Burlington,Burlington,mobile office trailers,Corporate Mobile Office Trailers leads in Burlington,"Hey team,

I was reviewing the services for Rodriguez Trailers of Burlington in Burlington.

We recently launched The Reliant Network, a closed B2B commercial directory. Right now, we are routing all the incoming corporate quote requests for mobile office trailers in the Burlington metro to a generic national fallback, because we don't have a local partner locked in yet.

We only allow one mobile office trailers contractor per city. It's a flat $299/mo to lock the Burlington territory monopoly, and you keep 100% of the leads with zero per-lead fees.

Do you want to lock the Burlington territory before we route these to a competitor? 

Best,
Alex
Lead Architect, Reliant Verified
https://www.reliantverified.com
"
william@davischarterofburlington.com,Davis Charter of Burlington,Burlington,corporate jet charter,Corporate Corporate Jet Charter leads in Burlington,"Hey team,

I was reviewing the services for Davis Charter of Burlington in Burlington.

We recently launched The Reliant Network, a closed B2B commercial directory. Right now, we are routing all the incoming corporate quote requests for corporate jet charter in the Burlington metro to a generic national fallback, because we don't have a local partner locked in yet.

We only allow one corporate jet charter contractor per city. It's a flat $299/mo to lock the Burlington territory monopoly, and you keep 100% of the leads with zero per-lead fees.

Do you want to lock the Burlington territory before we route these to a competitor? 

Best,
Alex
Lead Architect, Reliant Verified
https://www.reliantverified.com
"
jessica@johnsonroofingofcharleston.com,Johnson Roofing of Charleston,Charleston,commercial roofing,Corporate Commercial Roofing leads in Charleston,"Hey team,

I was reviewing the services for Johnson Roofing of Charleston in Charleston.

We recently launched The Reliant Network, a closed B2B commercial directory. Right now, we are routing all the incoming corporate quote requests for commercial roofing in the Charleston metro to a generic national fallback, because we don't have a local partner locked in yet.

We only allow one commercial roofing contractor per city. It's a flat $299/mo to lock the Charleston territory monopoly, and you keep 100% of the leads with zero per-lead fees.

Do you want to lock the Charleston territory before we route these to a competitor? 

Best,
Alex
Lead Architect, Reliant Verified
https://www.reliantverified.com
"
james@martinezasphaltofcharleston.com,Martinez Asphalt of Charleston,Charleston,commercial asphalt,Corporate Commercial Asphalt leads in Charleston,"Hey team,

I was reviewing the services for Martinez Asphalt of Charleston in Charleston.

We recently launched The Reliant Network, a closed B2B commercial directory. Right now, we are routing all the incoming corporate quote requests for commercial asphalt in the Charleston metro to a generic national fallback, because we don't have a local partner locked in yet.

We only allow one commercial asphalt contractor per city. It's a flat $299/mo to lock the Charleston territory monopoly, and you keep 100% of the leads with zero per-lead fees.

Do you want to lock the Charleston territory before we route these to a competitor? 

Best,
Alex
Lead Architect, Reliant Verified
https://www.reliantverified.com
"
david@smithtrailersofcharleston.com,Smith Trailers of Charleston,Charleston,mobile office trailers,Corporate Mobile Office Trailers leads in Charleston,"Hey team,

I was reviewing the services for Smith Trailers of Charleston in Charleston.

We recently launched The Reliant Network, a closed B2B commercial directory. Right now, we are routing all the incoming corporate quote requests for mobile office trailers in the Charleston metro to a generic national fallback, because we don't have a local partner locked in yet.

We only allow one mobile office trailers contractor per city. It's a flat $299/mo to lock the Charleston territory monopoly, and you keep 100% of the leads with zero per-lead fees.

Do you want to lock the Charleston territory before we route these to a competitor? 

Best,
Alex
Lead Architect, Reliant Verified
https://www.reliantverified.com
"
michael@millercharterofcharleston.com,Miller Charter of Charleston,Charleston,corporate jet charter,Corporate Corporate Jet Charter leads in Charleston,"Hey team,

I was reviewing the services for Miller Charter of Charleston in Charleston.

We recently launched The Reliant Network, a closed B2B commercial directory. Right now, we are routing all the incoming corporate quote requests for corporate jet charter in the Charleston metro to a generic national fallback, because we don't have a local partner locked in yet.

We only allow one corporate jet charter contractor per city. It's a flat $299/mo to lock the Charleston territory monopoly, and you keep 100% of the leads with zero per-lead fees.

Do you want to lock the Charleston territory before we route these to a competitor? 

Best,
Alex
Lead Architect, Reliant Verified
https://www.reliantverified.com
"
john@davisroofingofcheyenne.com,Davis Roofing of Cheyenne,Cheyenne,commercial roofing,Corporate Commercial Roofing leads in Cheyenne,"Hey team,

I was reviewing the services for Davis Roofing of Cheyenne in Cheyenne.

We recently launched The Reliant Network, a closed B2B commercial directory. Right now, we are routing all the incoming corporate quote requests for commercial roofing in the Cheyenne metro to a generic national fallback, because we don't have a local partner locked in yet.

We only allow one commercial roofing contractor per city. It's a flat $299/mo to lock the Cheyenne territory monopoly, and you keep 100% of the leads with zero per-lead fees.

Do you want to lock the Cheyenne territory before we route these to a competitor? 

Best,
Alex
Lead Architect, Reliant Verified
https://www.reliantverified.com
"
robert@smithasphaltofcheyenne.com,Smith Asphalt of Cheyenne,Cheyenne,commercial asphalt,Corporate Commercial Asphalt leads in Cheyenne,"Hey team,

I was reviewing the services for Smith Asphalt of Cheyenne in Cheyenne.

We recently launched The Reliant Network, a closed B2B commercial directory. Right now, we are routing all the incoming corporate quote requests for commercial asphalt in the Cheyenne metro to a generic national fallback, because we don't have a local partner locked in yet.

We only allow one commercial asphalt contractor per city. It's a flat $299/mo to lock the Cheyenne territory monopoly, and you keep 100% of the leads with zero per-lead fees.

Do you want to lock the Cheyenne territory before we route these to a competitor? 

Best,
Alex
Lead Architect, Reliant Verified
https://www.reliantverified.com
"
richard@johnsontrailersofcheyenne.com,Johnson Trailers of Cheyenne,Cheyenne,mobile office trailers,Corporate Mobile Office Trailers leads in Cheyenne,"Hey team,

I was reviewing the services for Johnson Trailers of Cheyenne in Cheyenne.

We recently launched The Reliant Network, a closed B2B commercial directory. Right now, we are routing all the incoming corporate quote requests for mobile office trailers in the Cheyenne metro to a generic national fallback, because we don't have a local partner locked in yet.

We only allow one mobile office trailers contractor per city. It's a flat $299/mo to lock the Cheyenne territory monopoly, and you keep 100% of the leads with zero per-lead fees.

Do you want to lock the Cheyenne territory before we route these to a competitor? 

Best,
Alex
Lead Architect, Reliant Verified
https://www.reliantverified.com
"
jessica@martinezcharterofcheyenne.com,Martinez Charter of Cheyenne,Cheyenne,corporate jet charter,Corporate Corporate Jet Charter leads in Cheyenne,"Hey team,

I was reviewing the services for Martinez Charter of Cheyenne in Cheyenne.

We recently launched The Reliant Network, a closed B2B commercial directory. Right now, we are routing all the incoming corporate quote requests for corporate jet charter in the Cheyenne metro to a generic national fallback, because we don't have a local partner locked in yet.

We only allow one corporate jet charter contractor per city. It's a flat $299/mo to lock the Cheyenne territory monopoly, and you keep 100% of the leads with zero per-lead fees.

Do you want to lock the Cheyenne territory before we route these to a competitor? 

Best,
Alex
Lead Architect, Reliant Verified
https://www.reliantverified.com
"
thomas@garciaroofingofbuckhead.com,Garcia Roofing of Buckhead,Buckhead,commercial roofing,Corporate Commercial Roofing leads in Buckhead,"Hey team,

I was reviewing the services for Garcia Roofing of Buckhead in Buckhead.

We recently launched The Reliant Network, a closed B2B commercial directory. Right now, we are routing all the incoming corporate quote requests for commercial roofing in the Buckhead metro to a generic national fallback, because we don't have a local partner locked in yet.

We only allow one commercial roofing contractor per city. It's a flat $299/mo to lock the Buckhead territory monopoly, and you keep 100% of the leads with zero per-lead fees.

Do you want to lock the Buckhead territory before we route these to a competitor? 

Best,
Alex
Lead Architect, Reliant Verified
https://www.reliantverified.com
"
sarah@martinezasphaltofbuckhead.com,Martinez Asphalt of Buckhead,Buckhead,commercial asphalt,Corporate Commercial Asphalt leads in Buckhead,"Hey team,

I was reviewing the services for Martinez Asphalt of Buckhead in Buckhead.

We recently launched The Reliant Network, a closed B2B commercial directory. Right now, we are routing all the incoming corporate quote requests for commercial asphalt in the Buckhead metro to a generic national fallback, because we don't have a local partner locked in yet.

We only allow one commercial asphalt contractor per city. It's a flat $299/mo to lock the Buckhead territory monopoly, and you keep 100% of the leads with zero per-lead fees.

Do you want to lock the Buckhead territory before we route these to a competitor? 

Best,
Alex
Lead Architect, Reliant Verified
https://www.reliantverified.com
"
matt@martineztrailersofbuckhead.com,Martinez Trailers of Buckhead,Buckhead,mobile office trailers,Corporate Mobile Office Trailers leads in Buckhead,"Hey team,

I was reviewing the services for Martinez Trailers of Buckhead in Buckhead.

We recently launched The Reliant Network, a closed B2B commercial directory. Right now, we are routing all the incoming corporate quote requests for mobile office trailers in the Buckhead metro to a generic national fallback, because we don't have a local partner locked in yet.

We only allow one mobile office trailers contractor per city. It's a flat $299/mo to lock the Buckhead territory monopoly, and you keep 100% of the leads with zero per-lead fees.

Do you want to lock the Buckhead territory before we route these to a competitor? 

Best,
Alex
Lead Architect, Reliant Verified
https://www.reliantverified.com
"
michael@rodriguezcharterofbuckhead.com,Rodriguez Charter of Buckhead,Buckhead,corporate jet charter,Corporate Corporate Jet Charter leads in Buckhead,"Hey team,

I was reviewing the services for Rodriguez Charter of Buckhead in Buckhead.

We recently launched The Reliant Network, a closed B2B commercial directory. Right now, we are routing all the incoming corporate quote requests for corporate jet charter in the Buckhead metro to a generic national fallback, because we don't have a local partner locked in yet.

We only allow one corporate jet charter contractor per city. It's a flat $299/mo to lock the Buckhead territory monopoly, and you keep 100% of the leads with zero per-lead fees.

Do you want to lock the Buckhead territory before we route these to a competitor? 

Best,
Alex
Lead Architect, Reliant Verified
https://www.reliantverified.com
"
david@millerroofingofalpharetta.com,Miller Roofing of Alpharetta,Alpharetta,commercial roofing,Corporate Commercial Roofing leads in Alpharetta,"Hey team,

I was reviewing the services for Miller Roofing of Alpharetta in Alpharetta.

We recently launched The Reliant Network, a closed B2B commercial directory. Right now, we are routing all the incoming corporate quote requests for commercial roofing in the Alpharetta metro to a generic national fallback, because we don't have a local partner locked in yet.

We only allow one commercial roofing contractor per city. It's a flat $299/mo to lock the Alpharetta territory monopoly, and you keep 100% of the leads with zero per-lead fees.

Do you want to lock the Alpharetta territory before we route these to a competitor? 

Best,
Alex
Lead Architect, Reliant Verified
https://www.reliantverified.com
"
richard@davisasphaltofalpharetta.com,Davis Asphalt of Alpharetta,Alpharetta,commercial asphalt,Corporate Commercial Asphalt leads in Alpharetta,"Hey team,

I was reviewing the services for Davis Asphalt of Alpharetta in Alpharetta.

We recently launched The Reliant Network, a closed B2B commercial directory. Right now, we are routing all the incoming corporate quote requests for commercial asphalt in the Alpharetta metro to a generic national fallback, because we don't have a local partner locked in yet.

We only allow one commercial asphalt contractor per city. It's a flat $299/mo to lock the Alpharetta territory monopoly, and you keep 100% of the leads with zero per-lead fees.

Do you want to lock the Alpharetta territory before we route these to a competitor? 

Best,
Alex
Lead Architect, Reliant Verified
https://www.reliantverified.com
"
michael@johnsontrailersofalpharetta.com,Johnson Trailers of Alpharetta,Alpharetta,mobile office trailers,Corporate Mobile Office Trailers leads in Alpharetta,"Hey team,

I was reviewing the services for Johnson Trailers of Alpharetta in Alpharetta.

We recently launched The Reliant Network, a closed B2B commercial directory. Right now, we are routing all the incoming corporate quote requests for mobile office trailers in the Alpharetta metro to a generic national fallback, because we don't have a local partner locked in yet.

We only allow one mobile office trailers contractor per city. It's a flat $299/mo to lock the Alpharetta territory monopoly, and you keep 100% of the leads with zero per-lead fees.

Do you want to lock the Alpharetta territory before we route these to a competitor? 

Best,
Alex
Lead Architect, Reliant Verified
https://www.reliantverified.com
"
ashley@smithcharterofalpharetta.com,Smith Charter of Alpharetta,Alpharetta,corporate jet charter,Corporate Corporate Jet Charter leads in Alpharetta,"Hey team,

I was reviewing the services for Smith Charter of Alpharetta in Alpharetta.

We recently launched The Reliant Network, a closed B2B commercial directory. Right now, we are routing all the incoming corporate quote requests for corporate jet charter in the Alpharetta metro to a generic national fallback, because we don't have a local partner locked in yet.

We only allow one corporate jet charter contractor per city. It's a flat $299/mo to lock the Alpharetta territory monopoly, and you keep 100% of the leads with zero per-lead fees.

Do you want to lock the Alpharetta territory before we route these to a competitor? 

Best,
Alex
Lead Architect, Reliant Verified
https://www.reliantverified.com
"
matt@smithroofingofhighlandpark.com,Smith Roofing of Highland Park,Highland Park,commercial roofing,Corporate Commercial Roofing leads in Highland Park,"Hey team,

I was reviewing the services for Smith Roofing of Highland Park in Highland Park.

We recently launched The Reliant Network, a closed B2B commercial directory. Right now, we are routing all the incoming corporate quote requests for commercial roofing in the Highland Park metro to a generic national fallback, because we don't have a local partner locked in yet.

We only allow one commercial roofing contractor per city. It's a flat $299/mo to lock the Highland Park territory monopoly, and you keep 100% of the leads with zero per-lead fees.

Do you want to lock the Highland Park territory before we route these to a competitor? 

Best,
Alex
Lead Architect, Reliant Verified
https://www.reliantverified.com
"
william@smithasphaltofhighlandpark.com,Smith Asphalt of Highland Park,Highland Park,commercial asphalt,Corporate Commercial Asphalt leads in Highland Park,"Hey team,

I was reviewing the services for Smith Asphalt of Highland Park in Highland Park.

We recently launched The Reliant Network, a closed B2B commercial directory. Right now, we are routing all the incoming corporate quote requests for commercial asphalt in the Highland Park metro to a generic national fallback, because we don't have a local partner locked in yet.

We only allow one commercial asphalt contractor per city. It's a flat $299/mo to lock the Highland Park territory monopoly, and you keep 100% of the leads with zero per-lead fees.

Do you want to lock the Highland Park territory before we route these to a competitor? 

Best,
Alex
Lead Architect, Reliant Verified
https://www.reliantverified.com
"
john@garciatrailersofhighlandpark.com,Garcia Trailers of Highland Park,Highland Park,mobile office trailers,Corporate Mobile Office Trailers leads in Highland Park,"Hey team,

I was reviewing the services for Garcia Trailers of Highland Park in Highland Park.

We recently launched The Reliant Network, a closed B2B commercial directory. Right now, we are routing all the incoming corporate quote requests for mobile office trailers in the Highland Park metro to a generic national fallback, because we don't have a local partner locked in yet.

We only allow one mobile office trailers contractor per city. It's a flat $299/mo to lock the Highland Park territory monopoly, and you keep 100% of the leads with zero per-lead fees.

Do you want to lock the Highland Park territory before we route these to a competitor? 

Best,
Alex
Lead Architect, Reliant Verified
https://www.reliantverified.com
"
sarah@jonescharterofhighlandpark.com,Jones Charter of Highland Park,Highland Park,corporate jet charter,Corporate Corporate Jet Charter leads in Highland Park,"Hey team,

I was reviewing the services for Jones Charter of Highland Park in Highland Park.

We recently launched The Reliant Network, a closed B2B commercial directory. Right now, we are routing all the incoming corporate quote requests for corporate jet charter in the Highland Park metro to a generic national fallback, because we don't have a local partner locked in yet.

We only allow one corporate jet charter contractor per city. It's a flat $299/mo to lock the Highland Park territory monopoly, and you keep 100% of the leads with zero per-lead fees.

Do you want to lock the Highland Park territory before we route these to a competitor? 

Best,
Alex
Lead Architect, Reliant Verified
https://www.reliantverified.com
"
ashley@smithroofingofcoralgables.com,Smith Roofing of Coral Gables,Coral Gables,commercial roofing,Corporate Commercial Roofing leads in Coral Gables,"Hey team,

I was reviewing the services for Smith Roofing of Coral Gables in Coral Gables.

We recently launched The Reliant Network, a closed B2B commercial directory. Right now, we are routing all the incoming corporate quote requests for commercial roofing in the Coral Gables metro to a generic national fallback, because we don't have a local partner locked in yet.

We only allow one commercial roofing contractor per city. It's a flat $299/mo to lock the Coral Gables territory monopoly, and you keep 100% of the leads with zero per-lead fees.

Do you want to lock the Coral Gables territory before we route these to a competitor? 

Best,
Alex
Lead Architect, Reliant Verified
https://www.reliantverified.com
"
david@jonesasphaltofcoralgables.com,Jones Asphalt of Coral Gables,Coral Gables,commercial asphalt,Corporate Commercial Asphalt leads in Coral Gables,"Hey team,

I was reviewing the services for Jones Asphalt of Coral Gables in Coral Gables.

We recently launched The Reliant Network, a closed B2B commercial directory. Right now, we are routing all the incoming corporate quote requests for commercial asphalt in the Coral Gables metro to a generic national fallback, because we don't have a local partner locked in yet.

We only allow one commercial asphalt contractor per city. It's a flat $299/mo to lock the Coral Gables territory monopoly, and you keep 100% of the leads with zero per-lead fees.

Do you want to lock the Coral Gables territory before we route these to a competitor? 

Best,
Alex
Lead Architect, Reliant Verified
https://www.reliantverified.com
"
david@martineztrailersofcoralgables.com,Martinez Trailers of Coral Gables,Coral Gables,mobile office trailers,Corporate Mobile Office Trailers leads in Coral Gables,"Hey team,

I was reviewing the services for Martinez Trailers of Coral Gables in Coral Gables.

We recently launched The Reliant Network, a closed B2B commercial directory. Right now, we are routing all the incoming corporate quote requests for mobile office trailers in the Coral Gables metro to a generic national fallback, because we don't have a local partner locked in yet.

We only allow one mobile office trailers contractor per city. It's a flat $299/mo to lock the Coral Gables territory monopoly, and you keep 100% of the leads with zero per-lead fees.

Do you want to lock the Coral Gables territory before we route these to a competitor? 

Best,
Alex
Lead Architect, Reliant Verified
https://www.reliantverified.com
"
ashley@williamscharterofcoralgables.com,Williams Charter of Coral Gables,Coral Gables,corporate jet charter,Corporate Corporate Jet Charter leads in Coral Gables,"Hey team,

I was reviewing the services for Williams Charter of Coral Gables in Coral Gables.

We recently launched The Reliant Network, a closed B2B commercial directory. Right now, we are routing all the incoming corporate quote requests for corporate jet charter in the Coral Gables metro to a generic national fallback, because we don't have a local partner locked in yet.

We only allow one corporate jet charter contractor per city. It's a flat $299/mo to lock the Coral Gables territory monopoly, and you keep 100% of the leads with zero per-lead fees.

Do you want to lock the Coral Gables territory before we route these to a competitor? 

Best,
Alex
Lead Architect, Reliant Verified
https://www.reliantverified.com
"
david@johnsonroofingofmalibu.com,Johnson Roofing of Malibu,Malibu,commercial roofing,Corporate Commercial Roofing leads in Malibu,"Hey team,

I was reviewing the services for Johnson Roofing of Malibu in Malibu.

We recently launched The Reliant Network, a closed B2B commercial directory. Right now, we are routing all the incoming corporate quote requests for commercial roofing in the Malibu metro to a generic national fallback, because we don't have a local partner locked in yet.

We only allow one commercial roofing contractor per city. It's a flat $299/mo to lock the Malibu territory monopoly, and you keep 100% of the leads with zero per-lead fees.

Do you want to lock the Malibu territory before we route these to a competitor? 

Best,
Alex
Lead Architect, Reliant Verified
https://www.reliantverified.com
"
alex@brownasphaltofmalibu.com,Brown Asphalt of Malibu,Malibu,commercial asphalt,Corporate Commercial Asphalt leads in Malibu,"Hey team,

I was reviewing the services for Brown Asphalt of Malibu in Malibu.

We recently launched The Reliant Network, a closed B2B commercial directory. Right now, we are routing all the incoming corporate quote requests for commercial asphalt in the Malibu metro to a generic national fallback, because we don't have a local partner locked in yet.

We only allow one commercial asphalt contractor per city. It's a flat $299/mo to lock the Malibu territory monopoly, and you keep 100% of the leads with zero per-lead fees.

Do you want to lock the Malibu territory before we route these to a competitor? 

Best,
Alex
Lead Architect, Reliant Verified
https://www.reliantverified.com
"
thomas@browntrailersofmalibu.com,Brown Trailers of Malibu,Malibu,mobile office trailers,Corporate Mobile Office Trailers leads in Malibu,"Hey team,

I was reviewing the services for Brown Trailers of Malibu in Malibu.

We recently launched The Reliant Network, a closed B2B commercial directory. Right now, we are routing all the incoming corporate quote requests for mobile office trailers in the Malibu metro to a generic national fallback, because we don't have a local partner locked in yet.

We only allow one mobile office trailers contractor per city. It's a flat $299/mo to lock the Malibu territory monopoly, and you keep 100% of the leads with zero per-lead fees.

Do you want to lock the Malibu territory before we route these to a competitor? 

Best,
Alex
Lead Architect, Reliant Verified
https://www.reliantverified.com
"
michael@johnsoncharterofmalibu.com,Johnson Charter of Malibu,Malibu,corporate jet charter,Corporate Corporate Jet Charter leads in Malibu,"Hey team,

I was reviewing the services for Johnson Charter of Malibu in Malibu.

We recently launched The Reliant Network, a closed B2B commercial directory. Right now, we are routing all the incoming corporate quote requests for corporate jet charter in the Malibu metro to a generic national fallback, because we don't have a local partner locked in yet.

We only allow one corporate jet charter contractor per city. It's a flat $299/mo to lock the Malibu territory monopoly, and you keep 100% of the leads with zero per-lead fees.

Do you want to lock the Malibu territory before we route these to a competitor? 

Best,
Alex
Lead Architect, Reliant Verified
https://www.reliantverified.com
"
alex@garciaroofingofyountville.com,Garcia Roofing of Yountville,Yountville,commercial roofing,Corporate Commercial Roofing leads in Yountville,"Hey team,

I was reviewing the services for Garcia Roofing of Yountville in Yountville.

We recently launched The Reliant Network, a closed B2B commercial directory. Right now, we are routing all the incoming corporate quote requests for commercial roofing in the Yountville metro to a generic national fallback, because we don't have a local partner locked in yet.

We only allow one commercial roofing contractor per city. It's a flat $299/mo to lock the Yountville territory monopoly, and you keep 100% of the leads with zero per-lead fees.

Do you want to lock the Yountville territory before we route these to a competitor? 

Best,
Alex
Lead Architect, Reliant Verified
https://www.reliantverified.com
"
james@jonesasphaltofyountville.com,Jones Asphalt of Yountville,Yountville,commercial asphalt,Corporate Commercial Asphalt leads in Yountville,"Hey team,

I was reviewing the services for Jones Asphalt of Yountville in Yountville.

We recently launched The Reliant Network, a closed B2B commercial directory. Right now, we are routing all the incoming corporate quote requests for commercial asphalt in the Yountville metro to a generic national fallback, because we don't have a local partner locked in yet.

We only allow one commercial asphalt contractor per city. It's a flat $299/mo to lock the Yountville territory monopoly, and you keep 100% of the leads with zero per-lead fees.

Do you want to lock the Yountville territory before we route these to a competitor? 

Best,
Alex
Lead Architect, Reliant Verified
https://www.reliantverified.com
"
michael@davistrailersofyountville.com,Davis Trailers of Yountville,Yountville,mobile office trailers,Corporate Mobile Office Trailers leads in Yountville,"Hey team,

I was reviewing the services for Davis Trailers of Yountville in Yountville.

We recently launched The Reliant Network, a closed B2B commercial directory. Right now, we are routing all the incoming corporate quote requests for mobile office trailers in the Yountville metro to a generic national fallback, because we don't have a local partner locked in yet.

We only allow one mobile office trailers contractor per city. It's a flat $299/mo to lock the Yountville territory monopoly, and you keep 100% of the leads with zero per-lead fees.

Do you want to lock the Yountville territory before we route these to a competitor? 

Best,
Alex
Lead Architect, Reliant Verified
https://www.reliantverified.com
"
chris@rodriguezcharterofyountville.com,Rodriguez Charter of Yountville,Yountville,corporate jet charter,Corporate Corporate Jet Charter leads in Yountville,"Hey team,

I was reviewing the services for Rodriguez Charter of Yountville in Yountville.

We recently launched The Reliant Network, a closed B2B commercial directory. Right now, we are routing all the incoming corporate quote requests for corporate jet charter in the Yountville metro to a generic national fallback, because we don't have a local partner locked in yet.

We only allow one corporate jet charter contractor per city. It's a flat $299/mo to lock the Yountville territory monopoly, and you keep 100% of the leads with zero per-lead fees.

Do you want to lock the Yountville territory before we route these to a competitor? 

Best,
Alex
Lead Architect, Reliant Verified
https://www.reliantverified.com
"
michael@jonesroofingofelpaso.com,Jones Roofing of El Paso,El Paso,commercial roofing,Corporate Commercial Roofing leads in El Paso,"Hey team,

I was reviewing the services for Jones Roofing of El Paso in El Paso.

We recently launched The Reliant Network, a closed B2B commercial directory. Right now, we are routing all the incoming corporate quote requests for commercial roofing in the El Paso metro to a generic national fallback, because we don't have a local partner locked in yet.

We only allow one commercial roofing contractor per city. It's a flat $299/mo to lock the El Paso territory monopoly, and you keep 100% of the leads with zero per-lead fees.

Do you want to lock the El Paso territory before we route these to a competitor? 

Best,
Alex
Lead Architect, Reliant Verified
https://www.reliantverified.com
"
jessica@rodriguezasphaltofelpaso.com,Rodriguez Asphalt of El Paso,El Paso,commercial asphalt,Corporate Commercial Asphalt leads in El Paso,"Hey team,

I was reviewing the services for Rodriguez Asphalt of El Paso in El Paso.

We recently launched The Reliant Network, a closed B2B commercial directory. Right now, we are routing all the incoming corporate quote requests for commercial asphalt in the El Paso metro to a generic national fallback, because we don't have a local partner locked in yet.

We only allow one commercial asphalt contractor per city. It's a flat $299/mo to lock the El Paso territory monopoly, and you keep 100% of the leads with zero per-lead fees.

Do you want to lock the El Paso territory before we route these to a competitor? 

Best,
Alex
Lead Architect, Reliant Verified
https://www.reliantverified.com
"
richard@williamstrailersofelpaso.com,Williams Trailers of El Paso,El Paso,mobile office trailers,Corporate Mobile Office Trailers leads in El Paso,"Hey team,

I was reviewing the services for Williams Trailers of El Paso in El Paso.

We recently launched The Reliant Network, a closed B2B commercial directory. Right now, we are routing all the incoming corporate quote requests for mobile office trailers in the El Paso metro to a generic national fallback, because we don't have a local partner locked in yet.

We only allow one mobile office trailers contractor per city. It's a flat $299/mo to lock the El Paso territory monopoly, and you keep 100% of the leads with zero per-lead fees.

Do you want to lock the El Paso territory before we route these to a competitor? 

Best,
Alex
Lead Architect, Reliant Verified
https://www.reliantverified.com
"
matt@millercharterofelpaso.com,Miller Charter of El Paso,El Paso,corporate jet charter,Corporate Corporate Jet Charter leads in El Paso,"Hey team,

I was reviewing the services for Miller Charter of El Paso in El Paso.

We recently launched The Reliant Network, a closed B2B commercial directory. Right now, we are routing all the incoming corporate quote requests for corporate jet charter in the El Paso metro to a generic national fallback, because we don't have a local partner locked in yet.

We only allow one corporate jet charter contractor per city. It's a flat $299/mo to lock the El Paso territory monopoly, and you keep 100% of the leads with zero per-lead fees.

Do you want to lock the El Paso territory before we route these to a competitor? 

Best,
Alex
Lead Architect, Reliant Verified
https://www.reliantverified.com
"
robert@martinezroofingofmemphis.com,Martinez Roofing of Memphis,Memphis,commercial roofing,Corporate Commercial Roofing leads in Memphis,"Hey team,

I was reviewing the services for Martinez Roofing of Memphis in Memphis.

We recently launched The Reliant Network, a closed B2B commercial directory. Right now, we are routing all the incoming corporate quote requests for commercial roofing in the Memphis metro to a generic national fallback, because we don't have a local partner locked in yet.

We only allow one commercial roofing contractor per city. It's a flat $299/mo to lock the Memphis territory monopoly, and you keep 100% of the leads with zero per-lead fees.

Do you want to lock the Memphis territory before we route these to a competitor? 

Best,
Alex
Lead Architect, Reliant Verified
https://www.reliantverified.com
"
david@brownasphaltofmemphis.com,Brown Asphalt of Memphis,Memphis,commercial asphalt,Corporate Commercial Asphalt leads in Memphis,"Hey team,

I was reviewing the services for Brown Asphalt of Memphis in Memphis.

We recently launched The Reliant Network, a closed B2B commercial directory. Right now, we are routing all the incoming corporate quote requests for commercial asphalt in the Memphis metro to a generic national fallback, because we don't have a local partner locked in yet.

We only allow one commercial asphalt contractor per city. It's a flat $299/mo to lock the Memphis territory monopoly, and you keep 100% of the leads with zero per-lead fees.

Do you want to lock the Memphis territory before we route these to a competitor? 

Best,
Alex
Lead Architect, Reliant Verified
https://www.reliantverified.com
"
david@browntrailersofmemphis.com,Brown Trailers of Memphis,Memphis,mobile office trailers,Corporate Mobile Office Trailers leads in Memphis,"Hey team,

I was reviewing the services for Brown Trailers of Memphis in Memphis.

We recently launched The Reliant Network, a closed B2B commercial directory. Right now, we are routing all the incoming corporate quote requests for mobile office trailers in the Memphis metro to a generic national fallback, because we don't have a local partner locked in yet.

We only allow one mobile office trailers contractor per city. It's a flat $299/mo to lock the Memphis territory monopoly, and you keep 100% of the leads with zero per-lead fees.

Do you want to lock the Memphis territory before we route these to a competitor? 

Best,
Alex
Lead Architect, Reliant Verified
https://www.reliantverified.com
"
jessica@smithcharterofmemphis.com,Smith Charter of Memphis,Memphis,corporate jet charter,Corporate Corporate Jet Charter leads in Memphis,"Hey team,

I was reviewing the services for Smith Charter of Memphis in Memphis.

We recently launched The Reliant Network, a closed B2B commercial directory. Right now, we are routing all the incoming corporate quote requests for corporate jet charter in the Memphis metro to a generic national fallback, because we don't have a local partner locked in yet.

We only allow one corporate jet charter contractor per city. It's a flat $299/mo to lock the Memphis territory monopoly, and you keep 100% of the leads with zero per-lead fees.

Do you want to lock the Memphis territory before we route these to a competitor? 

Best,
Alex
Lead Architect, Reliant Verified
https://www.reliantverified.com
"
ashley@davisroofingoffresno.com,Davis Roofing of Fresno,Fresno,commercial roofing,Corporate Commercial Roofing leads in Fresno,"Hey team,

I was reviewing the services for Davis Roofing of Fresno in Fresno.

We recently launched The Reliant Network, a closed B2B commercial directory. Right now, we are routing all the incoming corporate quote requests for commercial roofing in the Fresno metro to a generic national fallback, because we don't have a local partner locked in yet.

We only allow one commercial roofing contractor per city. It's a flat $299/mo to lock the Fresno territory monopoly, and you keep 100% of the leads with zero per-lead fees.

Do you want to lock the Fresno territory before we route these to a competitor? 

Best,
Alex
Lead Architect, Reliant Verified
https://www.reliantverified.com
"
jessica@williamsasphaltoffresno.com,Williams Asphalt of Fresno,Fresno,commercial asphalt,Corporate Commercial Asphalt leads in Fresno,"Hey team,

I was reviewing the services for Williams Asphalt of Fresno in Fresno.

We recently launched The Reliant Network, a closed B2B commercial directory. Right now, we are routing all the incoming corporate quote requests for commercial asphalt in the Fresno metro to a generic national fallback, because we don't have a local partner locked in yet.

We only allow one commercial asphalt contractor per city. It's a flat $299/mo to lock the Fresno territory monopoly, and you keep 100% of the leads with zero per-lead fees.

Do you want to lock the Fresno territory before we route these to a competitor? 

Best,
Alex
Lead Architect, Reliant Verified
https://www.reliantverified.com
"
michael@smithtrailersoffresno.com,Smith Trailers of Fresno,Fresno,mobile office trailers,Corporate Mobile Office Trailers leads in Fresno,"Hey team,

I was reviewing the services for Smith Trailers of Fresno in Fresno.

We recently launched The Reliant Network, a closed B2B commercial directory. Right now, we are routing all the incoming corporate quote requests for mobile office trailers in the Fresno metro to a generic national fallback, because we don't have a local partner locked in yet.

We only allow one mobile office trailers contractor per city. It's a flat $299/mo to lock the Fresno territory monopoly, and you keep 100% of the leads with zero per-lead fees.

Do you want to lock the Fresno territory before we route these to a competitor? 

Best,
Alex
Lead Architect, Reliant Verified
https://www.reliantverified.com
"
thomas@johnsoncharteroffresno.com,Johnson Charter of Fresno,Fresno,corporate jet charter,Corporate Corporate Jet Charter leads in Fresno,"Hey team,

I was reviewing the services for Johnson Charter of Fresno in Fresno.

We recently launched The Reliant Network, a closed B2B commercial directory. Right now, we are routing all the incoming corporate quote requests for corporate jet charter in the Fresno metro to a generic national fallback, because we don't have a local partner locked in yet.

We only allow one corporate jet charter contractor per city. It's a flat $299/mo to lock the Fresno territory monopoly, and you keep 100% of the leads with zero per-lead fees.

Do you want to lock the Fresno territory before we route these to a competitor? 

Best,
Alex
Lead Architect, Reliant Verified
https://www.reliantverified.com
"
jessica@brownroofingofmesa.com,Brown Roofing of Mesa,Mesa,commercial roofing,Corporate Commercial Roofing leads in Mesa,"Hey team,

I was reviewing the services for Brown Roofing of Mesa in Mesa.

We recently launched The Reliant Network, a closed B2B commercial directory. Right now, we are routing all the incoming corporate quote requests for commercial roofing in the Mesa metro to a generic national fallback, because we don't have a local partner locked in yet.

We only allow one commercial roofing contractor per city. It's a flat $299/mo to lock the Mesa territory monopoly, and you keep 100% of the leads with zero per-lead fees.

Do you want to lock the Mesa territory before we route these to a competitor? 

Best,
Alex
Lead Architect, Reliant Verified
https://www.reliantverified.com
"
jessica@davisasphaltofmesa.com,Davis Asphalt of Mesa,Mesa,commercial asphalt,Corporate Commercial Asphalt leads in Mesa,"Hey team,

I was reviewing the services for Davis Asphalt of Mesa in Mesa.

We recently launched The Reliant Network, a closed B2B commercial directory. Right now, we are routing all the incoming corporate quote requests for commercial asphalt in the Mesa metro to a generic national fallback, because we don't have a local partner locked in yet.

We only allow one commercial asphalt contractor per city. It's a flat $299/mo to lock the Mesa territory monopoly, and you keep 100% of the leads with zero per-lead fees.

Do you want to lock the Mesa territory before we route these to a competitor? 

Best,
Alex
Lead Architect, Reliant Verified
https://www.reliantverified.com
"
david@garciatrailersofmesa.com,Garcia Trailers of Mesa,Mesa,mobile office trailers,Corporate Mobile Office Trailers leads in Mesa,"Hey team,

I was reviewing the services for Garcia Trailers of Mesa in Mesa.

We recently launched The Reliant Network, a closed B2B commercial directory. Right now, we are routing all the incoming corporate quote requests for mobile office trailers in the Mesa metro to a generic national fallback, because we don't have a local partner locked in yet.

We only allow one mobile office trailers contractor per city. It's a flat $299/mo to lock the Mesa territory monopoly, and you keep 100% of the leads with zero per-lead fees.

Do you want to lock the Mesa territory before we route these to a competitor? 

Best,
Alex
Lead Architect, Reliant Verified
https://www.reliantverified.com
"
michael@rodriguezcharterofmesa.com,Rodriguez Charter of Mesa,Mesa,corporate jet charter,Corporate Corporate Jet Charter leads in Mesa,"Hey team,

I was reviewing the services for Rodriguez Charter of Mesa in Mesa.

We recently launched The Reliant Network, a closed B2B commercial directory. Right now, we are routing all the incoming corporate quote requests for corporate jet charter in the Mesa metro to a generic national fallback, because we don't have a local partner locked in yet.

We only allow one corporate jet charter contractor per city. It's a flat $299/mo to lock the Mesa territory monopoly, and you keep 100% of the leads with zero per-lead fees.

Do you want to lock the Mesa territory before we route these to a competitor? 

Best,
Alex
Lead Architect, Reliant Verified
https://www.reliantverified.com
"
alex@williamsroofingoflongbeach.com,Williams Roofing of Long Beach,Long Beach,commercial roofing,Corporate Commercial Roofing leads in Long Beach,"Hey team,

I was reviewing the services for Williams Roofing of Long Beach in Long Beach.

We recently launched The Reliant Network, a closed B2B commercial directory. Right now, we are routing all the incoming corporate quote requests for commercial roofing in the Long Beach metro to a generic national fallback, because we don't have a local partner locked in yet.

We only allow one commercial roofing contractor per city. It's a flat $299/mo to lock the Long Beach territory monopoly, and you keep 100% of the leads with zero per-lead fees.

Do you want to lock the Long Beach territory before we route these to a competitor? 

Best,
Alex
Lead Architect, Reliant Verified
https://www.reliantverified.com
"
james@johnsonasphaltoflongbeach.com,Johnson Asphalt of Long Beach,Long Beach,commercial asphalt,Corporate Commercial Asphalt leads in Long Beach,"Hey team,

I was reviewing the services for Johnson Asphalt of Long Beach in Long Beach.

We recently launched The Reliant Network, a closed B2B commercial directory. Right now, we are routing all the incoming corporate quote requests for commercial asphalt in the Long Beach metro to a generic national fallback, because we don't have a local partner locked in yet.

We only allow one commercial asphalt contractor per city. It's a flat $299/mo to lock the Long Beach territory monopoly, and you keep 100% of the leads with zero per-lead fees.

Do you want to lock the Long Beach territory before we route these to a competitor? 

Best,
Alex
Lead Architect, Reliant Verified
https://www.reliantverified.com
"
michael@johnsontrailersoflongbeach.com,Johnson Trailers of Long Beach,Long Beach,mobile office trailers,Corporate Mobile Office Trailers leads in Long Beach,"Hey team,

I was reviewing the services for Johnson Trailers of Long Beach in Long Beach.

We recently launched The Reliant Network, a closed B2B commercial directory. Right now, we are routing all the incoming corporate quote requests for mobile office trailers in the Long Beach metro to a generic national fallback, because we don't have a local partner locked in yet.

We only allow one mobile office trailers contractor per city. It's a flat $299/mo to lock the Long Beach territory monopoly, and you keep 100% of the leads with zero per-lead fees.

Do you want to lock the Long Beach territory before we route these to a competitor? 

Best,
Alex
Lead Architect, Reliant Verified
https://www.reliantverified.com
"
jessica@martinezcharteroflongbeach.com,Martinez Charter of Long Beach,Long Beach,corporate jet charter,Corporate Corporate Jet Charter leads in Long Beach,"Hey team,

I was reviewing the services for Martinez Charter of Long Beach in Long Beach.

We recently launched The Reliant Network, a closed B2B commercial directory. Right now, we are routing all the incoming corporate quote requests for corporate jet charter in the Long Beach metro to a generic national fallback, because we don't have a local partner locked in yet.

We only allow one corporate jet charter contractor per city. It's a flat $299/mo to lock the Long Beach territory monopoly, and you keep 100% of the leads with zero per-lead fees.

Do you want to lock the Long Beach territory before we route these to a competitor? 

Best,
Alex
Lead Architect, Reliant Verified
https://www.reliantverified.com
"
john@jonesroofingofoakland.com,Jones Roofing of Oakland,Oakland,commercial roofing,Corporate Commercial Roofing leads in Oakland,"Hey team,

I was reviewing the services for Jones Roofing of Oakland in Oakland.

We recently launched The Reliant Network, a closed B2B commercial directory. Right now, we are routing all the incoming corporate quote requests for commercial roofing in the Oakland metro to a generic national fallback, because we don't have a local partner locked in yet.

We only allow one commercial roofing contractor per city. It's a flat $299/mo to lock the Oakland territory monopoly, and you keep 100% of the leads with zero per-lead fees.

Do you want to lock the Oakland territory before we route these to a competitor? 

Best,
Alex
Lead Architect, Reliant Verified
https://www.reliantverified.com
"
ashley@johnsonasphaltofoakland.com,Johnson Asphalt of Oakland,Oakland,commercial asphalt,Corporate Commercial Asphalt leads in Oakland,"Hey team,

I was reviewing the services for Johnson Asphalt of Oakland in Oakland.

We recently launched The Reliant Network, a closed B2B commercial directory. Right now, we are routing all the incoming corporate quote requests for commercial asphalt in the Oakland metro to a generic national fallback, because we don't have a local partner locked in yet.

We only allow one commercial asphalt contractor per city. It's a flat $299/mo to lock the Oakland territory monopoly, and you keep 100% of the leads with zero per-lead fees.

Do you want to lock the Oakland territory before we route these to a competitor? 

Best,
Alex
Lead Architect, Reliant Verified
https://www.reliantverified.com
"
william@garciatrailersofoakland.com,Garcia Trailers of Oakland,Oakland,mobile office trailers,Corporate Mobile Office Trailers leads in Oakland,"Hey team,

I was reviewing the services for Garcia Trailers of Oakland in Oakland.

We recently launched The Reliant Network, a closed B2B commercial directory. Right now, we are routing all the incoming corporate quote requests for mobile office trailers in the Oakland metro to a generic national fallback, because we don't have a local partner locked in yet.

We only allow one mobile office trailers contractor per city. It's a flat $299/mo to lock the Oakland territory monopoly, and you keep 100% of the leads with zero per-lead fees.

Do you want to lock the Oakland territory before we route these to a competitor? 

Best,
Alex
Lead Architect, Reliant Verified
https://www.reliantverified.com
"
william@jonescharterofoakland.com,Jones Charter of Oakland,Oakland,corporate jet charter,Corporate Corporate Jet Charter leads in Oakland,"Hey team,

I was reviewing the services for Jones Charter of Oakland in Oakland.

We recently launched The Reliant Network, a closed B2B commercial directory. Right now, we are routing all the incoming corporate quote requests for corporate jet charter in the Oakland metro to a generic national fallback, because we don't have a local partner locked in yet.

We only allow one corporate jet charter contractor per city. It's a flat $299/mo to lock the Oakland territory monopoly, and you keep 100% of the leads with zero per-lead fees.

Do you want to lock the Oakland territory before we route these to a competitor? 

Best,
Alex
Lead Architect, Reliant Verified
https://www.reliantverified.com
"
john@rodriguezroofingoftulsa.com,Rodriguez Roofing of Tulsa,Tulsa,commercial roofing,Corporate Commercial Roofing leads in Tulsa,"Hey team,

I was reviewing the services for Rodriguez Roofing of Tulsa in Tulsa.

We recently launched The Reliant Network, a closed B2B commercial directory. Right now, we are routing all the incoming corporate quote requests for commercial roofing in the Tulsa metro to a generic national fallback, because we don't have a local partner locked in yet.

We only allow one commercial roofing contractor per city. It's a flat $299/mo to lock the Tulsa territory monopoly, and you keep 100% of the leads with zero per-lead fees.

Do you want to lock the Tulsa territory before we route these to a competitor? 

Best,
Alex
Lead Architect, Reliant Verified
https://www.reliantverified.com
"
michael@millerasphaltoftulsa.com,Miller Asphalt of Tulsa,Tulsa,commercial asphalt,Corporate Commercial Asphalt leads in Tulsa,"Hey team,

I was reviewing the services for Miller Asphalt of Tulsa in Tulsa.

We recently launched The Reliant Network, a closed B2B commercial directory. Right now, we are routing all the incoming corporate quote requests for commercial asphalt in the Tulsa metro to a generic national fallback, because we don't have a local partner locked in yet.

We only allow one commercial asphalt contractor per city. It's a flat $299/mo to lock the Tulsa territory monopoly, and you keep 100% of the leads with zero per-lead fees.

Do you want to lock the Tulsa territory before we route these to a competitor? 

Best,
Alex
Lead Architect, Reliant Verified
https://www.reliantverified.com
"
john@johnsontrailersoftulsa.com,Johnson Trailers of Tulsa,Tulsa,mobile office trailers,Corporate Mobile Office Trailers leads in Tulsa,"Hey team,

I was reviewing the services for Johnson Trailers of Tulsa in Tulsa.

We recently launched The Reliant Network, a closed B2B commercial directory. Right now, we are routing all the incoming corporate quote requests for mobile office trailers in the Tulsa metro to a generic national fallback, because we don't have a local partner locked in yet.

We only allow one mobile office trailers contractor per city. It's a flat $299/mo to lock the Tulsa territory monopoly, and you keep 100% of the leads with zero per-lead fees.

Do you want to lock the Tulsa territory before we route these to a competitor? 

Best,
Alex
Lead Architect, Reliant Verified
https://www.reliantverified.com
"
james@williamscharteroftulsa.com,Williams Charter of Tulsa,Tulsa,corporate jet charter,Corporate Corporate Jet Charter leads in Tulsa,"Hey team,

I was reviewing the services for Williams Charter of Tulsa in Tulsa.

We recently launched The Reliant Network, a closed B2B commercial directory. Right now, we are routing all the incoming corporate quote requests for corporate jet charter in the Tulsa metro to a generic national fallback, because we don't have a local partner locked in yet.

We only allow one corporate jet charter contractor per city. It's a flat $299/mo to lock the Tulsa territory monopoly, and you keep 100% of the leads with zero per-lead fees.

Do you want to lock the Tulsa territory before we route these to a competitor? 

Best,
Alex
Lead Architect, Reliant Verified
https://www.reliantverified.com
"
james@williamsroofingofarlington.com,Williams Roofing of Arlington,Arlington,commercial roofing,Corporate Commercial Roofing leads in Arlington,"Hey team,

I was reviewing the services for Williams Roofing of Arlington in Arlington.

We recently launched The Reliant Network, a closed B2B commercial directory. Right now, we are routing all the incoming corporate quote requests for commercial roofing in the Arlington metro to a generic national fallback, because we don't have a local partner locked in yet.

We only allow one commercial roofing contractor per city. It's a flat $299/mo to lock the Arlington territory monopoly, and you keep 100% of the leads with zero per-lead fees.

Do you want to lock the Arlington territory before we route these to a competitor? 

Best,
Alex
Lead Architect, Reliant Verified
https://www.reliantverified.com
"
john@smithasphaltofarlington.com,Smith Asphalt of Arlington,Arlington,commercial asphalt,Corporate Commercial Asphalt leads in Arlington,"Hey team,

I was reviewing the services for Smith Asphalt of Arlington in Arlington.

We recently launched The Reliant Network, a closed B2B commercial directory. Right now, we are routing all the incoming corporate quote requests for commercial asphalt in the Arlington metro to a generic national fallback, because we don't have a local partner locked in yet.

We only allow one commercial asphalt contractor per city. It's a flat $299/mo to lock the Arlington territory monopoly, and you keep 100% of the leads with zero per-lead fees.

Do you want to lock the Arlington territory before we route these to a competitor? 

Best,
Alex
Lead Architect, Reliant Verified
https://www.reliantverified.com
"
amanda@garciatrailersofarlington.com,Garcia Trailers of Arlington,Arlington,mobile office trailers,Corporate Mobile Office Trailers leads in Arlington,"Hey team,

I was reviewing the services for Garcia Trailers of Arlington in Arlington.

We recently launched The Reliant Network, a closed B2B commercial directory. Right now, we are routing all the incoming corporate quote requests for mobile office trailers in the Arlington metro to a generic national fallback, because we don't have a local partner locked in yet.

We only allow one mobile office trailers contractor per city. It's a flat $299/mo to lock the Arlington territory monopoly, and you keep 100% of the leads with zero per-lead fees.

Do you want to lock the Arlington territory before we route these to a competitor? 

Best,
Alex
Lead Architect, Reliant Verified
https://www.reliantverified.com
"
david@johnsoncharterofarlington.com,Johnson Charter of Arlington,Arlington,corporate jet charter,Corporate Corporate Jet Charter leads in Arlington,"Hey team,

I was reviewing the services for Johnson Charter of Arlington in Arlington.

We recently launched The Reliant Network, a closed B2B commercial directory. Right now, we are routing all the incoming corporate quote requests for corporate jet charter in the Arlington metro to a generic national fallback, because we don't have a local partner locked in yet.

We only allow one corporate jet charter contractor per city. It's a flat $299/mo to lock the Arlington territory monopoly, and you keep 100% of the leads with zero per-lead fees.

Do you want to lock the Arlington territory before we route these to a competitor? 

Best,
Alex
Lead Architect, Reliant Verified
https://www.reliantverified.com
"
john@davisroofingofbakersfield.com,Davis Roofing of Bakersfield,Bakersfield,commercial roofing,Corporate Commercial Roofing leads in Bakersfield,"Hey team,

I was reviewing the services for Davis Roofing of Bakersfield in Bakersfield.

We recently launched The Reliant Network, a closed B2B commercial directory. Right now, we are routing all the incoming corporate quote requests for commercial roofing in the Bakersfield metro to a generic national fallback, because we don't have a local partner locked in yet.

We only allow one commercial roofing contractor per city. It's a flat $299/mo to lock the Bakersfield territory monopoly, and you keep 100% of the leads with zero per-lead fees.

Do you want to lock the Bakersfield territory before we route these to a competitor? 

Best,
Alex
Lead Architect, Reliant Verified
https://www.reliantverified.com
"
jessica@martinezasphaltofbakersfield.com,Martinez Asphalt of Bakersfield,Bakersfield,commercial asphalt,Corporate Commercial Asphalt leads in Bakersfield,"Hey team,

I was reviewing the services for Martinez Asphalt of Bakersfield in Bakersfield.

We recently launched The Reliant Network, a closed B2B commercial directory. Right now, we are routing all the incoming corporate quote requests for commercial asphalt in the Bakersfield metro to a generic national fallback, because we don't have a local partner locked in yet.

We only allow one commercial asphalt contractor per city. It's a flat $299/mo to lock the Bakersfield territory monopoly, and you keep 100% of the leads with zero per-lead fees.

Do you want to lock the Bakersfield territory before we route these to a competitor? 

Best,
Alex
Lead Architect, Reliant Verified
https://www.reliantverified.com
"
david@garciatrailersofbakersfield.com,Garcia Trailers of Bakersfield,Bakersfield,mobile office trailers,Corporate Mobile Office Trailers leads in Bakersfield,"Hey team,

I was reviewing the services for Garcia Trailers of Bakersfield in Bakersfield.

We recently launched The Reliant Network, a closed B2B commercial directory. Right now, we are routing all the incoming corporate quote requests for mobile office trailers in the Bakersfield metro to a generic national fallback, because we don't have a local partner locked in yet.

We only allow one mobile office trailers contractor per city. It's a flat $299/mo to lock the Bakersfield territory monopoly, and you keep 100% of the leads with zero per-lead fees.

Do you want to lock the Bakersfield territory before we route these to a competitor? 

Best,
Alex
Lead Architect, Reliant Verified
https://www.reliantverified.com
"
jessica@martinezcharterofbakersfield.com,Martinez Charter of Bakersfield,Bakersfield,corporate jet charter,Corporate Corporate Jet Charter leads in Bakersfield,"Hey team,

I was reviewing the services for Martinez Charter of Bakersfield in Bakersfield.

We recently launched The Reliant Network, a closed B2B commercial directory. Right now, we are routing all the incoming corporate quote requests for corporate jet charter in the Bakersfield metro to a generic national fallback, because we don't have a local partner locked in yet.

We only allow one corporate jet charter contractor per city. It's a flat $299/mo to lock the Bakersfield territory monopoly, and you keep 100% of the leads with zero per-lead fees.

Do you want to lock the Bakersfield territory before we route these to a competitor? 

Best,
Alex
Lead Architect, Reliant Verified
https://www.reliantverified.com
"
amanda@williamsroofingofaurora.com,Williams Roofing of Aurora,Aurora,commercial roofing,Corporate Commercial Roofing leads in Aurora,"Hey team,

I was reviewing the services for Williams Roofing of Aurora in Aurora.

We recently launched The Reliant Network, a closed B2B commercial directory. Right now, we are routing all the incoming corporate quote requests for commercial roofing in the Aurora metro to a generic national fallback, because we don't have a local partner locked in yet.

We only allow one commercial roofing contractor per city. It's a flat $299/mo to lock the Aurora territory monopoly, and you keep 100% of the leads with zero per-lead fees.

Do you want to lock the Aurora territory before we route these to a competitor? 

Best,
Alex
Lead Architect, Reliant Verified
https://www.reliantverified.com
"
sarah@johnsonasphaltofaurora.com,Johnson Asphalt of Aurora,Aurora,commercial asphalt,Corporate Commercial Asphalt leads in Aurora,"Hey team,

I was reviewing the services for Johnson Asphalt of Aurora in Aurora.

We recently launched The Reliant Network, a closed B2B commercial directory. Right now, we are routing all the incoming corporate quote requests for commercial asphalt in the Aurora metro to a generic national fallback, because we don't have a local partner locked in yet.

We only allow one commercial asphalt contractor per city. It's a flat $299/mo to lock the Aurora territory monopoly, and you keep 100% of the leads with zero per-lead fees.

Do you want to lock the Aurora territory before we route these to a competitor? 

Best,
Alex
Lead Architect, Reliant Verified
https://www.reliantverified.com
"
matt@millertrailersofaurora.com,Miller Trailers of Aurora,Aurora,mobile office trailers,Corporate Mobile Office Trailers leads in Aurora,"Hey team,

I was reviewing the services for Miller Trailers of Aurora in Aurora.

We recently launched The Reliant Network, a closed B2B commercial directory. Right now, we are routing all the incoming corporate quote requests for mobile office trailers in the Aurora metro to a generic national fallback, because we don't have a local partner locked in yet.

We only allow one mobile office trailers contractor per city. It's a flat $299/mo to lock the Aurora territory monopoly, and you keep 100% of the leads with zero per-lead fees.

Do you want to lock the Aurora territory before we route these to a competitor? 

Best,
Alex
Lead Architect, Reliant Verified
https://www.reliantverified.com
"
ashley@johnsoncharterofaurora.com,Johnson Charter of Aurora,Aurora,corporate jet charter,Corporate Corporate Jet Charter leads in Aurora,"Hey team,

I was reviewing the services for Johnson Charter of Aurora in Aurora.

We recently launched The Reliant Network, a closed B2B commercial directory. Right now, we are routing all the incoming corporate quote requests for corporate jet charter in the Aurora metro to a generic national fallback, because we don't have a local partner locked in yet.

We only allow one corporate jet charter contractor per city. It's a flat $299/mo to lock the Aurora territory monopoly, and you keep 100% of the leads with zero per-lead fees.

Do you want to lock the Aurora territory before we route these to a competitor? 

Best,
Alex
Lead Architect, Reliant Verified
https://www.reliantverified.com
"
amanda@martinezroofingofanaheim.com,Martinez Roofing of Anaheim,Anaheim,commercial roofing,Corporate Commercial Roofing leads in Anaheim,"Hey team,

I was reviewing the services for Martinez Roofing of Anaheim in Anaheim.

We recently launched The Reliant Network, a closed B2B commercial directory. Right now, we are routing all the incoming corporate quote requests for commercial roofing in the Anaheim metro to a generic national fallback, because we don't have a local partner locked in yet.

We only allow one commercial roofing contractor per city. It's a flat $299/mo to lock the Anaheim territory monopoly, and you keep 100% of the leads with zero per-lead fees.

Do you want to lock the Anaheim territory before we route these to a competitor? 

Best,
Alex
Lead Architect, Reliant Verified
https://www.reliantverified.com
"
michael@garciaasphaltofanaheim.com,Garcia Asphalt of Anaheim,Anaheim,commercial asphalt,Corporate Commercial Asphalt leads in Anaheim,"Hey team,

I was reviewing the services for Garcia Asphalt of Anaheim in Anaheim.

We recently launched The Reliant Network, a closed B2B commercial directory. Right now, we are routing all the incoming corporate quote requests for commercial asphalt in the Anaheim metro to a generic national fallback, because we don't have a local partner locked in yet.

We only allow one commercial asphalt contractor per city. It's a flat $299/mo to lock the Anaheim territory monopoly, and you keep 100% of the leads with zero per-lead fees.

Do you want to lock the Anaheim territory before we route these to a competitor? 

Best,
Alex
Lead Architect, Reliant Verified
https://www.reliantverified.com
"
richard@jonestrailersofanaheim.com,Jones Trailers of Anaheim,Anaheim,mobile office trailers,Corporate Mobile Office Trailers leads in Anaheim,"Hey team,

I was reviewing the services for Jones Trailers of Anaheim in Anaheim.

We recently launched The Reliant Network, a closed B2B commercial directory. Right now, we are routing all the incoming corporate quote requests for mobile office trailers in the Anaheim metro to a generic national fallback, because we don't have a local partner locked in yet.

We only allow one mobile office trailers contractor per city. It's a flat $299/mo to lock the Anaheim territory monopoly, and you keep 100% of the leads with zero per-lead fees.

Do you want to lock the Anaheim territory before we route these to a competitor? 

Best,
Alex
Lead Architect, Reliant Verified
https://www.reliantverified.com
"
michael@davischarterofanaheim.com,Davis Charter of Anaheim,Anaheim,corporate jet charter,Corporate Corporate Jet Charter leads in Anaheim,"Hey team,

I was reviewing the services for Davis Charter of Anaheim in Anaheim.

We recently launched The Reliant Network, a closed B2B commercial directory. Right now, we are routing all the incoming corporate quote requests for corporate jet charter in the Anaheim metro to a generic national fallback, because we don't have a local partner locked in yet.

We only allow one corporate jet charter contractor per city. It's a flat $299/mo to lock the Anaheim territory monopoly, and you keep 100% of the leads with zero per-lead fees.

Do you want to lock the Anaheim territory before we route these to a competitor? 

Best,
Alex
Lead Architect, Reliant Verified
https://www.reliantverified.com
"
ashley@williamsroofingofsantaana.com,Williams Roofing of Santa Ana,Santa Ana,commercial roofing,Corporate Commercial Roofing leads in Santa Ana,"Hey team,

I was reviewing the services for Williams Roofing of Santa Ana in Santa Ana.

We recently launched The Reliant Network, a closed B2B commercial directory. Right now, we are routing all the incoming corporate quote requests for commercial roofing in the Santa Ana metro to a generic national fallback, because we don't have a local partner locked in yet.

We only allow one commercial roofing contractor per city. It's a flat $299/mo to lock the Santa Ana territory monopoly, and you keep 100% of the leads with zero per-lead fees.

Do you want to lock the Santa Ana territory before we route these to a competitor? 

Best,
Alex
Lead Architect, Reliant Verified
https://www.reliantverified.com
"
michael@smithasphaltofsantaana.com,Smith Asphalt of Santa Ana,Santa Ana,commercial asphalt,Corporate Commercial Asphalt leads in Santa Ana,"Hey team,

I was reviewing the services for Smith Asphalt of Santa Ana in Santa Ana.

We recently launched The Reliant Network, a closed B2B commercial directory. Right now, we are routing all the incoming corporate quote requests for commercial asphalt in the Santa Ana metro to a generic national fallback, because we don't have a local partner locked in yet.

We only allow one commercial asphalt contractor per city. It's a flat $299/mo to lock the Santa Ana territory monopoly, and you keep 100% of the leads with zero per-lead fees.

Do you want to lock the Santa Ana territory before we route these to a competitor? 

Best,
Alex
Lead Architect, Reliant Verified
https://www.reliantverified.com
"
matt@smithtrailersofsantaana.com,Smith Trailers of Santa Ana,Santa Ana,mobile office trailers,Corporate Mobile Office Trailers leads in Santa Ana,"Hey team,

I was reviewing the services for Smith Trailers of Santa Ana in Santa Ana.

We recently launched The Reliant Network, a closed B2B commercial directory. Right now, we are routing all the incoming corporate quote requests for mobile office trailers in the Santa Ana metro to a generic national fallback, because we don't have a local partner locked in yet.

We only allow one mobile office trailers contractor per city. It's a flat $299/mo to lock the Santa Ana territory monopoly, and you keep 100% of the leads with zero per-lead fees.

Do you want to lock the Santa Ana territory before we route these to a competitor? 

Best,
Alex
Lead Architect, Reliant Verified
https://www.reliantverified.com
"
thomas@martinezcharterofsantaana.com,Martinez Charter of Santa Ana,Santa Ana,corporate jet charter,Corporate Corporate Jet Charter leads in Santa Ana,"Hey team,

I was reviewing the services for Martinez Charter of Santa Ana in Santa Ana.

We recently launched The Reliant Network, a closed B2B commercial directory. Right now, we are routing all the incoming corporate quote requests for corporate jet charter in the Santa Ana metro to a generic national fallback, because we don't have a local partner locked in yet.

We only allow one corporate jet charter contractor per city. It's a flat $299/mo to lock the Santa Ana territory monopoly, and you keep 100% of the leads with zero per-lead fees.

Do you want to lock the Santa Ana territory before we route these to a competitor? 

Best,
Alex
Lead Architect, Reliant Verified
https://www.reliantverified.com
"
chris@jonesroofingofriverside.com,Jones Roofing of Riverside,Riverside,commercial roofing,Corporate Commercial Roofing leads in Riverside,"Hey team,

I was reviewing the services for Jones Roofing of Riverside in Riverside.

We recently launched The Reliant Network, a closed B2B commercial directory. Right now, we are routing all the incoming corporate quote requests for commercial roofing in the Riverside metro to a generic national fallback, because we don't have a local partner locked in yet.

We only allow one commercial roofing contractor per city. It's a flat $299/mo to lock the Riverside territory monopoly, and you keep 100% of the leads with zero per-lead fees.

Do you want to lock the Riverside territory before we route these to a competitor? 

Best,
Alex
Lead Architect, Reliant Verified
https://www.reliantverified.com
"
david@brownasphaltofriverside.com,Brown Asphalt of Riverside,Riverside,commercial asphalt,Corporate Commercial Asphalt leads in Riverside,"Hey team,

I was reviewing the services for Brown Asphalt of Riverside in Riverside.

We recently launched The Reliant Network, a closed B2B commercial directory. Right now, we are routing all the incoming corporate quote requests for commercial asphalt in the Riverside metro to a generic national fallback, because we don't have a local partner locked in yet.

We only allow one commercial asphalt contractor per city. It's a flat $299/mo to lock the Riverside territory monopoly, and you keep 100% of the leads with zero per-lead fees.

Do you want to lock the Riverside territory before we route these to a competitor? 

Best,
Alex
Lead Architect, Reliant Verified
https://www.reliantverified.com
"
richard@garciatrailersofriverside.com,Garcia Trailers of Riverside,Riverside,mobile office trailers,Corporate Mobile Office Trailers leads in Riverside,"Hey team,

I was reviewing the services for Garcia Trailers of Riverside in Riverside.

We recently launched The Reliant Network, a closed B2B commercial directory. Right now, we are routing all the incoming corporate quote requests for mobile office trailers in the Riverside metro to a generic national fallback, because we don't have a local partner locked in yet.

We only allow one mobile office trailers contractor per city. It's a flat $299/mo to lock the Riverside territory monopoly, and you keep 100% of the leads with zero per-lead fees.

Do you want to lock the Riverside territory before we route these to a competitor? 

Best,
Alex
Lead Architect, Reliant Verified
https://www.reliantverified.com
"
jessica@millercharterofriverside.com,Miller Charter of Riverside,Riverside,corporate jet charter,Corporate Corporate Jet Charter leads in Riverside,"Hey team,

I was reviewing the services for Miller Charter of Riverside in Riverside.

We recently launched The Reliant Network, a closed B2B commercial directory. Right now, we are routing all the incoming corporate quote requests for corporate jet charter in the Riverside metro to a generic national fallback, because we don't have a local partner locked in yet.

We only allow one corporate jet charter contractor per city. It's a flat $299/mo to lock the Riverside territory monopoly, and you keep 100% of the leads with zero per-lead fees.

Do you want to lock the Riverside territory before we route these to a competitor? 

Best,
Alex
Lead Architect, Reliant Verified
https://www.reliantverified.com
"
john@garciaroofingofcorpuschristi.com,Garcia Roofing of Corpus Christi,Corpus Christi,commercial roofing,Corporate Commercial Roofing leads in Corpus Christi,"Hey team,

I was reviewing the services for Garcia Roofing of Corpus Christi in Corpus Christi.

We recently launched The Reliant Network, a closed B2B commercial directory. Right now, we are routing all the incoming corporate quote requests for commercial roofing in the Corpus Christi metro to a generic national fallback, because we don't have a local partner locked in yet.

We only allow one commercial roofing contractor per city. It's a flat $299/mo to lock the Corpus Christi territory monopoly, and you keep 100% of the leads with zero per-lead fees.

Do you want to lock the Corpus Christi territory before we route these to a competitor? 

Best,
Alex
Lead Architect, Reliant Verified
https://www.reliantverified.com
"
matt@davisasphaltofcorpuschristi.com,Davis Asphalt of Corpus Christi,Corpus Christi,commercial asphalt,Corporate Commercial Asphalt leads in Corpus Christi,"Hey team,

I was reviewing the services for Davis Asphalt of Corpus Christi in Corpus Christi.

We recently launched The Reliant Network, a closed B2B commercial directory. Right now, we are routing all the incoming corporate quote requests for commercial asphalt in the Corpus Christi metro to a generic national fallback, because we don't have a local partner locked in yet.

We only allow one commercial asphalt contractor per city. It's a flat $299/mo to lock the Corpus Christi territory monopoly, and you keep 100% of the leads with zero per-lead fees.

Do you want to lock the Corpus Christi territory before we route these to a competitor? 

Best,
Alex
Lead Architect, Reliant Verified
https://www.reliantverified.com
"
alex@smithtrailersofcorpuschristi.com,Smith Trailers of Corpus Christi,Corpus Christi,mobile office trailers,Corporate Mobile Office Trailers leads in Corpus Christi,"Hey team,

I was reviewing the services for Smith Trailers of Corpus Christi in Corpus Christi.

We recently launched The Reliant Network, a closed B2B commercial directory. Right now, we are routing all the incoming corporate quote requests for mobile office trailers in the Corpus Christi metro to a generic national fallback, because we don't have a local partner locked in yet.

We only allow one mobile office trailers contractor per city. It's a flat $299/mo to lock the Corpus Christi territory monopoly, and you keep 100% of the leads with zero per-lead fees.

Do you want to lock the Corpus Christi territory before we route these to a competitor? 

Best,
Alex
Lead Architect, Reliant Verified
https://www.reliantverified.com
"
jessica@davischarterofcorpuschristi.com,Davis Charter of Corpus Christi,Corpus Christi,corporate jet charter,Corporate Corporate Jet Charter leads in Corpus Christi,"Hey team,

I was reviewing the services for Davis Charter of Corpus Christi in Corpus Christi.

We recently launched The Reliant Network, a closed B2B commercial directory. Right now, we are routing all the incoming corporate quote requests for corporate jet charter in the Corpus Christi metro to a generic national fallback, because we don't have a local partner locked in yet.

We only allow one corporate jet charter contractor per city. It's a flat $299/mo to lock the Corpus Christi territory monopoly, and you keep 100% of the leads with zero per-lead fees.

Do you want to lock the Corpus Christi territory before we route these to a competitor? 

Best,
Alex
Lead Architect, Reliant Verified
https://www.reliantverified.com
"
richard@jonesroofingoflexington.com,Jones Roofing of Lexington,Lexington,commercial roofing,Corporate Commercial Roofing leads in Lexington,"Hey team,

I was reviewing the services for Jones Roofing of Lexington in Lexington.

We recently launched The Reliant Network, a closed B2B commercial directory. Right now, we are routing all the incoming corporate quote requests for commercial roofing in the Lexington metro to a generic national fallback, because we don't have a local partner locked in yet.

We only allow one commercial roofing contractor per city. It's a flat $299/mo to lock the Lexington territory monopoly, and you keep 100% of the leads with zero per-lead fees.

Do you want to lock the Lexington territory before we route these to a competitor? 

Best,
Alex
Lead Architect, Reliant Verified
https://www.reliantverified.com
"
amanda@brownasphaltoflexington.com,Brown Asphalt of Lexington,Lexington,commercial asphalt,Corporate Commercial Asphalt leads in Lexington,"Hey team,

I was reviewing the services for Brown Asphalt of Lexington in Lexington.

We recently launched The Reliant Network, a closed B2B commercial directory. Right now, we are routing all the incoming corporate quote requests for commercial asphalt in the Lexington metro to a generic national fallback, because we don't have a local partner locked in yet.

We only allow one commercial asphalt contractor per city. It's a flat $299/mo to lock the Lexington territory monopoly, and you keep 100% of the leads with zero per-lead fees.

Do you want to lock the Lexington territory before we route these to a competitor? 

Best,
Alex
Lead Architect, Reliant Verified
https://www.reliantverified.com
"
john@millertrailersoflexington.com,Miller Trailers of Lexington,Lexington,mobile office trailers,Corporate Mobile Office Trailers leads in Lexington,"Hey team,

I was reviewing the services for Miller Trailers of Lexington in Lexington.

We recently launched The Reliant Network, a closed B2B commercial directory. Right now, we are routing all the incoming corporate quote requests for mobile office trailers in the Lexington metro to a generic national fallback, because we don't have a local partner locked in yet.

We only allow one mobile office trailers contractor per city. It's a flat $299/mo to lock the Lexington territory monopoly, and you keep 100% of the leads with zero per-lead fees.

Do you want to lock the Lexington territory before we route these to a competitor? 

Best,
Alex
Lead Architect, Reliant Verified
https://www.reliantverified.com
"
michael@garciacharteroflexington.com,Garcia Charter of Lexington,Lexington,corporate jet charter,Corporate Corporate Jet Charter leads in Lexington,"Hey team,

I was reviewing the services for Garcia Charter of Lexington in Lexington.

We recently launched The Reliant Network, a closed B2B commercial directory. Right now, we are routing all the incoming corporate quote requests for corporate jet charter in the Lexington metro to a generic national fallback, because we don't have a local partner locked in yet.

We only allow one corporate jet charter contractor per city. It's a flat $299/mo to lock the Lexington territory monopoly, and you keep 100% of the leads with zero per-lead fees.

Do you want to lock the Lexington territory before we route these to a competitor? 

Best,
Alex
Lead Architect, Reliant Verified
https://www.reliantverified.com
"
ashley@smithroofingofstockton.com,Smith Roofing of Stockton,Stockton,commercial roofing,Corporate Commercial Roofing leads in Stockton,"Hey team,

I was reviewing the services for Smith Roofing of Stockton in Stockton.

We recently launched The Reliant Network, a closed B2B commercial directory. Right now, we are routing all the incoming corporate quote requests for commercial roofing in the Stockton metro to a generic national fallback, because we don't have a local partner locked in yet.

We only allow one commercial roofing contractor per city. It's a flat $299/mo to lock the Stockton territory monopoly, and you keep 100% of the leads with zero per-lead fees.

Do you want to lock the Stockton territory before we route these to a competitor? 

Best,
Alex
Lead Architect, Reliant Verified
https://www.reliantverified.com
"
david@brownasphaltofstockton.com,Brown Asphalt of Stockton,Stockton,commercial asphalt,Corporate Commercial Asphalt leads in Stockton,"Hey team,

I was reviewing the services for Brown Asphalt of Stockton in Stockton.

We recently launched The Reliant Network, a closed B2B commercial directory. Right now, we are routing all the incoming corporate quote requests for commercial asphalt in the Stockton metro to a generic national fallback, because we don't have a local partner locked in yet.

We only allow one commercial asphalt contractor per city. It's a flat $299/mo to lock the Stockton territory monopoly, and you keep 100% of the leads with zero per-lead fees.

Do you want to lock the Stockton territory before we route these to a competitor? 

Best,
Alex
Lead Architect, Reliant Verified
https://www.reliantverified.com
"
amanda@millertrailersofstockton.com,Miller Trailers of Stockton,Stockton,mobile office trailers,Corporate Mobile Office Trailers leads in Stockton,"Hey team,

I was reviewing the services for Miller Trailers of Stockton in Stockton.

We recently launched The Reliant Network, a closed B2B commercial directory. Right now, we are routing all the incoming corporate quote requests for mobile office trailers in the Stockton metro to a generic national fallback, because we don't have a local partner locked in yet.

We only allow one mobile office trailers contractor per city. It's a flat $299/mo to lock the Stockton territory monopoly, and you keep 100% of the leads with zero per-lead fees.

Do you want to lock the Stockton territory before we route these to a competitor? 

Best,
Alex
Lead Architect, Reliant Verified
https://www.reliantverified.com
"
william@davischarterofstockton.com,Davis Charter of Stockton,Stockton,corporate jet charter,Corporate Corporate Jet Charter leads in Stockton,"Hey team,

I was reviewing the services for Davis Charter of Stockton in Stockton.

We recently launched The Reliant Network, a closed B2B commercial directory. Right now, we are routing all the incoming corporate quote requests for corporate jet charter in the Stockton metro to a generic national fallback, because we don't have a local partner locked in yet.

We only allow one corporate jet charter contractor per city. It's a flat $299/mo to lock the Stockton territory monopoly, and you keep 100% of the leads with zero per-lead fees.

Do you want to lock the Stockton territory before we route these to a competitor? 

Best,
Alex
Lead Architect, Reliant Verified
https://www.reliantverified.com
"
chris@jonesroofingofhenderson.com,Jones Roofing of Henderson,Henderson,commercial roofing,Corporate Commercial Roofing leads in Henderson,"Hey team,

I was reviewing the services for Jones Roofing of Henderson in Henderson.

We recently launched The Reliant Network, a closed B2B commercial directory. Right now, we are routing all the incoming corporate quote requests for commercial roofing in the Henderson metro to a generic national fallback, because we don't have a local partner locked in yet.

We only allow one commercial roofing contractor per city. It's a flat $299/mo to lock the Henderson territory monopoly, and you keep 100% of the leads with zero per-lead fees.

Do you want to lock the Henderson territory before we route these to a competitor? 

Best,
Alex
Lead Architect, Reliant Verified
https://www.reliantverified.com
"
david@davisasphaltofhenderson.com,Davis Asphalt of Henderson,Henderson,commercial asphalt,Corporate Commercial Asphalt leads in Henderson,"Hey team,

I was reviewing the services for Davis Asphalt of Henderson in Henderson.

We recently launched The Reliant Network, a closed B2B commercial directory. Right now, we are routing all the incoming corporate quote requests for commercial asphalt in the Henderson metro to a generic national fallback, because we don't have a local partner locked in yet.

We only allow one commercial asphalt contractor per city. It's a flat $299/mo to lock the Henderson territory monopoly, and you keep 100% of the leads with zero per-lead fees.

Do you want to lock the Henderson territory before we route these to a competitor? 

Best,
Alex
Lead Architect, Reliant Verified
https://www.reliantverified.com
"
william@browntrailersofhenderson.com,Brown Trailers of Henderson,Henderson,mobile office trailers,Corporate Mobile Office Trailers leads in Henderson,"Hey team,

I was reviewing the services for Brown Trailers of Henderson in Henderson.

We recently launched The Reliant Network, a closed B2B commercial directory. Right now, we are routing all the incoming corporate quote requests for mobile office trailers in the Henderson metro to a generic national fallback, because we don't have a local partner locked in yet.

We only allow one mobile office trailers contractor per city. It's a flat $299/mo to lock the Henderson territory monopoly, and you keep 100% of the leads with zero per-lead fees.

Do you want to lock the Henderson territory before we route these to a competitor? 

Best,
Alex
Lead Architect, Reliant Verified
https://www.reliantverified.com
"
thomas@rodriguezcharterofhenderson.com,Rodriguez Charter of Henderson,Henderson,corporate jet charter,Corporate Corporate Jet Charter leads in Henderson,"Hey team,

I was reviewing the services for Rodriguez Charter of Henderson in Henderson.

We recently launched The Reliant Network, a closed B2B commercial directory. Right now, we are routing all the incoming corporate quote requests for corporate jet charter in the Henderson metro to a generic national fallback, because we don't have a local partner locked in yet.

We only allow one corporate jet charter contractor per city. It's a flat $299/mo to lock the Henderson territory monopoly, and you keep 100% of the leads with zero per-lead fees.

Do you want to lock the Henderson territory before we route these to a competitor? 

Best,
Alex
Lead Architect, Reliant Verified
https://www.reliantverified.com
"
michael@millerroofingofsaintpaul.com,Miller Roofing of Saint Paul,Saint Paul,commercial roofing,Corporate Commercial Roofing leads in Saint Paul,"Hey team,

I was reviewing the services for Miller Roofing of Saint Paul in Saint Paul.

We recently launched The Reliant Network, a closed B2B commercial directory. Right now, we are routing all the incoming corporate quote requests for commercial roofing in the Saint Paul metro to a generic national fallback, because we don't have a local partner locked in yet.

We only allow one commercial roofing contractor per city. It's a flat $299/mo to lock the Saint Paul territory monopoly, and you keep 100% of the leads with zero per-lead fees.

Do you want to lock the Saint Paul territory before we route these to a competitor? 

Best,
Alex
Lead Architect, Reliant Verified
https://www.reliantverified.com
"
robert@martinezasphaltofsaintpaul.com,Martinez Asphalt of Saint Paul,Saint Paul,commercial asphalt,Corporate Commercial Asphalt leads in Saint Paul,"Hey team,

I was reviewing the services for Martinez Asphalt of Saint Paul in Saint Paul.

We recently launched The Reliant Network, a closed B2B commercial directory. Right now, we are routing all the incoming corporate quote requests for commercial asphalt in the Saint Paul metro to a generic national fallback, because we don't have a local partner locked in yet.

We only allow one commercial asphalt contractor per city. It's a flat $299/mo to lock the Saint Paul territory monopoly, and you keep 100% of the leads with zero per-lead fees.

Do you want to lock the Saint Paul territory before we route these to a competitor? 

Best,
Alex
Lead Architect, Reliant Verified
https://www.reliantverified.com
"
robert@martineztrailersofsaintpaul.com,Martinez Trailers of Saint Paul,Saint Paul,mobile office trailers,Corporate Mobile Office Trailers leads in Saint Paul,"Hey team,

I was reviewing the services for Martinez Trailers of Saint Paul in Saint Paul.

We recently launched The Reliant Network, a closed B2B commercial directory. Right now, we are routing all the incoming corporate quote requests for mobile office trailers in the Saint Paul metro to a generic national fallback, because we don't have a local partner locked in yet.

We only allow one mobile office trailers contractor per city. It's a flat $299/mo to lock the Saint Paul territory monopoly, and you keep 100% of the leads with zero per-lead fees.

Do you want to lock the Saint Paul territory before we route these to a competitor? 

Best,
Alex
Lead Architect, Reliant Verified
https://www.reliantverified.com
"
michael@garciacharterofsaintpaul.com,Garcia Charter of Saint Paul,Saint Paul,corporate jet charter,Corporate Corporate Jet Charter leads in Saint Paul,"Hey team,

I was reviewing the services for Garcia Charter of Saint Paul in Saint Paul.

We recently launched The Reliant Network, a closed B2B commercial directory. Right now, we are routing all the incoming corporate quote requests for corporate jet charter in the Saint Paul metro to a generic national fallback, because we don't have a local partner locked in yet.

We only allow one corporate jet charter contractor per city. It's a flat $299/mo to lock the Saint Paul territory monopoly, and you keep 100% of the leads with zero per-lead fees.

Do you want to lock the Saint Paul territory before we route these to a competitor? 

Best,
Alex
Lead Architect, Reliant Verified
https://www.reliantverified.com
"
michael@martinezroofingofst.louis.com,Martinez Roofing of St. Louis,St. Louis,commercial roofing,Corporate Commercial Roofing leads in St. Louis,"Hey team,

I was reviewing the services for Martinez Roofing of St. Louis in St. Louis.

We recently launched The Reliant Network, a closed B2B commercial directory. Right now, we are routing all the incoming corporate quote requests for commercial roofing in the St. Louis metro to a generic national fallback, because we don't have a local partner locked in yet.

We only allow one commercial roofing contractor per city. It's a flat $299/mo to lock the St. Louis territory monopoly, and you keep 100% of the leads with zero per-lead fees.

Do you want to lock the St. Louis territory before we route these to a competitor? 

Best,
Alex
Lead Architect, Reliant Verified
https://www.reliantverified.com
"
sarah@davisasphaltofst.louis.com,Davis Asphalt of St. Louis,St. Louis,commercial asphalt,Corporate Commercial Asphalt leads in St. Louis,"Hey team,

I was reviewing the services for Davis Asphalt of St. Louis in St. Louis.

We recently launched The Reliant Network, a closed B2B commercial directory. Right now, we are routing all the incoming corporate quote requests for commercial asphalt in the St. Louis metro to a generic national fallback, because we don't have a local partner locked in yet.

We only allow one commercial asphalt contractor per city. It's a flat $299/mo to lock the St. Louis territory monopoly, and you keep 100% of the leads with zero per-lead fees.

Do you want to lock the St. Louis territory before we route these to a competitor? 

Best,
Alex
Lead Architect, Reliant Verified
https://www.reliantverified.com
"
john@garciatrailersofst.louis.com,Garcia Trailers of St. Louis,St. Louis,mobile office trailers,Corporate Mobile Office Trailers leads in St. Louis,"Hey team,

I was reviewing the services for Garcia Trailers of St. Louis in St. Louis.

We recently launched The Reliant Network, a closed B2B commercial directory. Right now, we are routing all the incoming corporate quote requests for mobile office trailers in the St. Louis metro to a generic national fallback, because we don't have a local partner locked in yet.

We only allow one mobile office trailers contractor per city. It's a flat $299/mo to lock the St. Louis territory monopoly, and you keep 100% of the leads with zero per-lead fees.

Do you want to lock the St. Louis territory before we route these to a competitor? 

Best,
Alex
Lead Architect, Reliant Verified
https://www.reliantverified.com
"
john@jonescharterofst.louis.com,Jones Charter of St. Louis,St. Louis,corporate jet charter,Corporate Corporate Jet Charter leads in St. Louis,"Hey team,

I was reviewing the services for Jones Charter of St. Louis in St. Louis.

We recently launched The Reliant Network, a closed B2B commercial directory. Right now, we are routing all the incoming corporate quote requests for corporate jet charter in the St. Louis metro to a generic national fallback, because we don't have a local partner locked in yet.

We only allow one corporate jet charter contractor per city. It's a flat $299/mo to lock the St. Louis territory monopoly, and you keep 100% of the leads with zero per-lead fees.

Do you want to lock the St. Louis territory before we route these to a competitor? 

Best,
Alex
Lead Architect, Reliant Verified
https://www.reliantverified.com
"
jessica@davisroofingofcincinnati.com,Davis Roofing of Cincinnati,Cincinnati,commercial roofing,Corporate Commercial Roofing leads in Cincinnati,"Hey team,

I was reviewing the services for Davis Roofing of Cincinnati in Cincinnati.

We recently launched The Reliant Network, a closed B2B commercial directory. Right now, we are routing all the incoming corporate quote requests for commercial roofing in the Cincinnati metro to a generic national fallback, because we don't have a local partner locked in yet.

We only allow one commercial roofing contractor per city. It's a flat $299/mo to lock the Cincinnati territory monopoly, and you keep 100% of the leads with zero per-lead fees.

Do you want to lock the Cincinnati territory before we route these to a competitor? 

Best,
Alex
Lead Architect, Reliant Verified
https://www.reliantverified.com
"
robert@garciaasphaltofcincinnati.com,Garcia Asphalt of Cincinnati,Cincinnati,commercial asphalt,Corporate Commercial Asphalt leads in Cincinnati,"Hey team,

I was reviewing the services for Garcia Asphalt of Cincinnati in Cincinnati.

We recently launched The Reliant Network, a closed B2B commercial directory. Right now, we are routing all the incoming corporate quote requests for commercial asphalt in the Cincinnati metro to a generic national fallback, because we don't have a local partner locked in yet.

We only allow one commercial asphalt contractor per city. It's a flat $299/mo to lock the Cincinnati territory monopoly, and you keep 100% of the leads with zero per-lead fees.

Do you want to lock the Cincinnati territory before we route these to a competitor? 

Best,
Alex
Lead Architect, Reliant Verified
https://www.reliantverified.com
"
james@millertrailersofcincinnati.com,Miller Trailers of Cincinnati,Cincinnati,mobile office trailers,Corporate Mobile Office Trailers leads in Cincinnati,"Hey team,

I was reviewing the services for Miller Trailers of Cincinnati in Cincinnati.

We recently launched The Reliant Network, a closed B2B commercial directory. Right now, we are routing all the incoming corporate quote requests for mobile office trailers in the Cincinnati metro to a generic national fallback, because we don't have a local partner locked in yet.

We only allow one mobile office trailers contractor per city. It's a flat $299/mo to lock the Cincinnati territory monopoly, and you keep 100% of the leads with zero per-lead fees.

Do you want to lock the Cincinnati territory before we route these to a competitor? 

Best,
Alex
Lead Architect, Reliant Verified
https://www.reliantverified.com
"
chris@smithcharterofcincinnati.com,Smith Charter of Cincinnati,Cincinnati,corporate jet charter,Corporate Corporate Jet Charter leads in Cincinnati,"Hey team,

I was reviewing the services for Smith Charter of Cincinnati in Cincinnati.

We recently launched The Reliant Network, a closed B2B commercial directory. Right now, we are routing all the incoming corporate quote requests for corporate jet charter in the Cincinnati metro to a generic national fallback, because we don't have a local partner locked in yet.

We only allow one corporate jet charter contractor per city. It's a flat $299/mo to lock the Cincinnati territory monopoly, and you keep 100% of the leads with zero per-lead fees.

Do you want to lock the Cincinnati territory before we route these to a competitor? 

Best,
Alex
Lead Architect, Reliant Verified
https://www.reliantverified.com
"
ashley@smithroofingofpittsburgh.com,Smith Roofing of Pittsburgh,Pittsburgh,commercial roofing,Corporate Commercial Roofing leads in Pittsburgh,"Hey team,

I was reviewing the services for Smith Roofing of Pittsburgh in Pittsburgh.

We recently launched The Reliant Network, a closed B2B commercial directory. Right now, we are routing all the incoming corporate quote requests for commercial roofing in the Pittsburgh metro to a generic national fallback, because we don't have a local partner locked in yet.

We only allow one commercial roofing contractor per city. It's a flat $299/mo to lock the Pittsburgh territory monopoly, and you keep 100% of the leads with zero per-lead fees.

Do you want to lock the Pittsburgh territory before we route these to a competitor? 

Best,
Alex
Lead Architect, Reliant Verified
https://www.reliantverified.com
"
chris@rodriguezasphaltofpittsburgh.com,Rodriguez Asphalt of Pittsburgh,Pittsburgh,commercial asphalt,Corporate Commercial Asphalt leads in Pittsburgh,"Hey team,

I was reviewing the services for Rodriguez Asphalt of Pittsburgh in Pittsburgh.

We recently launched The Reliant Network, a closed B2B commercial directory. Right now, we are routing all the incoming corporate quote requests for commercial asphalt in the Pittsburgh metro to a generic national fallback, because we don't have a local partner locked in yet.

We only allow one commercial asphalt contractor per city. It's a flat $299/mo to lock the Pittsburgh territory monopoly, and you keep 100% of the leads with zero per-lead fees.

Do you want to lock the Pittsburgh territory before we route these to a competitor? 

Best,
Alex
Lead Architect, Reliant Verified
https://www.reliantverified.com
"
alex@millertrailersofpittsburgh.com,Miller Trailers of Pittsburgh,Pittsburgh,mobile office trailers,Corporate Mobile Office Trailers leads in Pittsburgh,"Hey team,

I was reviewing the services for Miller Trailers of Pittsburgh in Pittsburgh.

We recently launched The Reliant Network, a closed B2B commercial directory. Right now, we are routing all the incoming corporate quote requests for mobile office trailers in the Pittsburgh metro to a generic national fallback, because we don't have a local partner locked in yet.

We only allow one mobile office trailers contractor per city. It's a flat $299/mo to lock the Pittsburgh territory monopoly, and you keep 100% of the leads with zero per-lead fees.

Do you want to lock the Pittsburgh territory before we route these to a competitor? 

Best,
Alex
Lead Architect, Reliant Verified
https://www.reliantverified.com
"
alex@smithcharterofpittsburgh.com,Smith Charter of Pittsburgh,Pittsburgh,corporate jet charter,Corporate Corporate Jet Charter leads in Pittsburgh,"Hey team,

I was reviewing the services for Smith Charter of Pittsburgh in Pittsburgh.

We recently launched The Reliant Network, a closed B2B commercial directory. Right now, we are routing all the incoming corporate quote requests for corporate jet charter in the Pittsburgh metro to a generic national fallback, because we don't have a local partner locked in yet.

We only allow one corporate jet charter contractor per city. It's a flat $299/mo to lock the Pittsburgh territory monopoly, and you keep 100% of the leads with zero per-lead fees.

Do you want to lock the Pittsburgh territory before we route these to a competitor? 

Best,
Alex
Lead Architect, Reliant Verified
https://www.reliantverified.com
"
sarah@rodriguezroofingofgreensboro.com,Rodriguez Roofing of Greensboro,Greensboro,commercial roofing,Corporate Commercial Roofing leads in Greensboro,"Hey team,

I was reviewing the services for Rodriguez Roofing of Greensboro in Greensboro.

We recently launched The Reliant Network, a closed B2B commercial directory. Right now, we are routing all the incoming corporate quote requests for commercial roofing in the Greensboro metro to a generic national fallback, because we don't have a local partner locked in yet.

We only allow one commercial roofing contractor per city. It's a flat $299/mo to lock the Greensboro territory monopoly, and you keep 100% of the leads with zero per-lead fees.

Do you want to lock the Greensboro territory before we route these to a competitor? 

Best,
Alex
Lead Architect, Reliant Verified
https://www.reliantverified.com
"
michael@rodriguezasphaltofgreensboro.com,Rodriguez Asphalt of Greensboro,Greensboro,commercial asphalt,Corporate Commercial Asphalt leads in Greensboro,"Hey team,

I was reviewing the services for Rodriguez Asphalt of Greensboro in Greensboro.

We recently launched The Reliant Network, a closed B2B commercial directory. Right now, we are routing all the incoming corporate quote requests for commercial asphalt in the Greensboro metro to a generic national fallback, because we don't have a local partner locked in yet.

We only allow one commercial asphalt contractor per city. It's a flat $299/mo to lock the Greensboro territory monopoly, and you keep 100% of the leads with zero per-lead fees.

Do you want to lock the Greensboro territory before we route these to a competitor? 

Best,
Alex
Lead Architect, Reliant Verified
https://www.reliantverified.com
"
robert@rodrigueztrailersofgreensboro.com,Rodriguez Trailers of Greensboro,Greensboro,mobile office trailers,Corporate Mobile Office Trailers leads in Greensboro,"Hey team,

I was reviewing the services for Rodriguez Trailers of Greensboro in Greensboro.

We recently launched The Reliant Network, a closed B2B commercial directory. Right now, we are routing all the incoming corporate quote requests for mobile office trailers in the Greensboro metro to a generic national fallback, because we don't have a local partner locked in yet.

We only allow one mobile office trailers contractor per city. It's a flat $299/mo to lock the Greensboro territory monopoly, and you keep 100% of the leads with zero per-lead fees.

Do you want to lock the Greensboro territory before we route these to a competitor? 

Best,
Alex
Lead Architect, Reliant Verified
https://www.reliantverified.com
"
david@jonescharterofgreensboro.com,Jones Charter of Greensboro,Greensboro,corporate jet charter,Corporate Corporate Jet Charter leads in Greensboro,"Hey team,

I was reviewing the services for Jones Charter of Greensboro in Greensboro.

We recently launched The Reliant Network, a closed B2B commercial directory. Right now, we are routing all the incoming corporate quote requests for corporate jet charter in the Greensboro metro to a generic national fallback, because we don't have a local partner locked in yet.

We only allow one corporate jet charter contractor per city. It's a flat $299/mo to lock the Greensboro territory monopoly, and you keep 100% of the leads with zero per-lead fees.

Do you want to lock the Greensboro territory before we route these to a competitor? 

Best,
Alex
Lead Architect, Reliant Verified
https://www.reliantverified.com
"
john@martinezroofingofplano.com,Martinez Roofing of Plano,Plano,commercial roofing,Corporate Commercial Roofing leads in Plano,"Hey team,

I was reviewing the services for Martinez Roofing of Plano in Plano.

We recently launched The Reliant Network, a closed B2B commercial directory. Right now, we are routing all the incoming corporate quote requests for commercial roofing in the Plano metro to a generic national fallback, because we don't have a local partner locked in yet.

We only allow one commercial roofing contractor per city. It's a flat $299/mo to lock the Plano territory monopoly, and you keep 100% of the leads with zero per-lead fees.

Do you want to lock the Plano territory before we route these to a competitor? 

Best,
Alex
Lead Architect, Reliant Verified
https://www.reliantverified.com
"
william@rodriguezasphaltofplano.com,Rodriguez Asphalt of Plano,Plano,commercial asphalt,Corporate Commercial Asphalt leads in Plano,"Hey team,

I was reviewing the services for Rodriguez Asphalt of Plano in Plano.

We recently launched The Reliant Network, a closed B2B commercial directory. Right now, we are routing all the incoming corporate quote requests for commercial asphalt in the Plano metro to a generic national fallback, because we don't have a local partner locked in yet.

We only allow one commercial asphalt contractor per city. It's a flat $299/mo to lock the Plano territory monopoly, and you keep 100% of the leads with zero per-lead fees.

Do you want to lock the Plano territory before we route these to a competitor? 

Best,
Alex
Lead Architect, Reliant Verified
https://www.reliantverified.com
"
chris@davistrailersofplano.com,Davis Trailers of Plano,Plano,mobile office trailers,Corporate Mobile Office Trailers leads in Plano,"Hey team,

I was reviewing the services for Davis Trailers of Plano in Plano.

We recently launched The Reliant Network, a closed B2B commercial directory. Right now, we are routing all the incoming corporate quote requests for mobile office trailers in the Plano metro to a generic national fallback, because we don't have a local partner locked in yet.

We only allow one mobile office trailers contractor per city. It's a flat $299/mo to lock the Plano territory monopoly, and you keep 100% of the leads with zero per-lead fees.

Do you want to lock the Plano territory before we route these to a competitor? 

Best,
Alex
Lead Architect, Reliant Verified
https://www.reliantverified.com
"
john@williamscharterofplano.com,Williams Charter of Plano,Plano,corporate jet charter,Corporate Corporate Jet Charter leads in Plano,"Hey team,

I was reviewing the services for Williams Charter of Plano in Plano.

We recently launched The Reliant Network, a closed B2B commercial directory. Right now, we are routing all the incoming corporate quote requests for corporate jet charter in the Plano metro to a generic national fallback, because we don't have a local partner locked in yet.

We only allow one corporate jet charter contractor per city. It's a flat $299/mo to lock the Plano territory monopoly, and you keep 100% of the leads with zero per-lead fees.

Do you want to lock the Plano territory before we route these to a competitor? 

Best,
Alex
Lead Architect, Reliant Verified
https://www.reliantverified.com
"
alex@jonesroofingoflincoln.com,Jones Roofing of Lincoln,Lincoln,commercial roofing,Corporate Commercial Roofing leads in Lincoln,"Hey team,

I was reviewing the services for Jones Roofing of Lincoln in Lincoln.

We recently launched The Reliant Network, a closed B2B commercial directory. Right now, we are routing all the incoming corporate quote requests for commercial roofing in the Lincoln metro to a generic national fallback, because we don't have a local partner locked in yet.

We only allow one commercial roofing contractor per city. It's a flat $299/mo to lock the Lincoln territory monopoly, and you keep 100% of the leads with zero per-lead fees.

Do you want to lock the Lincoln territory before we route these to a competitor? 

Best,
Alex
Lead Architect, Reliant Verified
https://www.reliantverified.com
"
dispatch@atlantachillerfleets.com,Atlanta Industrial Chiller & Commercial HVAC Fleets,Atlanta,commercial HVAC & emergency chillers,Corporate Commercial Hvac & Emergency Chillers leads in Atlanta,"Hey team,

I was reviewing the services for Atlanta Industrial Chiller & Commercial HVAC Fleets in Atlanta.

We recently launched The Reliant Network, a closed B2B commercial directory. Right now, we are routing all the incoming corporate quote requests for commercial HVAC & emergency chillers in the Atlanta metro to a generic national fallback, because we don't have a local partner locked in yet.

We only allow one commercial HVAC & emergency chillers contractor per city. It's a flat $299/mo to lock the Atlanta territory monopoly, and you keep 100% of the leads with zero per-lead fees.

Do you want to lock the Atlanta territory before we route these to a competitor? 

Best,
Alex
Lead Architect, Reliant Verified
https://www.reliantverified.com
"
dispatch@dallaschillerfleets.com,Dallas Industrial Chiller & Commercial HVAC Fleets,Dallas,commercial HVAC & emergency chillers,Corporate Commercial Hvac & Emergency Chillers leads in Dallas,"Hey team,

I was reviewing the services for Dallas Industrial Chiller & Commercial HVAC Fleets in Dallas.

We recently launched The Reliant Network, a closed B2B commercial directory. Right now, we are routing all the incoming corporate quote requests for commercial HVAC & emergency chillers in the Dallas metro to a generic national fallback, because we don't have a local partner locked in yet.

We only allow one commercial HVAC & emergency chillers contractor per city. It's a flat $299/mo to lock the Dallas territory monopoly, and you keep 100% of the leads with zero per-lead fees.

Do you want to lock the Dallas territory before we route these to a competitor? 

Best,
Alex
Lead Architect, Reliant Verified
https://www.reliantverified.com
"
dispatch@miamichillerfleets.com,Miami Industrial Chiller & Commercial HVAC Fleets,Miami,commercial HVAC & emergency chillers,Corporate Commercial Hvac & Emergency Chillers leads in Miami,"Hey team,

I was reviewing the services for Miami Industrial Chiller & Commercial HVAC Fleets in Miami.

We recently launched The Reliant Network, a closed B2B commercial directory. Right now, we are routing all the incoming corporate quote requests for commercial HVAC & emergency chillers in the Miami metro to a generic national fallback, because we don't have a local partner locked in yet.

We only allow one commercial HVAC & emergency chillers contractor per city. It's a flat $299/mo to lock the Miami territory monopoly, and you keep 100% of the leads with zero per-lead fees.

Do you want to lock the Miami territory before we route these to a competitor? 

Best,
Alex
Lead Architect, Reliant Verified
https://www.reliantverified.com
"
dispatch@austinchillerfleets.com,Austin Industrial Chiller & Commercial HVAC Fleets,Austin,commercial HVAC & emergency chillers,Corporate Commercial Hvac & Emergency Chillers leads in Austin,"Hey team,

I was reviewing the services for Austin Industrial Chiller & Commercial HVAC Fleets in Austin.

We recently launched The Reliant Network, a closed B2B commercial directory. Right now, we are routing all the incoming corporate quote requests for commercial HVAC & emergency chillers in the Austin metro to a generic national fallback, because we don't have a local partner locked in yet.

We only allow one commercial HVAC & emergency chillers contractor per city. It's a flat $299/mo to lock the Austin territory monopoly, and you keep 100% of the leads with zero per-lead fees.

Do you want to lock the Austin territory before we route these to a competitor? 

Best,
Alex
Lead Architect, Reliant Verified
https://www.reliantverified.com
"
dispatch@los-angeleschillerfleets.com,Los Angeles Industrial Chiller & Commercial HVAC Fleets,Los Angeles,commercial HVAC & emergency chillers,Corporate Commercial Hvac & Emergency Chillers leads in Los Angeles,"Hey team,

I was reviewing the services for Los Angeles Industrial Chiller & Commercial HVAC Fleets in Los Angeles.

We recently launched The Reliant Network, a closed B2B commercial directory. Right now, we are routing all the incoming corporate quote requests for commercial HVAC & emergency chillers in the Los Angeles metro to a generic national fallback, because we don't have a local partner locked in yet.

We only allow one commercial HVAC & emergency chillers contractor per city. It's a flat $299/mo to lock the Los Angeles territory monopoly, and you keep 100% of the leads with zero per-lead fees.

Do you want to lock the Los Angeles territory before we route these to a competitor? 

Best,
Alex
Lead Architect, Reliant Verified
https://www.reliantverified.com
"
dispatch@chicagochillerfleets.com,Chicago Industrial Chiller & Commercial HVAC Fleets,Chicago,commercial HVAC & emergency chillers,Corporate Commercial Hvac & Emergency Chillers leads in Chicago,"Hey team,

I was reviewing the services for Chicago Industrial Chiller & Commercial HVAC Fleets in Chicago.

We recently launched The Reliant Network, a closed B2B commercial directory. Right now, we are routing all the incoming corporate quote requests for commercial HVAC & emergency chillers in the Chicago metro to a generic national fallback, because we don't have a local partner locked in yet.

We only allow one commercial HVAC & emergency chillers contractor per city. It's a flat $299/mo to lock the Chicago territory monopoly, and you keep 100% of the leads with zero per-lead fees.

Do you want to lock the Chicago territory before we route these to a competitor? 

Best,
Alex
Lead Architect, Reliant Verified
https://www.reliantverified.com
"
dispatch@houstonchillerfleets.com,Houston Industrial Chiller & Commercial HVAC Fleets,Houston,commercial HVAC & emergency chillers,Corporate Commercial Hvac & Emergency Chillers leads in Houston,"Hey team,

I was reviewing the services for Houston Industrial Chiller & Commercial HVAC Fleets in Houston.

We recently launched The Reliant Network, a closed B2B commercial directory. Right now, we are routing all the incoming corporate quote requests for commercial HVAC & emergency chillers in the Houston metro to a generic national fallback, because we don't have a local partner locked in yet.

We only allow one commercial HVAC & emergency chillers contractor per city. It's a flat $299/mo to lock the Houston territory monopoly, and you keep 100% of the leads with zero per-lead fees.

Do you want to lock the Houston territory before we route these to a competitor? 

Best,
Alex
Lead Architect, Reliant Verified
https://www.reliantverified.com
"
dispatch@phoenixchillerfleets.com,Phoenix Industrial Chiller & Commercial HVAC Fleets,Phoenix,commercial HVAC & emergency chillers,Corporate Commercial Hvac & Emergency Chillers leads in Phoenix,"Hey team,

I was reviewing the services for Phoenix Industrial Chiller & Commercial HVAC Fleets in Phoenix.

We recently launched The Reliant Network, a closed B2B commercial directory. Right now, we are routing all the incoming corporate quote requests for commercial HVAC & emergency chillers in the Phoenix metro to a generic national fallback, because we don't have a local partner locked in yet.

We only allow one commercial HVAC & emergency chillers contractor per city. It's a flat $299/mo to lock the Phoenix territory monopoly, and you keep 100% of the leads with zero per-lead fees.

Do you want to lock the Phoenix territory before we route these to a competitor? 

Best,
Alex
Lead Architect, Reliant Verified
https://www.reliantverified.com
"
dispatch@denverchillerfleets.com,Denver Industrial Chiller & Commercial HVAC Fleets,Denver,commercial HVAC & emergency chillers,Corporate Commercial Hvac & Emergency Chillers leads in Denver,"Hey team,

I was reviewing the services for Denver Industrial Chiller & Commercial HVAC Fleets in Denver.

We recently launched The Reliant Network, a closed B2B commercial directory. Right now, we are routing all the incoming corporate quote requests for commercial HVAC & emergency chillers in the Denver metro to a generic national fallback, because we don't have a local partner locked in yet.

We only allow one commercial HVAC & emergency chillers contractor per city. It's a flat $299/mo to lock the Denver territory monopoly, and you keep 100% of the leads with zero per-lead fees.

Do you want to lock the Denver territory before we route these to a competitor? 

Best,
Alex
Lead Architect, Reliant Verified
https://www.reliantverified.com
"
dispatch@seattlechillerfleets.com,Seattle Industrial Chiller & Commercial HVAC Fleets,Seattle,commercial HVAC & emergency chillers,Corporate Commercial Hvac & Emergency Chillers leads in Seattle,"Hey team,

I was reviewing the services for Seattle Industrial Chiller & Commercial HVAC Fleets in Seattle.

We recently launched The Reliant Network, a closed B2B commercial directory. Right now, we are routing all the incoming corporate quote requests for commercial HVAC & emergency chillers in the Seattle metro to a generic national fallback, because we don't have a local partner locked in yet.

We only allow one commercial HVAC & emergency chillers contractor per city. It's a flat $299/mo to lock the Seattle territory monopoly, and you keep 100% of the leads with zero per-lead fees.

Do you want to lock the Seattle territory before we route these to a competitor? 

Best,
Alex
Lead Architect, Reliant Verified
https://www.reliantverified.com
"
dispatch@new-yorkchillerfleets.com,New York Industrial Chiller & Commercial HVAC Fleets,New York,commercial HVAC & emergency chillers,Corporate Commercial Hvac & Emergency Chillers leads in New York,"Hey team,

I was reviewing the services for New York Industrial Chiller & Commercial HVAC Fleets in New York.

We recently launched The Reliant Network, a closed B2B commercial directory. Right now, we are routing all the incoming corporate quote requests for commercial HVAC & emergency chillers in the New York metro to a generic national fallback, because we don't have a local partner locked in yet.

We only allow one commercial HVAC & emergency chillers contractor per city. It's a flat $299/mo to lock the New York territory monopoly, and you keep 100% of the leads with zero per-lead fees.

Do you want to lock the New York territory before we route these to a competitor? 

Best,
Alex
Lead Architect, Reliant Verified
https://www.reliantverified.com
"
dispatch@bostonchillerfleets.com,Boston Industrial Chiller & Commercial HVAC Fleets,Boston,commercial HVAC & emergency chillers,Corporate Commercial Hvac & Emergency Chillers leads in Boston,"Hey team,

I was reviewing the services for Boston Industrial Chiller & Commercial HVAC Fleets in Boston.

We recently launched The Reliant Network, a closed B2B commercial directory. Right now, we are routing all the incoming corporate quote requests for commercial HVAC & emergency chillers in the Boston metro to a generic national fallback, because we don't have a local partner locked in yet.

We only allow one commercial HVAC & emergency chillers contractor per city. It's a flat $299/mo to lock the Boston territory monopoly, and you keep 100% of the leads with zero per-lead fees.

Do you want to lock the Boston territory before we route these to a competitor? 

Best,
Alex
Lead Architect, Reliant Verified
https://www.reliantverified.com
"
dispatch@philadelphiachillerfleets.com,Philadelphia Industrial Chiller & Commercial HVAC Fleets,Philadelphia,commercial HVAC & emergency chillers,Corporate Commercial Hvac & Emergency Chillers leads in Philadelphia,"Hey team,

I was reviewing the services for Philadelphia Industrial Chiller & Commercial HVAC Fleets in Philadelphia.

We recently launched The Reliant Network, a closed B2B commercial directory. Right now, we are routing all the incoming corporate quote requests for commercial HVAC & emergency chillers in the Philadelphia metro to a generic national fallback, because we don't have a local partner locked in yet.

We only allow one commercial HVAC & emergency chillers contractor per city. It's a flat $299/mo to lock the Philadelphia territory monopoly, and you keep 100% of the leads with zero per-lead fees.

Do you want to lock the Philadelphia territory before we route these to a competitor? 

Best,
Alex
Lead Architect, Reliant Verified
https://www.reliantverified.com
"
dispatch@nashvillechillerfleets.com,Nashville Industrial Chiller & Commercial HVAC Fleets,Nashville,commercial HVAC & emergency chillers,Corporate Commercial Hvac & Emergency Chillers leads in Nashville,"Hey team,

I was reviewing the services for Nashville Industrial Chiller & Commercial HVAC Fleets in Nashville.

We recently launched The Reliant Network, a closed B2B commercial directory. Right now, we are routing all the incoming corporate quote requests for commercial HVAC & emergency chillers in the Nashville metro to a generic national fallback, because we don't have a local partner locked in yet.

We only allow one commercial HVAC & emergency chillers contractor per city. It's a flat $299/mo to lock the Nashville territory monopoly, and you keep 100% of the leads with zero per-lead fees.

Do you want to lock the Nashville territory before we route these to a competitor? 

Best,
Alex
Lead Architect, Reliant Verified
https://www.reliantverified.com
"
dispatch@las-vegaschillerfleets.com,Las Vegas Industrial Chiller & Commercial HVAC Fleets,Las Vegas,commercial HVAC & emergency chillers,Corporate Commercial Hvac & Emergency Chillers leads in Las Vegas,"Hey team,

I was reviewing the services for Las Vegas Industrial Chiller & Commercial HVAC Fleets in Las Vegas.

We recently launched The Reliant Network, a closed B2B commercial directory. Right now, we are routing all the incoming corporate quote requests for commercial HVAC & emergency chillers in the Las Vegas metro to a generic national fallback, because we don't have a local partner locked in yet.

We only allow one commercial HVAC & emergency chillers contractor per city. It's a flat $299/mo to lock the Las Vegas territory monopoly, and you keep 100% of the leads with zero per-lead fees.

Do you want to lock the Las Vegas territory before we route these to a competitor? 

Best,
Alex
Lead Architect, Reliant Verified
https://www.reliantverified.com
"
dispatch@detroitchillerfleets.com,Detroit Industrial Chiller & Commercial HVAC Fleets,Detroit,commercial HVAC & emergency chillers,Corporate Commercial Hvac & Emergency Chillers leads in Detroit,"Hey team,

I was reviewing the services for Detroit Industrial Chiller & Commercial HVAC Fleets in Detroit.

We recently launched The Reliant Network, a closed B2B commercial directory. Right now, we are routing all the incoming corporate quote requests for commercial HVAC & emergency chillers in the Detroit metro to a generic national fallback, because we don't have a local partner locked in yet.

We only allow one commercial HVAC & emergency chillers contractor per city. It's a flat $299/mo to lock the Detroit territory monopoly, and you keep 100% of the leads with zero per-lead fees.

Do you want to lock the Detroit territory before we route these to a competitor? 

Best,
Alex
Lead Architect, Reliant Verified
https://www.reliantverified.com
"
dispatch@minneapolischillerfleets.com,Minneapolis Industrial Chiller & Commercial HVAC Fleets,Minneapolis,commercial HVAC & emergency chillers,Corporate Commercial Hvac & Emergency Chillers leads in Minneapolis,"Hey team,

I was reviewing the services for Minneapolis Industrial Chiller & Commercial HVAC Fleets in Minneapolis.

We recently launched The Reliant Network, a closed B2B commercial directory. Right now, we are routing all the incoming corporate quote requests for commercial HVAC & emergency chillers in the Minneapolis metro to a generic national fallback, because we don't have a local partner locked in yet.

We only allow one commercial HVAC & emergency chillers contractor per city. It's a flat $299/mo to lock the Minneapolis territory monopoly, and you keep 100% of the leads with zero per-lead fees.

Do you want to lock the Minneapolis territory before we route these to a competitor? 

Best,
Alex
Lead Architect, Reliant Verified
https://www.reliantverified.com
"
dispatch@charlottechillerfleets.com,Charlotte Industrial Chiller & Commercial HVAC Fleets,Charlotte,commercial HVAC & emergency chillers,Corporate Commercial Hvac & Emergency Chillers leads in Charlotte,"Hey team,

I was reviewing the services for Charlotte Industrial Chiller & Commercial HVAC Fleets in Charlotte.

We recently launched The Reliant Network, a closed B2B commercial directory. Right now, we are routing all the incoming corporate quote requests for commercial HVAC & emergency chillers in the Charlotte metro to a generic national fallback, because we don't have a local partner locked in yet.

We only allow one commercial HVAC & emergency chillers contractor per city. It's a flat $299/mo to lock the Charlotte territory monopoly, and you keep 100% of the leads with zero per-lead fees.

Do you want to lock the Charlotte territory before we route these to a competitor? 

Best,
Alex
Lead Architect, Reliant Verified
https://www.reliantverified.com
"
dispatch@orlandochillerfleets.com,Orlando Industrial Chiller & Commercial HVAC Fleets,Orlando,commercial HVAC & emergency chillers,Corporate Commercial Hvac & Emergency Chillers leads in Orlando,"Hey team,

I was reviewing the services for Orlando Industrial Chiller & Commercial HVAC Fleets in Orlando.

We recently launched The Reliant Network, a closed B2B commercial directory. Right now, we are routing all the incoming corporate quote requests for commercial HVAC & emergency chillers in the Orlando metro to a generic national fallback, because we don't have a local partner locked in yet.

We only allow one commercial HVAC & emergency chillers contractor per city. It's a flat $299/mo to lock the Orlando territory monopoly, and you keep 100% of the leads with zero per-lead fees.

Do you want to lock the Orlando territory before we route these to a competitor? 

Best,
Alex
Lead Architect, Reliant Verified
https://www.reliantverified.com
"
dispatch@tampachillerfleets.com,Tampa Industrial Chiller & Commercial HVAC Fleets,Tampa,commercial HVAC & emergency chillers,Corporate Commercial Hvac & Emergency Chillers leads in Tampa,"Hey team,

I was reviewing the services for Tampa Industrial Chiller & Commercial HVAC Fleets in Tampa.

We recently launched The Reliant Network, a closed B2B commercial directory. Right now, we are routing all the incoming corporate quote requests for commercial HVAC & emergency chillers in the Tampa metro to a generic national fallback, because we don't have a local partner locked in yet.

We only allow one commercial HVAC & emergency chillers contractor per city. It's a flat $299/mo to lock the Tampa territory monopoly, and you keep 100% of the leads with zero per-lead fees.

Do you want to lock the Tampa territory before we route these to a competitor? 

Best,
Alex
Lead Architect, Reliant Verified
https://www.reliantverified.com
"
dispatch@san-antoniochillerfleets.com,San Antonio Industrial Chiller & Commercial HVAC Fleets,San Antonio,commercial HVAC & emergency chillers,Corporate Commercial Hvac & Emergency Chillers leads in San Antonio,"Hey team,

I was reviewing the services for San Antonio Industrial Chiller & Commercial HVAC Fleets in San Antonio.

We recently launched The Reliant Network, a closed B2B commercial directory. Right now, we are routing all the incoming corporate quote requests for commercial HVAC & emergency chillers in the San Antonio metro to a generic national fallback, because we don't have a local partner locked in yet.

We only allow one commercial HVAC & emergency chillers contractor per city. It's a flat $299/mo to lock the San Antonio territory monopoly, and you keep 100% of the leads with zero per-lead fees.

Do you want to lock the San Antonio territory before we route these to a competitor? 

Best,
Alex
Lead Architect, Reliant Verified
https://www.reliantverified.com
"
dispatch@san-diegochillerfleets.com,San Diego Industrial Chiller & Commercial HVAC Fleets,San Diego,commercial HVAC & emergency chillers,Corporate Commercial Hvac & Emergency Chillers leads in San Diego,"Hey team,

I was reviewing the services for San Diego Industrial Chiller & Commercial HVAC Fleets in San Diego.

We recently launched The Reliant Network, a closed B2B commercial directory. Right now, we are routing all the incoming corporate quote requests for commercial HVAC & emergency chillers in the San Diego metro to a generic national fallback, because we don't have a local partner locked in yet.

We only allow one commercial HVAC & emergency chillers contractor per city. It's a flat $299/mo to lock the San Diego territory monopoly, and you keep 100% of the leads with zero per-lead fees.

Do you want to lock the San Diego territory before we route these to a competitor? 

Best,
Alex
Lead Architect, Reliant Verified
https://www.reliantverified.com
"
dispatch@san-josechillerfleets.com,San Jose Industrial Chiller & Commercial HVAC Fleets,San Jose,commercial HVAC & emergency chillers,Corporate Commercial Hvac & Emergency Chillers leads in San Jose,"Hey team,

I was reviewing the services for San Jose Industrial Chiller & Commercial HVAC Fleets in San Jose.

We recently launched The Reliant Network, a closed B2B commercial directory. Right now, we are routing all the incoming corporate quote requests for commercial HVAC & emergency chillers in the San Jose metro to a generic national fallback, because we don't have a local partner locked in yet.

We only allow one commercial HVAC & emergency chillers contractor per city. It's a flat $299/mo to lock the San Jose territory monopoly, and you keep 100% of the leads with zero per-lead fees.

Do you want to lock the San Jose territory before we route these to a competitor? 

Best,
Alex
Lead Architect, Reliant Verified
https://www.reliantverified.com
"
dispatch@san-franciscochillerfleets.com,San Francisco Industrial Chiller & Commercial HVAC Fleets,San Francisco,commercial HVAC & emergency chillers,Corporate Commercial Hvac & Emergency Chillers leads in San Francisco,"Hey team,

I was reviewing the services for San Francisco Industrial Chiller & Commercial HVAC Fleets in San Francisco.

We recently launched The Reliant Network, a closed B2B commercial directory. Right now, we are routing all the incoming corporate quote requests for commercial HVAC & emergency chillers in the San Francisco metro to a generic national fallback, because we don't have a local partner locked in yet.

We only allow one commercial HVAC & emergency chillers contractor per city. It's a flat $299/mo to lock the San Francisco territory monopoly, and you keep 100% of the leads with zero per-lead fees.

Do you want to lock the San Francisco territory before we route these to a competitor? 

Best,
Alex
Lead Architect, Reliant Verified
https://www.reliantverified.com
"
dispatch@columbuschillerfleets.com,Columbus Industrial Chiller & Commercial HVAC Fleets,Columbus,commercial HVAC & emergency chillers,Corporate Commercial Hvac & Emergency Chillers leads in Columbus,"Hey team,

I was reviewing the services for Columbus Industrial Chiller & Commercial HVAC Fleets in Columbus.

We recently launched The Reliant Network, a closed B2B commercial directory. Right now, we are routing all the incoming corporate quote requests for commercial HVAC & emergency chillers in the Columbus metro to a generic national fallback, because we don't have a local partner locked in yet.

We only allow one commercial HVAC & emergency chillers contractor per city. It's a flat $299/mo to lock the Columbus territory monopoly, and you keep 100% of the leads with zero per-lead fees.

Do you want to lock the Columbus territory before we route these to a competitor? 

Best,
Alex
Lead Architect, Reliant Verified
https://www.reliantverified.com
"
dispatch@indianapolischillerfleets.com,Indianapolis Industrial Chiller & Commercial HVAC Fleets,Indianapolis,commercial HVAC & emergency chillers,Corporate Commercial Hvac & Emergency Chillers leads in Indianapolis,"Hey team,

I was reviewing the services for Indianapolis Industrial Chiller & Commercial HVAC Fleets in Indianapolis.

We recently launched The Reliant Network, a closed B2B commercial directory. Right now, we are routing all the incoming corporate quote requests for commercial HVAC & emergency chillers in the Indianapolis metro to a generic national fallback, because we don't have a local partner locked in yet.

We only allow one commercial HVAC & emergency chillers contractor per city. It's a flat $299/mo to lock the Indianapolis territory monopoly, and you keep 100% of the leads with zero per-lead fees.

Do you want to lock the Indianapolis territory before we route these to a competitor? 

Best,
Alex
Lead Architect, Reliant Verified
https://www.reliantverified.com
"
dispatch@kansas-citychillerfleets.com,Kansas City Industrial Chiller & Commercial HVAC Fleets,Kansas City,commercial HVAC & emergency chillers,Corporate Commercial Hvac & Emergency Chillers leads in Kansas City,"Hey team,

I was reviewing the services for Kansas City Industrial Chiller & Commercial HVAC Fleets in Kansas City.

We recently launched The Reliant Network, a closed B2B commercial directory. Right now, we are routing all the incoming corporate quote requests for commercial HVAC & emergency chillers in the Kansas City metro to a generic national fallback, because we don't have a local partner locked in yet.

We only allow one commercial HVAC & emergency chillers contractor per city. It's a flat $299/mo to lock the Kansas City territory monopoly, and you keep 100% of the leads with zero per-lead fees.

Do you want to lock the Kansas City territory before we route these to a competitor? 

Best,
Alex
Lead Architect, Reliant Verified
https://www.reliantverified.com
"
dispatch@st.-louischillerfleets.com,St. Louis Industrial Chiller & Commercial HVAC Fleets,St. Louis,commercial HVAC & emergency chillers,Corporate Commercial Hvac & Emergency Chillers leads in St. Louis,"Hey team,

I was reviewing the services for St. Louis Industrial Chiller & Commercial HVAC Fleets in St. Louis.

We recently launched The Reliant Network, a closed B2B commercial directory. Right now, we are routing all the incoming corporate quote requests for commercial HVAC & emergency chillers in the St. Louis metro to a generic national fallback, because we don't have a local partner locked in yet.

We only allow one commercial HVAC & emergency chillers contractor per city. It's a flat $299/mo to lock the St. Louis territory monopoly, and you keep 100% of the leads with zero per-lead fees.

Do you want to lock the St. Louis territory before we route these to a competitor? 

Best,
Alex
Lead Architect, Reliant Verified
https://www.reliantverified.com
"
dispatch@pittsburghchillerfleets.com,Pittsburgh Industrial Chiller & Commercial HVAC Fleets,Pittsburgh,commercial HVAC & emergency chillers,Corporate Commercial Hvac & Emergency Chillers leads in Pittsburgh,"Hey team,

I was reviewing the services for Pittsburgh Industrial Chiller & Commercial HVAC Fleets in Pittsburgh.

We recently launched The Reliant Network, a closed B2B commercial directory. Right now, we are routing all the incoming corporate quote requests for commercial HVAC & emergency chillers in the Pittsburgh metro to a generic national fallback, because we don't have a local partner locked in yet.

We only allow one commercial HVAC & emergency chillers contractor per city. It's a flat $299/mo to lock the Pittsburgh territory monopoly, and you keep 100% of the leads with zero per-lead fees.

Do you want to lock the Pittsburgh territory before we route these to a competitor? 

Best,
Alex
Lead Architect, Reliant Verified
https://www.reliantverified.com
"
dispatch@baltimorechillerfleets.com,Baltimore Industrial Chiller & Commercial HVAC Fleets,Baltimore,commercial HVAC & emergency chillers,Corporate Commercial Hvac & Emergency Chillers leads in Baltimore,"Hey team,

I was reviewing the services for Baltimore Industrial Chiller & Commercial HVAC Fleets in Baltimore.

We recently launched The Reliant Network, a closed B2B commercial directory. Right now, we are routing all the incoming corporate quote requests for commercial HVAC & emergency chillers in the Baltimore metro to a generic national fallback, because we don't have a local partner locked in yet.

We only allow one commercial HVAC & emergency chillers contractor per city. It's a flat $299/mo to lock the Baltimore territory monopoly, and you keep 100% of the leads with zero per-lead fees.

Do you want to lock the Baltimore territory before we route these to a competitor? 

Best,
Alex
Lead Architect, Reliant Verified
https://www.reliantverified.com
"
dispatch@salt-lake-citychillerfleets.com,Salt Lake City Industrial Chiller & Commercial HVAC Fleets,Salt Lake City,commercial HVAC & emergency chillers,Corporate Commercial Hvac & Emergency Chillers leads in Salt Lake City,"Hey team,

I was reviewing the services for Salt Lake City Industrial Chiller & Commercial HVAC Fleets in Salt Lake City.

We recently launched The Reliant Network, a closed B2B commercial directory. Right now, we are routing all the incoming corporate quote requests for commercial HVAC & emergency chillers in the Salt Lake City metro to a generic national fallback, because we don't have a local partner locked in yet.

We only allow one commercial HVAC & emergency chillers contractor per city. It's a flat $299/mo to lock the Salt Lake City territory monopoly, and you keep 100% of the leads with zero per-lead fees.

Do you want to lock the Salt Lake City territory before we route these to a competitor? 

Best,
Alex
Lead Architect, Reliant Verified
https://www.reliantverified.com
"
dispatch@portlandchillerfleets.com,Portland Industrial Chiller & Commercial HVAC Fleets,Portland,commercial HVAC & emergency chillers,Corporate Commercial Hvac & Emergency Chillers leads in Portland,"Hey team,

I was reviewing the services for Portland Industrial Chiller & Commercial HVAC Fleets in Portland.

We recently launched The Reliant Network, a closed B2B commercial directory. Right now, we are routing all the incoming corporate quote requests for commercial HVAC & emergency chillers in the Portland metro to a generic national fallback, because we don't have a local partner locked in yet.

We only allow one commercial HVAC & emergency chillers contractor per city. It's a flat $299/mo to lock the Portland territory monopoly, and you keep 100% of the leads with zero per-lead fees.

Do you want to lock the Portland territory before we route these to a competitor? 

Best,
Alex
Lead Architect, Reliant Verified
https://www.reliantverified.com
"
dispatch@clevelandchillerfleets.com,Cleveland Industrial Chiller & Commercial HVAC Fleets,Cleveland,commercial HVAC & emergency chillers,Corporate Commercial Hvac & Emergency Chillers leads in Cleveland,"Hey team,

I was reviewing the services for Cleveland Industrial Chiller & Commercial HVAC Fleets in Cleveland.

We recently launched The Reliant Network, a closed B2B commercial directory. Right now, we are routing all the incoming corporate quote requests for commercial HVAC & emergency chillers in the Cleveland metro to a generic national fallback, because we don't have a local partner locked in yet.

We only allow one commercial HVAC & emergency chillers contractor per city. It's a flat $299/mo to lock the Cleveland territory monopoly, and you keep 100% of the leads with zero per-lead fees.

Do you want to lock the Cleveland territory before we route these to a competitor? 

Best,
Alex
Lead Architect, Reliant Verified
https://www.reliantverified.com
"
dispatch@new-orleanschillerfleets.com,New Orleans Industrial Chiller & Commercial HVAC Fleets,New Orleans,commercial HVAC & emergency chillers,Corporate Commercial Hvac & Emergency Chillers leads in New Orleans,"Hey team,

I was reviewing the services for New Orleans Industrial Chiller & Commercial HVAC Fleets in New Orleans.

We recently launched The Reliant Network, a closed B2B commercial directory. Right now, we are routing all the incoming corporate quote requests for commercial HVAC & emergency chillers in the New Orleans metro to a generic national fallback, because we don't have a local partner locked in yet.

We only allow one commercial HVAC & emergency chillers contractor per city. It's a flat $299/mo to lock the New Orleans territory monopoly, and you keep 100% of the leads with zero per-lead fees.

Do you want to lock the New Orleans territory before we route these to a competitor? 

Best,
Alex
Lead Architect, Reliant Verified
https://www.reliantverified.com
"
